time,pressure,joint0,joint1,joint2,joint3,joint4,joint5,joint6,motor_temp0,motor_temp1,motor_temp2,motor_temp3,motor_temp4,motor_temp5,motor_temp6,sensor_id,p0,p1,p2,p3,p4,p5,p6,p7,p8,p9,p10,p11
1776185420.340577,8.3696,-0.0210006717322751,0.0,0.0,-0.03144118456535969,0.0,-0.0314410944034823,0.0,45.0,45.0,42.0,44.0,41.0,45.0,42.0,0,7.608,0,8.0152,0,0,0,0,0,0,7.9704,0,8.0208
1776185420.340748,8.3696,-0.0210006717322751,0.0,0.0,-0.03144118456535969,0.0,-0.0314410944034823,0.0,45.0,45.0,42.0,44.0,41.0,45.0,42.0,1,0,0,0,7.788,0,0,7.6208,0,7.7752,0,0,0
1776185420.3408139,8.3696,-0.0210006717322751,0.0,0.0,-0.03144118456535969,0.0,-0.0314410944034823,0.0,45.0,45.0,42.0,44.0,41.0,45.0,42.0,2,7.6904,0,7.7712,0,0,0,0,0,0,7.6576,0,7.6008
1776185420.3408751,8.3696,-0.0210006717322751,0.0,0.0,-0.03144118456535969,0.0,-0.0314410944034823,0.0,45.0,45.0,42.0,44.0,41.0,45.0,42.0,3,0,0,0,7.4872,0,0,7.2024,0,7.8992,0,0,0
1776185420.3409636,8.3696,-0.0210006717322751,0.0,0.0,-0.03144118456535969,0.0,-0.0314410944034823,0.0,45.0,45.0,42.0,44.0,41.0,45.0,42.0,4,8.3696,0,7.4976,0,0,0,0,0,0,7.496,0,7.4896
1776185420.3410335,8.3696,-0.0210006717322751,0.0,0.0,-0.03144118456535969,0.0,-0.0314410944034823,0.0,45.0,45.0,42.0,44.0,41.0,45.0,42.0,5,0,0,0,7.48,0,0,7.2872,0,7.7464,0,0,0
1776185420.3410883,8.3696,-0.0210006717322751,0.0,0.0,-0.03144118456535969,0.0,-0.0314410944034823,0.0,45.0,45.0,42.0,44.0,41.0,45.0,42.0,6,7.9496,0,7.5472,0,0,0,0,0,0,8.3424,0,7.4656
1776185420.3411467,8.3696,-0.0210006717322751,0.0,0.0,-0.03144118456535969,0.0,-0.0314410944034823,0.0,45.0,45.0,42.0,44.0,41.0,45.0,42.0,7,7.4744,0,7.6512,0,0,0,0,0,0,7.4688,0,7.4784
1776185420.3412025,8.3696,-0.0210006717322751,0.0,0.0,-0.03144118456535969,0.0,-0.0314410944034823,0.0,45.0,45.0,42.0,44.0,41.0,45.0,42.0,8,7.4624,0,7.4656,0,0,0,0,0,0,7.4704,0,7.6368
1776185420.3919988,8.3696,-0.0415806582976296,0.0,0.0,-0.06221236087405249,0.0,-0.062212272515412656,0.0,45.0,45.0,42.0,44.0,41.0,45.0,42.0,0,7.608,0,8.0152,0,0,0,0,0,0,7.9704,0,8.0208
1776185420.3920622,8.3696,-0.0415806582976296,0.0,0.0,-0.06221236087405249,0.0,-0.062212272515412656,0.0,45.0,45.0,42.0,44.0,41.0,45.0,42.0,1,0,0,0,7.788,0,0,7.6208,0,7.7752,0,0,0
1776185420.3920891,8.3696,-0.0415806582976296,0.0,0.0,-0.06221236087405249,0.0,-0.062212272515412656,0.0,45.0,45.0,42.0,44.0,41.0,45.0,42.0,2,7.6904,0,7.7712,0,0,0,0,0,0,7.6576,0,7.6008
1776185420.3921163,8.3696,-0.0415806582976296,0.0,0.0,-0.06221236087405249,0.0,-0.062212272515412656,0.0,45.0,45.0,42.0,44.0,41.0,45.0,42.0,3,0,0,0,7.4872,0,0,7.2024,0,7.8992,0,0,0
1776185420.3921437,8.3696,-0.0415806582976296,0.0,0.0,-0.06221236087405249,0.0,-0.062212272515412656,0.0,45.0,45.0,42.0,44.0,41.0,45.0,42.0,4,8.3696,0,7.4976,0,0,0,0,0,0,7.496,0,7.4896
1776185420.3921764,8.3696,-0.0415806582976296,0.0,0.0,-0.06221236087405249,0.0,-0.062212272515412656,0.0,45.0,45.0,42.0,44.0,41.0,45.0,42.0,5,0,0,0,7.48,0,0,7.2872,0,7.7464,0,0,0
1776185420.3921928,8.3696,-0.0415806582976296,0.0,0.0,-0.06221236087405249,0.0,-0.062212272515412656,0.0,45.0,45.0,42.0,44.0,41.0,45.0,42.0,6,7.9496,0,7.5472,0,0,0,0,0,0,8.3424,0,7.4656
1776185420.3922236,8.3696,-0.0415806582976296,0.0,0.0,-0.06221236087405249,0.0,-0.062212272515412656,0.0,45.0,45.0,42.0,44.0,41.0,45.0,42.0,7,7.4744,0,7.6512,0,0,0,0,0,0,7.4688,0,7.4784
1776185420.3922534,8.3696,-0.0415806582976296,0.0,0.0,-0.06221236087405249,0.0,-0.062212272515412656,0.0,45.0,45.0,42.0,44.0,41.0,45.0,42.0,8,7.4624,0,7.4656,0,0,0,0,0,0,7.4704,0,7.6368
1776185420.4429832,8.3696,-0.061749045131677005,0.0,0.0,-0.09236811365657144,0.0,-0.09236802706510441,0.0,45.0,45.0,42.0,44.0,41.0,45.0,42.0,0,7.608,0,8.0152,0,0,0,0,0,0,7.9704,0,8.0208
1776185420.4430254,8.3696,-0.061749045131677005,0.0,0.0,-0.09236811365657144,0.0,-0.09236802706510441,0.0,45.0,45.0,42.0,44.0,41.0,45.0,42.0,1,0,0,0,7.788,0,0,7.6208,0,7.7752,0,0,0
1776185420.4430523,8.3696,-0.061749045131677005,0.0,0.0,-0.09236811365657144,0.0,-0.09236802706510441,0.0,45.0,45.0,42.0,44.0,41.0,45.0,42.0,2,7.6904,0,7.7712,0,0,0,0,0,0,7.6576,0,7.6008
1776185420.443078,8.3696,-0.061749045131677005,0.0,0.0,-0.09236811365657144,0.0,-0.09236802706510441,0.0,45.0,45.0,42.0,44.0,41.0,45.0,42.0,3,0,0,0,7.4872,0,0,7.2024,0,7.8992,0,0,0
1776185420.443103,8.3696,-0.061749045131677005,0.0,0.0,-0.09236811365657144,0.0,-0.09236802706510441,0.0,45.0,45.0,42.0,44.0,41.0,45.0,42.0,4,8.3696,0,7.4976,0,0,0,0,0,0,7.496,0,7.4896
1776185420.443128,8.3696,-0.061749045131677005,0.0,0.0,-0.09236811365657144,0.0,-0.09236802706510441,0.0,45.0,45.0,42.0,44.0,41.0,45.0,42.0,5,0,0,0,7.48,0,0,7.2872,0,7.7464,0,0,0
1776185420.4431527,8.3696,-0.061749045131677005,0.0,0.0,-0.09236811365657144,0.0,-0.09236802706510441,0.0,45.0,45.0,42.0,44.0,41.0,45.0,42.0,6,7.9496,0,7.5472,0,0,0,0,0,0,8.3424,0,7.4656
1776185420.443178,8.3696,-0.061749045131677005,0.0,0.0,-0.09236811365657144,0.0,-0.09236802706510441,0.0,45.0,45.0,42.0,44.0,41.0,45.0,42.0,7,7.4744,0,7.6512,0,0,0,0,0,0,7.4688,0,7.4784
1776185420.443203,8.3696,-0.061749045131677005,0.0,0.0,-0.09236811365657144,0.0,-0.09236802706510441,0.0,45.0,45.0,42.0,44.0,41.0,45.0,42.0,8,7.4624,0,7.4656,0,0,0,0,0,0,7.4704,0,7.6368
1776185420.4937844,8.3704,-0.08151406422904346,0.0,0.0,-0.12192075138344001,0.0,-0.12192066652380233,0.0,45.0,45.0,42.0,44.0,41.0,45.0,42.0,0,7.608,0,8.0152,0,0,0,0,0,0,7.9704,0,8.0208
1776185420.4938164,8.3704,-0.08151406422904346,0.0,0.0,-0.12192075138344001,0.0,-0.12192066652380233,0.0,45.0,45.0,42.0,44.0,41.0,45.0,42.0,1,0,0,0,7.788,0,0,7.6208,0,7.7752,0,0,0
1776185420.493833,8.3704,-0.08151406422904346,0.0,0.0,-0.12192075138344001,0.0,-0.12192066652380233,0.0,45.0,45.0,42.0,44.0,41.0,45.0,42.0,2,7.6904,0,7.7704,0,0,0,0,0,0,7.6568,0,7.6016
1776185420.493848,8.3704,-0.08151406422904346,0.0,0.0,-0.12192075138344001,0.0,-0.12192066652380233,0.0,45.0,45.0,42.0,44.0,41.0,45.0,42.0,3,0,0,0,7.488,0,0,7.2032,0,7.9,0,0,0
1776185420.4938626,8.3704,-0.08151406422904346,0.0,0.0,-0.12192075138344001,0.0,-0.12192066652380233,0.0,45.0,45.0,42.0,44.0,41.0,45.0,42.0,4,8.3704,0,7.4976,0,0,0,0,0,0,7.4944,0,7.4888
1776185420.4938776,8.3704,-0.08151406422904346,0.0,0.0,-0.12192075138344001,0.0,-0.12192066652380233,0.0,45.0,45.0,42.0,44.0,41.0,45.0,42.0,5,0,0,0,7.4808,0,0,7.288,0,7.748,0,0,0
1776185420.4938922,8.3704,-0.08151406422904346,0.0,0.0,-0.12192075138344001,0.0,-0.12192066652380233,0.0,45.0,45.0,42.0,44.0,41.0,45.0,42.0,6,7.9488,0,7.5488,0,0,0,0,0,0,8.3424,0,7.4648
1776185420.4939067,8.3704,-0.08151406422904346,0.0,0.0,-0.12192075138344001,0.0,-0.12192066652380233,0.0,45.0,45.0,42.0,44.0,41.0,45.0,42.0,7,7.4744,0,7.6512,0,0,0,0,0,0,7.4696,0,7.4776
1776185420.4939272,8.3704,-0.08151406422904346,0.0,0.0,-0.12192075138344001,0.0,-0.12192066652380233,0.0,45.0,45.0,42.0,44.0,41.0,45.0,42.0,8,7.464,0,7.464,0,0,0,0,0,0,7.4712,0,7.6376
1776185420.5453172,8.3704,-0.1008837829444626,0.0,0.0,-0.15088233635577122,0.0,-0.1508822531933263,0.0,45.0,45.0,42.0,44.0,41.0,45.0,42.0,0,7.608,0,8.0152,0,0,0,0,0,0,7.9704,0,8.0208
1776185420.5453973,8.3704,-0.1008837829444626,0.0,0.0,-0.15088233635577122,0.0,-0.1508822531933263,0.0,45.0,45.0,42.0,44.0,41.0,45.0,42.0,1,0,0,0,7.788,0,0,7.6208,0,7.7752,0,0,0
1776185420.5454495,8.3704,-0.1008837829444626,0.0,0.0,-0.15088233635577122,0.0,-0.1508822531933263,0.0,45.0,45.0,42.0,44.0,41.0,45.0,42.0,2,7.6904,0,7.7704,0,0,0,0,0,0,7.6568,0,7.6016
1776185420.5454996,8.3704,-0.1008837829444626,0.0,0.0,-0.15088233635577122,0.0,-0.1508822531933263,0.0,45.0,45.0,42.0,44.0,41.0,45.0,42.0,3,0,0,0,7.488,0,0,7.2032,0,7.9,0,0,0
1776185420.5455465,8.3704,-0.1008837829444626,0.0,0.0,-0.15088233635577122,0.0,-0.1508822531933263,0.0,45.0,45.0,42.0,44.0,41.0,45.0,42.0,4,8.3704,0,7.4976,0,0,0,0,0,0,7.4944,0,7.4888
1776185420.5455947,8.3704,-0.1008837829444626,0.0,0.0,-0.15088233635577122,0.0,-0.1508822531933263,0.0,45.0,45.0,42.0,44.0,41.0,45.0,42.0,5,0,0,0,7.4808,0,0,7.288,0,7.748,0,0,0
1776185420.545641,8.3704,-0.1008837829444626,0.0,0.0,-0.15088233635577122,0.0,-0.1508822531933263,0.0,45.0,45.0,42.0,44.0,41.0,45.0,42.0,6,7.9488,0,7.5488,0,0,0,0,0,0,8.3424,0,7.4648
1776185420.5456889,8.3704,-0.1008837829444626,0.0,0.0,-0.15088233635577122,0.0,-0.1508822531933263,0.0,45.0,45.0,42.0,44.0,41.0,45.0,42.0,7,7.4744,0,7.6512,0,0,0,0,0,0,7.4696,0,7.4776
1776185420.5459127,8.3704,-0.1008837829444626,0.0,0.0,-0.15088233635577122,0.0,-0.1508822531933263,0.0,45.0,45.0,42.0,44.0,41.0,45.0,42.0,8,7.464,0,7.464,0,0,0,0,0,0,7.4712,0,7.6376
1776185420.5965686,8.3704,-0.11986610728557334,0.0,0.0,-0.1792646896286558,0.0,-0.17926460812945977,0.0,45.0,45.0,42.0,44.0,41.0,45.0,42.0,0,7.6088,0,8.016,0,0,0,0,0,0,7.9704,0,8.0216
1776185420.5966039,8.3704,-0.11986610728557334,0.0,0.0,-0.1792646896286558,0.0,-0.17926460812945977,0.0,45.0,45.0,42.0,44.0,41.0,45.0,42.0,1,0,0,0,7.7864,0,0,7.6216,0,7.7752,0,0,0
1776185420.59663,8.3704,-0.11986610728557334,0.0,0.0,-0.1792646896286558,0.0,-0.17926460812945977,0.0,45.0,45.0,42.0,44.0,41.0,45.0,42.0,2,7.6904,0,7.7712,0,0,0,0,0,0,7.6584,0,7.6016
1776185420.5966558,8.3704,-0.11986610728557334,0.0,0.0,-0.1792646896286558,0.0,-0.17926460812945977,0.0,45.0,45.0,42.0,44.0,41.0,45.0,42.0,3,0,0,0,7.488,0,0,7.2024,0,7.8976,0,0,0
1776185420.5966806,8.3704,-0.11986610728557334,0.0,0.0,-0.1792646896286558,0.0,-0.17926460812945977,0.0,45.0,45.0,42.0,44.0,41.0,45.0,42.0,4,8.3704,0,7.4984,0,0,0,0,0,0,7.4952,0,7.4896
1776185420.5967119,8.3704,-0.11986610728557334,0.0,0.0,-0.1792646896286558,0.0,-0.17926460812945977,0.0,45.0,45.0,42.0,44.0,41.0,45.0,42.0,5,0,0,0,7.48,0,0,7.2896,0,7.7472,0,0,0
1776185420.5967271,8.3704,-0.11986610728557334,0.0,0.0,-0.1792646896286558,0.0,-0.17926460812945977,0.0,45.0,45.0,42.0,44.0,41.0,45.0,42.0,6,7.9488,0,7.548,0,0,0,0,0,0,8.3416,0,7.4656
1776185420.596742,8.3704,-0.11986610728557334,0.0,0.0,-0.1792646896286558,0.0,-0.17926460812945977,0.0,45.0,45.0,42.0,44.0,41.0,45.0,42.0,7,7.4744,0,7.652,0,0,0,0,0,0,7.4688,0,7.4784
1776185420.5967565,8.3704,-0.11986610728557334,0.0,0.0,-0.1792646896286558,0.0,-0.17926460812945977,0.0,45.0,45.0,42.0,44.0,41.0,45.0,42.0,8,7.4632,0,7.4648,0,0,0,0,0,0,7.4728,0,7.6368
1776185420.6473787,8.3704,-0.13846878513986188,0.0,0.0,-0.20707939583608267,0.0,-0.20707931596687057,0.0,45.0,45.0,42.0,44.0,41.0,45.0,42.0,0,7.6088,0,8.016,0,0,0,0,0,0,7.9704,0,8.0216
1776185420.6474192,8.3704,-0.13846878513986188,0.0,0.0,-0.20707939583608267,0.0,-0.20707931596687057,0.0,45.0,45.0,42.0,44.0,41.0,45.0,42.0,1,0,0,0,7.7864,0,0,7.6216,0,7.7752,0,0,0
1776185420.6474469,8.3704,-0.13846878513986188,0.0,0.0,-0.20707939583608267,0.0,-0.20707931596687057,0.0,45.0,45.0,42.0,44.0,41.0,45.0,42.0,2,7.6904,0,7.7712,0,0,0,0,0,0,7.6584,0,7.6016
1776185420.6474638,8.3704,-0.13846878513986188,0.0,0.0,-0.20707939583608267,0.0,-0.20707931596687057,0.0,45.0,45.0,42.0,44.0,41.0,45.0,42.0,3,0,0,0,7.488,0,0,7.2024,0,7.8976,0,0,0
1776185420.647479,8.3704,-0.13846878513986188,0.0,0.0,-0.20707939583608267,0.0,-0.20707931596687057,0.0,45.0,45.0,42.0,44.0,41.0,45.0,42.0,4,8.3704,0,7.4984,0,0,0,0,0,0,7.4952,0,7.4896
1776185420.6474943,8.3704,-0.13846878513986188,0.0,0.0,-0.20707939583608267,0.0,-0.20707931596687057,0.0,45.0,45.0,42.0,44.0,41.0,45.0,42.0,5,0,0,0,7.48,0,0,7.2896,0,7.7472,0,0,0
1776185420.647509,8.3704,-0.13846878513986188,0.0,0.0,-0.20707939583608267,0.0,-0.20707931596687057,0.0,45.0,45.0,42.0,44.0,41.0,45.0,42.0,6,7.9488,0,7.548,0,0,0,0,0,0,8.3416,0,7.4656
1776185420.6475239,8.3704,-0.13846878513986188,0.0,0.0,-0.20707939583608267,0.0,-0.20707931596687057,0.0,45.0,45.0,42.0,44.0,41.0,45.0,42.0,7,7.4744,0,7.652,0,0,0,0,0,0,7.4688,0,7.4784
1776185420.6475394,8.3704,-0.13846878513986188,0.0,0.0,-0.20707939583608267,0.0,-0.20707931596687057,0.0,45.0,45.0,42.0,44.0,41.0,45.0,42.0,8,7.4632,0,7.4648,0,0,0,0,0,0,7.4728,0,7.6368
1776185420.6982973,8.3712,-0.15669940943706465,0.0,0.0,-0.234337807919361,0.0,-0.23433772964753316,0.0,45.0,45.0,42.0,44.0,41.0,45.0,42.0,0,7.608,0,8.0152,0,0,0,0,0,0,7.9712,0,8.0208
1776185420.698358,8.3712,-0.15669940943706465,0.0,0.0,-0.234337807919361,0.0,-0.23433772964753316,0.0,45.0,45.0,42.0,44.0,41.0,45.0,42.0,1,0,0,0,7.7872,0,0,7.62,0,7.776,0,0,0
1776185420.698392,8.3712,-0.15669940943706465,0.0,0.0,-0.234337807919361,0.0,-0.23433772964753316,0.0,45.0,45.0,42.0,44.0,41.0,45.0,42.0,2,7.6896,0,7.7704,0,0,0,0,0,0,7.6576,0,7.6016
1776185420.6984246,8.3712,-0.15669940943706465,0.0,0.0,-0.234337807919361,0.0,-0.23433772964753316,0.0,45.0,45.0,42.0,44.0,41.0,45.0,42.0,3,0,0,0,7.4872,0,0,7.2024,0,7.8992,0,0,0
1776185420.6984549,8.3712,-0.15669940943706465,0.0,0.0,-0.234337807919361,0.0,-0.23433772964753316,0.0,45.0,45.0,42.0,44.0,41.0,45.0,42.0,4,8.3712,0,7.4984,0,0,0,0,0,0,7.4952,0,7.4888
1776185420.6984859,8.3712,-0.15669940943706465,0.0,0.0,-0.234337807919361,0.0,-0.23433772964753316,0.0,45.0,45.0,42.0,44.0,41.0,45.0,42.0,5,0,0,0,7.48,0,0,7.2864,0,7.7456,0,0,0
1776185420.6985152,8.3712,-0.15669940943706465,0.0,0.0,-0.234337807919361,0.0,-0.23433772964753316,0.0,45.0,45.0,42.0,44.0,41.0,45.0,42.0,6,7.9488,0,7.5488,0,0,0,0,0,0,8.3432,0,7.4656
1776185420.6985457,8.3712,-0.15669940943706465,0.0,0.0,-0.234337807919361,0.0,-0.23433772964753316,0.0,45.0,45.0,42.0,44.0,41.0,45.0,42.0,7,7.4752,0,7.6512,0,0,0,0,0,0,7.4704,0,7.4792
1776185420.6985776,8.3712,-0.15669940943706465,0.0,0.0,-0.234337807919361,0.0,-0.23433772964753316,0.0,45.0,45.0,42.0,44.0,41.0,45.0,42.0,8,7.4632,0,7.4648,0,0,0,0,0,0,7.4712,0,7.6368
1776185420.7496898,8.3712,-0.17456542124832336,0.0,0.0,-0.2610510517609738,0.0,-0.2610509750545825,0.0,45.0,45.0,42.0,44.0,41.0,45.0,42.0,0,7.608,0,8.0152,0,0,0,0,0,0,7.9712,0,8.0208
1776185420.7497597,8.3712,-0.17456542124832336,0.0,0.0,-0.2610510517609738,0.0,-0.2610509750545825,0.0,45.0,45.0,42.0,44.0,41.0,45.0,42.0,1,0,0,0,7.7872,0,0,7.62,0,7.776,0,0,0
1776185420.749806,8.3712,-0.17456542124832336,0.0,0.0,-0.2610510517609738,0.0,-0.2610509750545825,0.0,45.0,45.0,42.0,44.0,41.0,45.0,42.0,2,7.6896,0,7.7704,0,0,0,0,0,0,7.6576,0,7.6016
1776185420.7498493,8.3712,-0.17456542124832336,0.0,0.0,-0.2610510517609738,0.0,-0.2610509750545825,0.0,45.0,45.0,42.0,44.0,41.0,45.0,42.0,3,0,0,0,7.4872,0,0,7.2024,0,7.8992,0,0,0
1776185420.7498913,8.3712,-0.17456542124832336,0.0,0.0,-0.2610510517609738,0.0,-0.2610509750545825,0.0,45.0,45.0,42.0,44.0,41.0,45.0,42.0,4,8.3712,0,7.4984,0,0,0,0,0,0,7.4952,0,7.4888
1776185420.7499347,8.3712,-0.17456542124832336,0.0,0.0,-0.2610510517609738,0.0,-0.2610509750545825,0.0,45.0,45.0,42.0,44.0,41.0,45.0,42.0,5,0,0,0,7.48,0,0,7.2864,0,7.7456,0,0,0
1776185420.7499764,8.3712,-0.17456542124832336,0.0,0.0,-0.2610510517609738,0.0,-0.2610509750545825,0.0,45.0,45.0,42.0,44.0,41.0,45.0,42.0,6,7.9488,0,7.5488,0,0,0,0,0,0,8.3432,0,7.4656
1776185420.7500181,8.3712,-0.17456542124832336,0.0,0.0,-0.2610510517609738,0.0,-0.2610509750545825,0.0,45.0,45.0,42.0,44.0,41.0,45.0,42.0,7,7.4752,0,7.6512,0,0,0,0,0,0,7.4704,0,7.4792
1776185420.7500598,8.3712,-0.17456542124832336,0.0,0.0,-0.2610510517609738,0.0,-0.2610509750545825,0.0,45.0,45.0,42.0,44.0,41.0,45.0,42.0,8,7.4632,0,7.4648,0,0,0,0,0,0,7.4712,0,7.6368
1776185420.8012116,8.3712,-0.1920741128233569,0.0,0.0,-0.28723003072575437,0.0,-0.28722995555349085,0.0,45.0,45.0,42.0,44.0,41.0,45.0,42.0,0,7.608,0,8.0152,0,0,0,0,0,0,7.9712,0,8.0208
1776185420.801282,8.3712,-0.1920741128233569,0.0,0.0,-0.28723003072575437,0.0,-0.28722995555349085,0.0,45.0,45.0,42.0,44.0,41.0,45.0,42.0,1,0,0,0,7.7872,0,0,7.62,0,7.776,0,0,0
1776185420.8013277,8.3712,-0.1920741128233569,0.0,0.0,-0.28723003072575437,0.0,-0.28722995555349085,0.0,45.0,45.0,42.0,44.0,41.0,45.0,42.0,2,7.6896,0,7.7704,0,0,0,0,0,0,7.6576,0,7.6016
1776185420.8013718,8.3712,-0.1920741128233569,0.0,0.0,-0.28723003072575437,0.0,-0.28722995555349085,0.0,45.0,45.0,42.0,44.0,41.0,45.0,42.0,3,0,0,0,7.4872,0,0,7.2024,0,7.8992,0,0,0
1776185420.8014135,8.3712,-0.1920741128233569,0.0,0.0,-0.28723003072575437,0.0,-0.28722995555349085,0.0,45.0,45.0,42.0,44.0,41.0,45.0,42.0,4,8.3712,0,7.4984,0,0,0,0,0,0,7.4952,0,7.4888
1776185420.8014555,8.3712,-0.1920741128233569,0.0,0.0,-0.28723003072575437,0.0,-0.28722995555349085,0.0,45.0,45.0,42.0,44.0,41.0,45.0,42.0,5,0,0,0,7.48,0,0,7.2864,0,7.7456,0,0,0
1776185420.801496,8.3712,-0.1920741128233569,0.0,0.0,-0.28723003072575437,0.0,-0.28722995555349085,0.0,45.0,45.0,42.0,44.0,41.0,45.0,42.0,6,7.9488,0,7.5488,0,0,0,0,0,0,8.3432,0,7.4656
1776185420.8016498,8.3712,-0.1920741128233569,0.0,0.0,-0.28723003072575437,0.0,-0.28722995555349085,0.0,45.0,45.0,42.0,44.0,41.0,45.0,42.0,7,7.4752,0,7.6512,0,0,0,0,0,0,7.4704,0,7.4792
1776185420.8017085,8.3712,-0.1920741128233569,0.0,0.0,-0.28723003072575437,0.0,-0.28722995555349085,0.0,45.0,45.0,42.0,44.0,41.0,45.0,42.0,8,7.4632,0,7.4648,0,0,0,0,0,0,7.4712,0,7.6368
1776185420.8532336,8.3704,-0.20923263056688976,0.0,0.0,-0.31288543011123926,0.0,-0.31288535644242105,0.0,45.0,45.0,42.0,44.0,41.0,45.0,42.0,0,7.608,0,8.0152,0,0,0,0,0,0,7.9704,0,8.0216
1776185420.8533258,8.3704,-0.20923263056688976,0.0,0.0,-0.31288543011123926,0.0,-0.31288535644242105,0.0,45.0,45.0,42.0,44.0,41.0,45.0,42.0,1,0,0,0,7.7872,0,0,7.6208,0,7.7752,0,0,0
1776185420.8533719,8.3704,-0.20923263056688976,0.0,0.0,-0.31288543011123926,0.0,-0.31288535644242105,0.0,45.0,45.0,42.0,44.0,41.0,45.0,42.0,2,7.6912,0,7.7704,0,0,0,0,0,0,7.6576,0,7.6008
1776185420.8534195,8.3704,-0.20923263056688976,0.0,0.0,-0.31288543011123926,0.0,-0.31288535644242105,0.0,45.0,45.0,42.0,44.0,41.0,45.0,42.0,3,0,0,0,7.4872,0,0,7.2024,0,7.8984,0,0,0
1776185420.8534617,8.3704,-0.20923263056688976,0.0,0.0,-0.31288543011123926,0.0,-0.31288535644242105,0.0,45.0,45.0,42.0,44.0,41.0,45.0,42.0,4,8.3704,0,7.4968,0,0,0,0,0,0,7.4944,0,7.4896
1776185420.8535058,8.3704,-0.20923263056688976,0.0,0.0,-0.31288543011123926,0.0,-0.31288535644242105,0.0,45.0,45.0,42.0,44.0,41.0,45.0,42.0,5,0,0,0,7.4808,0,0,7.2872,0,7.7472,0,0,0
1776185420.853547,8.3704,-0.20923263056688976,0.0,0.0,-0.31288543011123926,0.0,-0.31288535644242105,0.0,45.0,45.0,42.0,44.0,41.0,45.0,42.0,6,7.9496,0,7.5496,0,0,0,0,0,0,8.3432,0,7.4664
1776185420.8535895,8.3704,-0.20923263056688976,0.0,0.0,-0.31288543011123926,0.0,-0.31288535644242105,0.0,45.0,45.0,42.0,44.0,41.0,45.0,42.0,7,7.4752,0,7.652,0,0,0,0,0,0,7.4696,0,7.4792
1776185420.8536325,8.3704,-0.20923263056688976,0.0,0.0,-0.31288543011123926,0.0,-0.31288535644242105,0.0,45.0,45.0,42.0,44.0,41.0,45.0,42.0,8,7.4632,0,7.4632,0,0,0,0,0,0,7.4704,0,7.6368
1776185420.9050248,8.3704,-0.22604797795555195,0.0,0.0,-0.3380277215090145,0.0,-0.33802764931357265,0.0,45.0,45.0,42.0,44.0,41.0,45.0,42.0,0,7.608,0,8.0152,0,0,0,0,0,0,7.9704,0,8.0216
1776185420.905112,8.3704,-0.22604797795555195,0.0,0.0,-0.3380277215090145,0.0,-0.33802764931357265,0.0,45.0,45.0,42.0,44.0,41.0,45.0,42.0,1,0,0,0,7.7872,0,0,7.6208,0,7.7752,0,0,0
1776185420.9051893,8.3704,-0.22604797795555195,0.0,0.0,-0.3380277215090145,0.0,-0.33802764931357265,0.0,45.0,45.0,42.0,44.0,41.0,45.0,42.0,2,7.6912,0,7.7704,0,0,0,0,0,0,7.6576,0,7.6008
1776185420.905251,8.3704,-0.22604797795555195,0.0,0.0,-0.3380277215090145,0.0,-0.33802764931357265,0.0,45.0,45.0,42.0,44.0,41.0,45.0,42.0,3,0,0,0,7.4872,0,0,7.2024,0,7.8984,0,0,0
1776185420.9052925,8.3704,-0.22604797795555195,0.0,0.0,-0.3380277215090145,0.0,-0.33802764931357265,0.0,45.0,45.0,42.0,44.0,41.0,45.0,42.0,4,8.3704,0,7.4968,0,0,0,0,0,0,7.4944,0,7.4896
1776185420.9053345,8.3704,-0.22604797795555195,0.0,0.0,-0.3380277215090145,0.0,-0.33802764931357265,0.0,45.0,45.0,42.0,44.0,41.0,45.0,42.0,5,0,0,0,7.4808,0,0,7.2872,0,7.7472,0,0,0
1776185420.905376,8.3704,-0.22604797795555195,0.0,0.0,-0.3380277215090145,0.0,-0.33802764931357265,0.0,45.0,45.0,42.0,44.0,41.0,45.0,42.0,6,7.9496,0,7.5496,0,0,0,0,0,0,8.3432,0,7.4664
1776185420.9054198,8.3704,-0.22604797795555195,0.0,0.0,-0.3380277215090145,0.0,-0.33802764931357265,0.0,45.0,45.0,42.0,44.0,41.0,45.0,42.0,7,7.4752,0,7.652,0,0,0,0,0,0,7.4696,0,7.4792
1776185420.905462,8.3704,-0.22604797795555195,0.0,0.0,-0.3380277215090145,0.0,-0.33802764931357265,0.0,45.0,45.0,42.0,44.0,41.0,45.0,42.0,8,7.4632,0,7.4632,0,0,0,0,0,0,7.4704,0,7.6368
1776185420.956958,8.372,-0.24252701839644092,0.0,0.0,-0.36266716707883423,0.0,-0.3626670963273012,0.0,45.0,45.0,42.0,44.0,41.0,45.0,42.0,0,7.608,0,8.0144,0,0,0,0,0,0,7.9712,0,8.0224
1776185420.9570844,8.372,-0.24252701839644092,0.0,0.0,-0.36266716707883423,0.0,-0.3626670963273012,0.0,45.0,45.0,42.0,44.0,41.0,45.0,42.0,1,0,0,0,7.7872,0,0,7.6216,0,7.7752,0,0,0
1776185420.9571712,8.372,-0.24252701839644092,0.0,0.0,-0.36266716707883423,0.0,-0.3626670963273012,0.0,45.0,45.0,42.0,44.0,41.0,45.0,42.0,2,7.6888,0,7.7712,0,0,0,0,0,0,7.6576,0,7.6016
1776185420.9572697,8.372,-0.24252701839644092,0.0,0.0,-0.36266716707883423,0.0,-0.3626670963273012,0.0,45.0,45.0,42.0,44.0,41.0,45.0,42.0,3,0,0,0,7.488,0,0,7.204,0,7.9,0,0,0
1776185420.957362,8.372,-0.24252701839644092,0.0,0.0,-0.36266716707883423,0.0,-0.3626670963273012,0.0,45.0,45.0,42.0,44.0,41.0,45.0,42.0,4,8.372,0,7.4992,0,0,0,0,0,0,7.4944,0,7.4888
1776185420.9574633,8.372,-0.24252701839644092,0.0,0.0,-0.36266716707883423,0.0,-0.3626670963273012,0.0,45.0,45.0,42.0,44.0,41.0,45.0,42.0,5,0,0,0,7.4808,0,0,7.2888,0,7.7472,0,0,0
1776185420.9575512,8.372,-0.24252701839644092,0.0,0.0,-0.36266716707883423,0.0,-0.3626670963273012,0.0,45.0,45.0,42.0,44.0,41.0,45.0,42.0,6,7.9496,0,7.5488,0,0,0,0,0,0,8.3424,0,7.4656
1776185420.9576492,8.372,-0.24252701839644092,0.0,0.0,-0.36266716707883423,0.0,-0.3626670963273012,0.0,45.0,45.0,42.0,44.0,41.0,45.0,42.0,7,7.476,0,7.652,0,0,0,0,0,0,7.4704,0,7.4784
1776185420.9577577,8.372,-0.24252701839644092,0.0,0.0,-0.36266716707883423,0.0,-0.3626670963273012,0.0,45.0,45.0,42.0,44.0,41.0,45.0,42.0,8,7.464,0,7.4648,0,0,0,0,0,0,7.4712,0,7.6376
1776185421.0086052,8.372,-0.2586764780285121,0.0,0.0,-0.38681382373725753,0.0,-0.38681375440075516,0.0,45.0,45.0,42.0,44.0,41.0,45.0,42.0,0,7.608,0,8.0144,0,0,0,0,0,0,7.9712,0,8.0224
1776185421.008641,8.372,-0.2586764780285121,0.0,0.0,-0.38681382373725753,0.0,-0.38681375440075516,0.0,45.0,45.0,42.0,44.0,41.0,45.0,42.0,1,0,0,0,7.7872,0,0,7.6216,0,7.7752,0,0,0
1776185421.0086658,8.372,-0.2586764780285121,0.0,0.0,-0.38681382373725753,0.0,-0.38681375440075516,0.0,45.0,45.0,42.0,44.0,41.0,45.0,42.0,2,7.6888,0,7.7712,0,0,0,0,0,0,7.6576,0,7.6016
1776185421.0087035,8.372,-0.2586764780285121,0.0,0.0,-0.38681382373725753,0.0,-0.38681375440075516,0.0,45.0,45.0,42.0,44.0,41.0,45.0,42.0,3,0,0,0,7.488,0,0,7.204,0,7.9,0,0,0
1776185421.008728,8.372,-0.2586764780285121,0.0,0.0,-0.38681382373725753,0.0,-0.38681375440075516,0.0,45.0,45.0,42.0,44.0,41.0,45.0,42.0,4,8.372,0,7.4992,0,0,0,0,0,0,7.4944,0,7.4888
1776185421.0087523,8.372,-0.2586764780285121,0.0,0.0,-0.38681382373725753,0.0,-0.38681375440075516,0.0,45.0,45.0,42.0,44.0,41.0,45.0,42.0,5,0,0,0,7.4808,0,0,7.2888,0,7.7472,0,0,0
1776185421.0087762,8.372,-0.2586764780285121,0.0,0.0,-0.38681382373725753,0.0,-0.38681375440075516,0.0,45.0,45.0,42.0,44.0,41.0,45.0,42.0,6,7.9496,0,7.5488,0,0,0,0,0,0,8.3424,0,7.4656
1776185421.0088005,8.372,-0.2586764780285121,0.0,0.0,-0.38681382373725753,0.0,-0.38681375440075516,0.0,45.0,45.0,42.0,44.0,41.0,45.0,42.0,7,7.476,0,7.652,0,0,0,0,0,0,7.4704,0,7.4784
1776185421.008825,8.372,-0.2586764780285121,0.0,0.0,-0.38681382373725753,0.0,-0.38681375440075516,0.0,45.0,45.0,42.0,44.0,41.0,45.0,42.0,8,7.464,0,7.4648,0,0,0,0,0,0,7.4712,0,7.6376
1776185421.0600448,8.3704,-0.2745029484679419,0.0,0.0,-0.4104775472625124,0.0,-0.41047747931274003,0.0,45.0,45.0,42.0,44.0,41.0,45.0,42.0,0,7.608,0,8.0152,0,0,0,0,0,0,7.9704,0,8.0216
1776185421.0601254,8.3704,-0.2745029484679419,0.0,0.0,-0.4104775472625124,0.0,-0.41047747931274003,0.0,45.0,45.0,42.0,44.0,41.0,45.0,42.0,1,0,0,0,7.7872,0,0,7.6224,0,7.7752,0,0,0
1776185421.0601785,8.3704,-0.2745029484679419,0.0,0.0,-0.4104775472625124,0.0,-0.41047747931274003,0.0,45.0,45.0,42.0,44.0,41.0,45.0,42.0,2,7.6904,0,7.7704,0,0,0,0,0,0,7.6576,0,7.6016
1776185421.060228,8.3704,-0.2745029484679419,0.0,0.0,-0.4104775472625124,0.0,-0.41047747931274003,0.0,45.0,45.0,42.0,44.0,41.0,45.0,42.0,3,0,0,0,7.488,0,0,7.2024,0,7.8976,0,0,0
1776185421.0602748,8.3704,-0.2745029484679419,0.0,0.0,-0.4104775472625124,0.0,-0.41047747931274003,0.0,45.0,45.0,42.0,44.0,41.0,45.0,42.0,4,8.3704,0,7.4984,0,0,0,0,0,0,7.496,0,7.4896
1776185421.0603228,8.3704,-0.2745029484679419,0.0,0.0,-0.4104775472625124,0.0,-0.41047747931274003,0.0,45.0,45.0,42.0,44.0,41.0,45.0,42.0,5,0,0,0,7.48,0,0,7.2864,0,7.7464,0,0,0
1776185421.0604844,8.3704,-0.2745029484679419,0.0,0.0,-0.4104775472625124,0.0,-0.41047747931274003,0.0,45.0,45.0,42.0,44.0,41.0,45.0,42.0,6,7.9488,0,7.5488,0,0,0,0,0,0,8.3424,0,7.4656
1776185421.0605364,8.3704,-0.2745029484679419,0.0,0.0,-0.4104775472625124,0.0,-0.41047747931274003,0.0,45.0,45.0,42.0,44.0,41.0,45.0,42.0,7,7.476,0,7.6512,0,0,0,0,0,0,7.4696,0,7.4784
1776185421.0605853,8.3704,-0.2745029484679419,0.0,0.0,-0.4104775472625124,0.0,-0.41047747931274003,0.0,45.0,45.0,42.0,44.0,41.0,45.0,42.0,8,7.4624,0,7.464,0,0,0,0,0,0,7.4712,0,7.6368
1776185421.112157,8.3704,-0.29001288949858306,0.0,0.0,-0.43366799631726216,0.0,-0.4336679297264852,0.0,45.0,45.0,42.0,44.0,41.0,45.0,42.0,0,7.608,0,8.0152,0,0,0,0,0,0,7.9704,0,8.0216
1776185421.1122754,8.3704,-0.29001288949858306,0.0,0.0,-0.43366799631726216,0.0,-0.4336679297264852,0.0,45.0,45.0,42.0,44.0,41.0,45.0,42.0,1,0,0,0,7.7872,0,0,7.6224,0,7.7752,0,0,0
1776185421.1123843,8.3704,-0.29001288949858306,0.0,0.0,-0.43366799631726216,0.0,-0.4336679297264852,0.0,45.0,45.0,42.0,44.0,41.0,45.0,42.0,2,7.6904,0,7.7704,0,0,0,0,0,0,7.6576,0,7.6016
1776185421.1124709,8.3704,-0.29001288949858306,0.0,0.0,-0.43366799631726216,0.0,-0.4336679297264852,0.0,45.0,45.0,42.0,44.0,41.0,45.0,42.0,3,0,0,0,7.488,0,0,7.2024,0,7.8976,0,0,0
1776185421.1125546,8.3704,-0.29001288949858306,0.0,0.0,-0.43366799631726216,0.0,-0.4336679297264852,0.0,45.0,45.0,42.0,44.0,41.0,45.0,42.0,4,8.3704,0,7.4984,0,0,0,0,0,0,7.496,0,7.4896
1776185421.112638,8.3704,-0.29001288949858306,0.0,0.0,-0.43366799631726216,0.0,-0.4336679297264852,0.0,45.0,45.0,42.0,44.0,41.0,45.0,42.0,5,0,0,0,7.48,0,0,7.2864,0,7.7464,0,0,0
1776185421.112772,8.3704,-0.29001288949858306,0.0,0.0,-0.43366799631726216,0.0,-0.4336679297264852,0.0,45.0,45.0,42.0,44.0,41.0,45.0,42.0,6,7.9488,0,7.5488,0,0,0,0,0,0,8.3424,0,7.4656
1776185421.1128573,8.3704,-0.29001288949858306,0.0,0.0,-0.43366799631726216,0.0,-0.4336679297264852,0.0,45.0,45.0,42.0,44.0,41.0,45.0,42.0,7,7.476,0,7.6512,0,0,0,0,0,0,7.4696,0,7.4784
1776185421.1129475,8.3704,-0.29001288949858306,0.0,0.0,-0.43366799631726216,0.0,-0.4336679297264852,0.0,45.0,45.0,42.0,44.0,41.0,45.0,42.0,8,7.4624,0,7.464,0,0,0,0,0,0,7.4712,0,7.6368
1776185421.165072,8.3704,-0.3052126317086114,0.0,0.0,-0.45639463639091693,0.0,-0.45639457113195553,0.0,45.0,45.0,42.0,44.0,41.0,45.0,42.0,0,7.608,0,8.0152,0,0,0,0,0,0,7.9704,0,8.0216
1776185421.1652007,8.3704,-0.3052126317086114,0.0,0.0,-0.45639463639091693,0.0,-0.45639457113195553,0.0,45.0,45.0,42.0,44.0,41.0,45.0,42.0,1,0,0,0,7.7872,0,0,7.6224,0,7.7752,0,0,0
1776185421.1653001,8.3704,-0.3052126317086114,0.0,0.0,-0.45639463639091693,0.0,-0.45639457113195553,0.0,45.0,45.0,42.0,44.0,41.0,45.0,42.0,2,7.6904,0,7.7704,0,0,0,0,0,0,7.6576,0,7.6016
1776185421.1653986,8.3704,-0.3052126317086114,0.0,0.0,-0.45639463639091693,0.0,-0.45639457113195553,0.0,45.0,45.0,42.0,44.0,41.0,45.0,42.0,3,0,0,0,7.488,0,0,7.2024,0,7.8976,0,0,0
1776185421.1655133,8.3704,-0.3052126317086114,0.0,0.0,-0.45639463639091693,0.0,-0.45639457113195553,0.0,45.0,45.0,42.0,44.0,41.0,45.0,42.0,4,8.3704,0,7.4984,0,0,0,0,0,0,7.496,0,7.4896
1776185421.1656163,8.3704,-0.3052126317086114,0.0,0.0,-0.45639463639091693,0.0,-0.45639457113195553,0.0,45.0,45.0,42.0,44.0,41.0,45.0,42.0,5,0,0,0,7.48,0,0,7.2864,0,7.7464,0,0,0
1776185421.1657155,8.3704,-0.3052126317086114,0.0,0.0,-0.45639463639091693,0.0,-0.45639457113195553,0.0,45.0,45.0,42.0,44.0,41.0,45.0,42.0,6,7.9488,0,7.5488,0,0,0,0,0,0,8.3424,0,7.4656
1776185421.1658125,8.3704,-0.3052126317086114,0.0,0.0,-0.45639463639091693,0.0,-0.45639457113195553,0.0,45.0,45.0,42.0,44.0,41.0,45.0,42.0,7,7.476,0,7.6512,0,0,0,0,0,0,7.4696,0,7.4784
1776185421.1659093,8.3704,-0.3052126317086114,0.0,0.0,-0.45639463639091693,0.0,-0.45639457113195553,0.0,45.0,45.0,42.0,44.0,41.0,45.0,42.0,8,7.4624,0,7.464,0,0,0,0,0,0,7.4712,0,7.6368
1776185421.2173336,8.3696,-0.3201083790744392,0.0,0.0,-0.4786667436630986,0.0,-0.4786666797093164,0.0,45.0,45.0,42.0,44.0,41.0,45.0,42.0,0,7.6088,0,8.0152,0,0,0,0,0,0,7.972,0,8.0216
1776185421.2174273,8.3696,-0.3201083790744392,0.0,0.0,-0.4786667436630986,0.0,-0.4786666797093164,0.0,45.0,45.0,42.0,44.0,41.0,45.0,42.0,1,0,0,0,7.7872,0,0,7.6208,0,7.776,0,0,0
1776185421.2174876,8.3696,-0.3201083790744392,0.0,0.0,-0.4786667436630986,0.0,-0.4786666797093164,0.0,45.0,45.0,42.0,44.0,41.0,45.0,42.0,2,7.6904,0,7.7712,0,0,0,0,0,0,7.6576,0,7.6008
1776185421.2175462,8.3696,-0.3201083790744392,0.0,0.0,-0.4786667436630986,0.0,-0.4786666797093164,0.0,45.0,45.0,42.0,44.0,41.0,45.0,42.0,3,0,0,0,7.4872,0,0,7.2024,0,7.8992,0,0,0
1776185421.2176018,8.3696,-0.3201083790744392,0.0,0.0,-0.4786667436630986,0.0,-0.4786666797093164,0.0,45.0,45.0,42.0,44.0,41.0,45.0,42.0,4,8.3696,0,7.4976,0,0,0,0,0,0,7.496,0,7.4896
1776185421.217658,8.3696,-0.3201083790744392,0.0,0.0,-0.4786667436630986,0.0,-0.4786666797093164,0.0,45.0,45.0,42.0,44.0,41.0,45.0,42.0,5,0,0,0,7.4816,0,0,7.2864,0,7.7472,0,0,0
1776185421.2177129,8.3696,-0.3201083790744392,0.0,0.0,-0.4786667436630986,0.0,-0.4786666797093164,0.0,45.0,45.0,42.0,44.0,41.0,45.0,42.0,6,7.9504,0,7.5488,0,0,0,0,0,0,8.344,0,7.4656
1776185421.2177687,8.3696,-0.3201083790744392,0.0,0.0,-0.4786667436630986,0.0,-0.4786666797093164,0.0,45.0,45.0,42.0,44.0,41.0,45.0,42.0,7,7.4752,0,7.6504,0,0,0,0,0,0,7.4688,0,7.4784
1776185421.2178245,8.3696,-0.3201083790744392,0.0,0.0,-0.4786667436630986,0.0,-0.4786666797093164,0.0,45.0,45.0,42.0,44.0,41.0,45.0,42.0,8,7.4632,0,7.4648,0,0,0,0,0,0,7.4704,0,7.6368
1776185421.269534,8.3696,-0.3347062114929504,0.0,0.0,-0.5004934087898366,0.0,-0.5004933461151301,0.0,45.0,45.0,42.0,44.0,41.0,45.0,42.0,0,7.6088,0,8.0152,0,0,0,0,0,0,7.972,0,8.0216
1776185421.269643,8.3696,-0.3347062114929504,0.0,0.0,-0.5004934087898366,0.0,-0.5004933461151301,0.0,45.0,45.0,42.0,44.0,41.0,45.0,42.0,1,0,0,0,7.7872,0,0,7.6208,0,7.776,0,0,0
1776185421.2697272,8.3696,-0.3347062114929504,0.0,0.0,-0.5004934087898366,0.0,-0.5004933461151301,0.0,45.0,45.0,42.0,44.0,41.0,45.0,42.0,2,7.6904,0,7.7712,0,0,0,0,0,0,7.6576,0,7.6008
1776185421.2698114,8.3696,-0.3347062114929504,0.0,0.0,-0.5004934087898366,0.0,-0.5004933461151301,0.0,45.0,45.0,42.0,44.0,41.0,45.0,42.0,3,0,0,0,7.4872,0,0,7.2024,0,7.8992,0,0,0
1776185421.2698917,8.3696,-0.3347062114929504,0.0,0.0,-0.5004934087898366,0.0,-0.5004933461151301,0.0,45.0,45.0,42.0,44.0,41.0,45.0,42.0,4,8.3696,0,7.4976,0,0,0,0,0,0,7.496,0,7.4896
1776185421.2699761,8.3696,-0.3347062114929504,0.0,0.0,-0.5004934087898366,0.0,-0.5004933461151301,0.0,45.0,45.0,42.0,44.0,41.0,45.0,42.0,5,0,0,0,7.4816,0,0,7.2864,0,7.7472,0,0,0
1776185421.270077,8.3696,-0.3347062114929504,0.0,0.0,-0.5004934087898366,0.0,-0.5004933461151301,0.0,45.0,45.0,42.0,44.0,41.0,45.0,42.0,6,7.9504,0,7.5488,0,0,0,0,0,0,8.344,0,7.4656
1776185421.2701607,8.3696,-0.3347062114929504,0.0,0.0,-0.5004934087898366,0.0,-0.5004933461151301,0.0,45.0,45.0,42.0,44.0,41.0,45.0,42.0,7,7.4752,0,7.6504,0,0,0,0,0,0,7.4688,0,7.4784
1776185421.2702558,8.3696,-0.3347062114929504,0.0,0.0,-0.5004934087898366,0.0,-0.5004933461151301,0.0,45.0,45.0,42.0,44.0,41.0,45.0,42.0,8,7.4632,0,7.4648,0,0,0,0,0,0,7.4704,0,7.6368
1776185421.3221056,8.3696,-0.34901208726309135,0.0,0.0,-0.5218835406140399,0.0,-0.5218834791928275,0.0,45.0,45.0,42.0,44.0,41.0,45.0,42.0,0,7.608,0,8.0152,0,0,0,0,0,0,7.9712,0,8.0216
1776185421.3222284,8.3696,-0.34901208726309135,0.0,0.0,-0.5218835406140399,0.0,-0.5218834791928275,0.0,45.0,45.0,42.0,44.0,41.0,45.0,42.0,1,0,0,0,7.7872,0,0,7.6216,0,7.7768,0,0,0
1776185421.3223307,8.3696,-0.34901208726309135,0.0,0.0,-0.5218835406140399,0.0,-0.5218834791928275,0.0,45.0,45.0,42.0,44.0,41.0,45.0,42.0,2,7.6912,0,7.7696,0,0,0,0,0,0,7.6576,0,7.6016
1776185421.3224232,8.3696,-0.34901208726309135,0.0,0.0,-0.5218835406140399,0.0,-0.5218834791928275,0.0,45.0,45.0,42.0,44.0,41.0,45.0,42.0,3,0,0,0,7.4872,0,0,7.2032,0,7.9,0,0,0
1776185421.3225121,8.3696,-0.34901208726309135,0.0,0.0,-0.5218835406140399,0.0,-0.5218834791928275,0.0,45.0,45.0,42.0,44.0,41.0,45.0,42.0,4,8.3696,0,7.4976,0,0,0,0,0,0,7.496,0,7.4896
1776185421.3228204,8.3696,-0.34901208726309135,0.0,0.0,-0.5218835406140399,0.0,-0.5218834791928275,0.0,45.0,45.0,42.0,44.0,41.0,45.0,42.0,5,0,0,0,7.4808,0,0,7.288,0,7.7488,0,0,0
1776185421.322923,8.3696,-0.34901208726309135,0.0,0.0,-0.5218835406140399,0.0,-0.5218834791928275,0.0,45.0,45.0,42.0,44.0,41.0,45.0,42.0,6,7.9488,0,7.5496,0,0,0,0,0,0,8.3424,0,7.4648
1776185421.323029,8.3696,-0.34901208726309135,0.0,0.0,-0.5218835406140399,0.0,-0.5218834791928275,0.0,45.0,45.0,42.0,44.0,41.0,45.0,42.0,7,7.476,0,7.6512,0,0,0,0,0,0,7.4704,0,7.4792
1776185421.3231444,8.3696,-0.34901208726309135,0.0,0.0,-0.5218835406140399,0.0,-0.5218834791928275,0.0,45.0,45.0,42.0,44.0,41.0,45.0,42.0,8,7.4632,0,7.4648,0,0,0,0,0,0,7.472,0,7.6368
1776185421.3756402,8.3696,-0.3630318455178295,0.0,0.0,-0.5428458698017591,0.0,-0.542845809608971,0.0,45.0,45.0,42.0,44.0,41.0,45.0,42.0,0,7.608,0,8.0152,0,0,0,0,0,0,7.9712,0,8.0216
1776185421.3757865,8.3696,-0.3630318455178295,0.0,0.0,-0.5428458698017591,0.0,-0.542845809608971,0.0,45.0,45.0,42.0,44.0,41.0,45.0,42.0,1,0,0,0,7.7872,0,0,7.6216,0,7.7768,0,0,0
1776185421.3758693,8.3696,-0.3630318455178295,0.0,0.0,-0.5428458698017591,0.0,-0.542845809608971,0.0,45.0,45.0,42.0,44.0,41.0,45.0,42.0,2,7.6912,0,7.7696,0,0,0,0,0,0,7.6576,0,7.6016
1776185421.3759615,8.3696,-0.3630318455178295,0.0,0.0,-0.5428458698017591,0.0,-0.542845809608971,0.0,45.0,45.0,42.0,44.0,41.0,45.0,42.0,3,0,0,0,7.4872,0,0,7.2032,0,7.9,0,0,0
1776185421.3760266,8.3696,-0.3630318455178295,0.0,0.0,-0.5428458698017591,0.0,-0.542845809608971,0.0,45.0,45.0,42.0,44.0,41.0,45.0,42.0,4,8.3696,0,7.4976,0,0,0,0,0,0,7.496,0,7.4896
1776185421.3760746,8.3696,-0.3630318455178295,0.0,0.0,-0.5428458698017591,0.0,-0.542845809608971,0.0,45.0,45.0,42.0,44.0,41.0,45.0,42.0,5,0,0,0,7.4808,0,0,7.288,0,7.7488,0,0,0
1776185421.3761215,8.3696,-0.3630318455178295,0.0,0.0,-0.5428458698017591,0.0,-0.542845809608971,0.0,45.0,45.0,42.0,44.0,41.0,45.0,42.0,6,7.9488,0,7.5496,0,0,0,0,0,0,8.3424,0,7.4648
1776185421.3761964,8.3696,-0.3630318455178295,0.0,0.0,-0.5428458698017591,0.0,-0.542845809608971,0.0,45.0,45.0,42.0,44.0,41.0,45.0,42.0,7,7.476,0,7.6512,0,0,0,0,0,0,7.4704,0,7.4792
1776185421.3762627,8.3696,-0.3630318455178295,0.0,0.0,-0.5428458698017591,0.0,-0.542845809608971,0.0,45.0,45.0,42.0,44.0,41.0,45.0,42.0,8,7.4632,0,7.4648,0,0,0,0,0,0,7.472,0,7.6368
1776185421.4276757,8.372,-0.37677120860747293,0.0,0.0,-0.563388952405724,0.0,-0.5633888934167915,0.0,45.0,45.0,42.0,44.0,41.0,45.0,42.0,0,7.608,0,8.016,0,0,0,0,0,0,7.9712,0,8.0216
1776185421.4277546,8.372,-0.37677120860747293,0.0,0.0,-0.563388952405724,0.0,-0.5633888934167915,0.0,45.0,45.0,42.0,44.0,41.0,45.0,42.0,1,0,0,0,7.7856,0,0,7.6208,0,7.7752,0,0,0
1776185421.4278073,8.372,-0.37677120860747293,0.0,0.0,-0.563388952405724,0.0,-0.5633888934167915,0.0,45.0,45.0,42.0,44.0,41.0,45.0,42.0,2,7.6912,0,7.7704,0,0,0,0,0,0,7.6576,0,7.6016
1776185421.4278579,8.372,-0.37677120860747293,0.0,0.0,-0.563388952405724,0.0,-0.5633888934167915,0.0,45.0,45.0,42.0,44.0,41.0,45.0,42.0,3,0,0,0,7.488,0,0,7.2032,0,7.8984,0,0,0
1776185421.4279063,8.372,-0.37677120860747293,0.0,0.0,-0.563388952405724,0.0,-0.5633888934167915,0.0,45.0,45.0,42.0,44.0,41.0,45.0,42.0,4,8.372,0,7.4992,0,0,0,0,0,0,7.4952,0,7.4904
1776185421.4279552,8.372,-0.37677120860747293,0.0,0.0,-0.563388952405724,0.0,-0.5633888934167915,0.0,45.0,45.0,42.0,44.0,41.0,45.0,42.0,5,0,0,0,7.48,0,0,7.288,0,7.7488,0,0,0
1776185421.428003,8.372,-0.37677120860747293,0.0,0.0,-0.563388952405724,0.0,-0.5633888934167915,0.0,45.0,45.0,42.0,44.0,41.0,45.0,42.0,6,7.9488,0,7.5488,0,0,0,0,0,0,8.3424,0,7.4656
1776185421.4280524,8.372,-0.37677120860747293,0.0,0.0,-0.563388952405724,0.0,-0.5633888934167915,0.0,45.0,45.0,42.0,44.0,41.0,45.0,42.0,7,7.476,0,7.6504,0,0,0,0,0,0,7.4696,0,7.4792
1776185421.4280999,8.372,-0.37677120860747293,0.0,0.0,-0.563388952405724,0.0,-0.5633888934167915,0.0,45.0,45.0,42.0,44.0,41.0,45.0,42.0,8,7.4632,0,7.464,0,0,0,0,0,0,7.4712,0,7.6376
1776185421.479731,8.372,-0.3902357844353235,0.0,0.0,-0.5835211733576094,0.0,-0.5835211155484558,0.0,45.0,45.0,42.0,44.0,41.0,45.0,42.0,0,7.608,0,8.016,0,0,0,0,0,0,7.9712,0,8.0216
1776185421.479861,8.372,-0.3902357844353235,0.0,0.0,-0.5835211733576094,0.0,-0.5835211155484558,0.0,45.0,45.0,42.0,44.0,41.0,45.0,42.0,1,0,0,0,7.7856,0,0,7.6208,0,7.7752,0,0,0
1776185421.479957,8.372,-0.3902357844353235,0.0,0.0,-0.5835211733576094,0.0,-0.5835211155484558,0.0,45.0,45.0,42.0,44.0,41.0,45.0,42.0,2,7.6912,0,7.7704,0,0,0,0,0,0,7.6576,0,7.6016
1776185421.4800525,8.372,-0.3902357844353235,0.0,0.0,-0.5835211733576094,0.0,-0.5835211155484558,0.0,45.0,45.0,42.0,44.0,41.0,45.0,42.0,3,0,0,0,7.488,0,0,7.2032,0,7.8984,0,0,0
1776185421.480161,8.372,-0.3902357844353235,0.0,0.0,-0.5835211733576094,0.0,-0.5835211155484558,0.0,45.0,45.0,42.0,44.0,41.0,45.0,42.0,4,8.372,0,7.4992,0,0,0,0,0,0,7.4952,0,7.4904
1776185421.4802675,8.372,-0.3902357844353235,0.0,0.0,-0.5835211733576094,0.0,-0.5835211155484558,0.0,45.0,45.0,42.0,44.0,41.0,45.0,42.0,5,0,0,0,7.48,0,0,7.288,0,7.7488,0,0,0
1776185421.4803584,8.372,-0.3902357844353235,0.0,0.0,-0.5835211733576094,0.0,-0.5835211155484558,0.0,45.0,45.0,42.0,44.0,41.0,45.0,42.0,6,7.9488,0,7.5488,0,0,0,0,0,0,8.3424,0,7.4656
1776185421.4804523,8.372,-0.3902357844353235,0.0,0.0,-0.5835211733576094,0.0,-0.5835211155484558,0.0,45.0,45.0,42.0,44.0,41.0,45.0,42.0,7,7.476,0,7.6504,0,0,0,0,0,0,7.4696,0,7.4792
1776185421.4805474,8.372,-0.3902357844353235,0.0,0.0,-0.5835211733576094,0.0,-0.5835211155484558,0.0,45.0,45.0,42.0,44.0,41.0,45.0,42.0,8,7.4632,0,7.464,0,0,0,0,0,0,7.4712,0,7.6376
1776185421.5313053,8.372,-0.403431068746617,0.0,0.0,-0.6032507498904572,0.0,-0.6032506932374866,0.0,45.0,45.0,42.0,44.0,41.0,45.0,42.0,0,7.608,0,8.016,0,0,0,0,0,0,7.9712,0,8.0216
1776185421.531344,8.372,-0.403431068746617,0.0,0.0,-0.6032507498904572,0.0,-0.6032506932374866,0.0,45.0,45.0,42.0,44.0,41.0,45.0,42.0,1,0,0,0,7.7856,0,0,7.6208,0,7.7752,0,0,0
1776185421.531368,8.372,-0.403431068746617,0.0,0.0,-0.6032507498904572,0.0,-0.6032506932374866,0.0,45.0,45.0,42.0,44.0,41.0,45.0,42.0,2,7.6912,0,7.7704,0,0,0,0,0,0,7.6576,0,7.6016
1776185421.5313911,8.372,-0.403431068746617,0.0,0.0,-0.6032507498904572,0.0,-0.6032506932374866,0.0,45.0,45.0,42.0,44.0,41.0,45.0,42.0,3,0,0,0,7.488,0,0,7.2032,0,7.8984,0,0,0
1776185421.5314133,8.372,-0.403431068746617,0.0,0.0,-0.6032507498904572,0.0,-0.6032506932374866,0.0,45.0,45.0,42.0,44.0,41.0,45.0,42.0,4,8.372,0,7.4992,0,0,0,0,0,0,7.4952,0,7.4904
1776185421.5314353,8.372,-0.403431068746617,0.0,0.0,-0.6032507498904572,0.0,-0.6032506932374866,0.0,45.0,45.0,42.0,44.0,41.0,45.0,42.0,5,0,0,0,7.48,0,0,7.288,0,7.7488,0,0,0
1776185421.531457,8.372,-0.403431068746617,0.0,0.0,-0.6032507498904572,0.0,-0.6032506932374866,0.0,45.0,45.0,42.0,44.0,41.0,45.0,42.0,6,7.9488,0,7.5488,0,0,0,0,0,0,8.3424,0,7.4656
1776185421.5314794,8.372,-0.403431068746617,0.0,0.0,-0.6032507498904572,0.0,-0.6032506932374866,0.0,45.0,45.0,42.0,44.0,41.0,45.0,42.0,7,7.476,0,7.6504,0,0,0,0,0,0,7.4696,0,7.4792
1776185421.5315015,8.372,-0.403431068746617,0.0,0.0,-0.6032507498904572,0.0,-0.6032506932374866,0.0,45.0,45.0,42.0,44.0,41.0,45.0,42.0,8,7.4632,0,7.464,0,0,0,0,0,0,7.4712,0,7.6376
1776185421.582848,8.3704,-0.41636244737168465,0.0,0.0,-0.6225857348926481,0.0,-0.6225856793727369,0.0,45.0,45.0,42.0,44.0,41.0,45.0,42.0,0,7.608,0,8.0144,0,0,0,0,0,0,7.9704,0,8.0224
1776185421.5829296,8.3704,-0.41636244737168465,0.0,0.0,-0.6225857348926481,0.0,-0.6225856793727369,0.0,45.0,45.0,42.0,44.0,41.0,45.0,42.0,1,0,0,0,7.7864,0,0,7.6224,0,7.776,0,0,0
1776185421.5829806,8.3704,-0.41636244737168465,0.0,0.0,-0.6225857348926481,0.0,-0.6225856793727369,0.0,45.0,45.0,42.0,44.0,41.0,45.0,42.0,2,7.6904,0,7.772,0,0,0,0,0,0,7.6584,0,7.6016
1776185421.5830302,8.3704,-0.41636244737168465,0.0,0.0,-0.6225857348926481,0.0,-0.6225856793727369,0.0,45.0,45.0,42.0,44.0,41.0,45.0,42.0,3,0,0,0,7.488,0,0,7.2024,0,7.8976,0,0,0
1776185421.5830772,8.3704,-0.41636244737168465,0.0,0.0,-0.6225857348926481,0.0,-0.6225856793727369,0.0,45.0,45.0,42.0,44.0,41.0,45.0,42.0,4,8.3704,0,7.4984,0,0,0,0,0,0,7.4952,0,7.4912
1776185421.5832584,8.3704,-0.41636244737168465,0.0,0.0,-0.6225857348926481,0.0,-0.6225856793727369,0.0,45.0,45.0,42.0,44.0,41.0,45.0,42.0,5,0,0,0,7.4816,0,0,7.2872,0,7.7496,0,0,0
1776185421.5833519,8.3704,-0.41636244737168465,0.0,0.0,-0.6225857348926481,0.0,-0.6225856793727369,0.0,45.0,45.0,42.0,44.0,41.0,45.0,42.0,6,7.9496,0,7.5488,0,0,0,0,0,0,8.3432,0,7.4648
1776185421.5834281,8.3704,-0.41636244737168465,0.0,0.0,-0.6225857348926481,0.0,-0.6225856793727369,0.0,45.0,45.0,42.0,44.0,41.0,45.0,42.0,7,7.4744,0,7.6512,0,0,0,0,0,0,7.4696,0,7.4792
1776185421.5834775,8.3704,-0.41636244737168465,0.0,0.0,-0.6225857348926481,0.0,-0.6225856793727369,0.0,45.0,45.0,42.0,44.0,41.0,45.0,42.0,8,7.4632,0,7.464,0,0,0,0,0,0,7.472,0,7.6368
1776185421.6352234,8.3704,-0.429035198424251,0.0,0.0,-0.6415340201947952,0.0,-0.6415339657852822,0.0,45.0,45.0,42.0,44.0,41.0,45.0,42.0,0,7.608,0,8.0144,0,0,0,0,0,0,7.9704,0,8.0224
1776185421.635305,8.3704,-0.429035198424251,0.0,0.0,-0.6415340201947952,0.0,-0.6415339657852822,0.0,45.0,45.0,42.0,44.0,41.0,45.0,42.0,1,0,0,0,7.7864,0,0,7.6224,0,7.776,0,0,0
1776185421.6353574,8.3704,-0.429035198424251,0.0,0.0,-0.6415340201947952,0.0,-0.6415339657852822,0.0,45.0,45.0,42.0,44.0,41.0,45.0,42.0,2,7.6904,0,7.772,0,0,0,0,0,0,7.6584,0,7.6016
1776185421.6354084,8.3704,-0.429035198424251,0.0,0.0,-0.6415340201947952,0.0,-0.6415339657852822,0.0,45.0,45.0,42.0,44.0,41.0,45.0,42.0,3,0,0,0,7.488,0,0,7.2024,0,7.8976,0,0,0
1776185421.6354554,8.3704,-0.429035198424251,0.0,0.0,-0.6415340201947952,0.0,-0.6415339657852822,0.0,45.0,45.0,42.0,44.0,41.0,45.0,42.0,4,8.3704,0,7.4984,0,0,0,0,0,0,7.4952,0,7.4912
1776185421.6355042,8.3704,-0.429035198424251,0.0,0.0,-0.6415340201947952,0.0,-0.6415339657852822,0.0,45.0,45.0,42.0,44.0,41.0,45.0,42.0,5,0,0,0,7.4816,0,0,7.2872,0,7.7496,0,0,0
1776185421.6355515,8.3704,-0.429035198424251,0.0,0.0,-0.6415340201947952,0.0,-0.6415339657852822,0.0,45.0,45.0,42.0,44.0,41.0,45.0,42.0,6,7.9496,0,7.5488,0,0,0,0,0,0,8.3432,0,7.4648
1776185421.6356008,8.3704,-0.429035198424251,0.0,0.0,-0.6415340201947952,0.0,-0.6415339657852822,0.0,45.0,45.0,42.0,44.0,41.0,45.0,42.0,7,7.4744,0,7.6512,0,0,0,0,0,0,7.4696,0,7.4792
1776185421.635649,8.3704,-0.429035198424251,0.0,0.0,-0.6415340201947952,0.0,-0.6415339657852822,0.0,45.0,45.0,42.0,44.0,41.0,45.0,42.0,8,7.4632,0,7.464,0,0,0,0,0,0,7.472,0,7.6368
1776185421.6868215,8.3704,-0.44145449445576596,0.0,0.0,-0.6601033397908993,0.0,-0.6601032864695766,0.0,45.0,45.0,42.0,44.0,41.0,45.0,42.0,0,7.608,0,8.0144,0,0,0,0,0,0,7.9704,0,8.0224
1776185421.6869001,8.3704,-0.44145449445576596,0.0,0.0,-0.6601033397908993,0.0,-0.6601032864695766,0.0,45.0,45.0,42.0,44.0,41.0,45.0,42.0,1,0,0,0,7.7864,0,0,7.6224,0,7.776,0,0,0
1776185421.6869524,8.3704,-0.44145449445576596,0.0,0.0,-0.6601033397908993,0.0,-0.6601032864695766,0.0,45.0,45.0,42.0,44.0,41.0,45.0,42.0,2,7.6904,0,7.772,0,0,0,0,0,0,7.6584,0,7.6016
1776185421.6870017,8.3704,-0.44145449445576596,0.0,0.0,-0.6601033397908993,0.0,-0.6601032864695766,0.0,45.0,45.0,42.0,44.0,41.0,45.0,42.0,3,0,0,0,7.488,0,0,7.2024,0,7.8976,0,0,0
1776185421.6870482,8.3704,-0.44145449445576596,0.0,0.0,-0.6601033397908993,0.0,-0.6601032864695766,0.0,45.0,45.0,42.0,44.0,41.0,45.0,42.0,4,8.3704,0,7.4984,0,0,0,0,0,0,7.4952,0,7.4912
1776185421.6870992,8.3704,-0.44145449445576596,0.0,0.0,-0.6601033397908993,0.0,-0.6601032864695766,0.0,45.0,45.0,42.0,44.0,41.0,45.0,42.0,5,0,0,0,7.4816,0,0,7.2872,0,7.7496,0,0,0
1776185421.6871474,8.3704,-0.44145449445576596,0.0,0.0,-0.6601033397908993,0.0,-0.6601032864695766,0.0,45.0,45.0,42.0,44.0,41.0,45.0,42.0,6,7.9496,0,7.5488,0,0,0,0,0,0,8.3432,0,7.4648
1776185421.6871963,8.3704,-0.44145449445576596,0.0,0.0,-0.6601033397908993,0.0,-0.6601032864695766,0.0,45.0,45.0,42.0,44.0,41.0,45.0,42.0,7,7.4744,0,7.6512,0,0,0,0,0,0,7.4696,0,7.4792
1776185421.687244,8.3704,-0.44145449445576596,0.0,0.0,-0.6601033397908993,0.0,-0.6601032864695766,0.0,45.0,45.0,42.0,44.0,41.0,45.0,42.0,8,7.4632,0,7.464,0,0,0,0,0,0,7.472,0,7.6368
1776185421.7383156,8.3712,-0.4536254045666506,0.0,0.0,-0.6783012729950814,0.0,-0.6783012207401851,0.0,45.0,45.0,42.0,44.0,41.0,45.0,42.0,0,7.608,0,8.0152,0,0,0,0,0,0,7.9712,0,8.0224
1776185421.7383933,8.3712,-0.4536254045666506,0.0,0.0,-0.6783012729950814,0.0,-0.6783012207401851,0.0,45.0,45.0,42.0,44.0,41.0,45.0,42.0,1,0,0,0,7.7872,0,0,7.6216,0,7.776,0,0,0
1776185421.7384453,8.3712,-0.4536254045666506,0.0,0.0,-0.6783012729950814,0.0,-0.6783012207401851,0.0,45.0,45.0,42.0,44.0,41.0,45.0,42.0,2,7.6912,0,7.772,0,0,0,0,0,0,7.6584,0,7.6008
1776185421.7384949,8.3712,-0.4536254045666506,0.0,0.0,-0.6783012729950814,0.0,-0.6783012207401851,0.0,45.0,45.0,42.0,44.0,41.0,45.0,42.0,3,0,0,0,7.4888,0,0,7.2024,0,7.9008,0,0,0
1776185421.7386081,8.3712,-0.4536254045666506,0.0,0.0,-0.6783012729950814,0.0,-0.6783012207401851,0.0,45.0,45.0,42.0,44.0,41.0,45.0,42.0,4,8.3712,0,7.4968,0,0,0,0,0,0,7.496,0,7.4888
1776185421.7386906,8.3712,-0.4536254045666506,0.0,0.0,-0.6783012729950814,0.0,-0.6783012207401851,0.0,45.0,45.0,42.0,44.0,41.0,45.0,42.0,5,0,0,0,7.4816,0,0,7.2864,0,7.7496,0,0,0
1776185421.7387788,8.3712,-0.4536254045666506,0.0,0.0,-0.6783012729950814,0.0,-0.6783012207401851,0.0,45.0,45.0,42.0,44.0,41.0,45.0,42.0,6,7.9488,0,7.5488,0,0,0,0,0,0,8.3424,0,7.4664
1776185421.738851,8.3712,-0.4536254045666506,0.0,0.0,-0.6783012729950814,0.0,-0.6783012207401851,0.0,45.0,45.0,42.0,44.0,41.0,45.0,42.0,7,7.4752,0,7.6512,0,0,0,0,0,0,7.4696,0,7.4784
1776185421.7389262,8.3712,-0.4536254045666506,0.0,0.0,-0.6783012729950814,0.0,-0.6783012207401851,0.0,45.0,45.0,42.0,44.0,41.0,45.0,42.0,8,7.4624,0,7.4632,0,0,0,0,0,0,7.4712,0,7.6384
1776185421.790486,8.3712,-0.4655528964753176,0.0,0.0,-0.6961352475351797,0.0,-0.6961351963253813,0.0,45.0,45.0,42.0,44.0,41.0,45.0,42.0,0,7.608,0,8.0152,0,0,0,0,0,0,7.9712,0,8.0224
1776185421.790565,8.3712,-0.4655528964753176,0.0,0.0,-0.6961352475351797,0.0,-0.6961351963253813,0.0,45.0,45.0,42.0,44.0,41.0,45.0,42.0,1,0,0,0,7.7872,0,0,7.6216,0,7.776,0,0,0
1776185421.7906172,8.3712,-0.4655528964753176,0.0,0.0,-0.6961352475351797,0.0,-0.6961351963253813,0.0,45.0,45.0,42.0,44.0,41.0,45.0,42.0,2,7.6912,0,7.772,0,0,0,0,0,0,7.6584,0,7.6008
1776185421.790668,8.3712,-0.4655528964753176,0.0,0.0,-0.6961352475351797,0.0,-0.6961351963253813,0.0,45.0,45.0,42.0,44.0,41.0,45.0,42.0,3,0,0,0,7.4888,0,0,7.2024,0,7.9008,0,0,0
1776185421.7907155,8.3712,-0.4655528964753176,0.0,0.0,-0.6961352475351797,0.0,-0.6961351963253813,0.0,45.0,45.0,42.0,44.0,41.0,45.0,42.0,4,8.3712,0,7.4968,0,0,0,0,0,0,7.496,0,7.4888
1776185421.790764,8.3712,-0.4655528964753176,0.0,0.0,-0.6961352475351797,0.0,-0.6961351963253813,0.0,45.0,45.0,42.0,44.0,41.0,45.0,42.0,5,0,0,0,7.4816,0,0,7.2864,0,7.7496,0,0,0
1776185421.7908115,8.3712,-0.4655528964753176,0.0,0.0,-0.6961352475351797,0.0,-0.6961351963253813,0.0,45.0,45.0,42.0,44.0,41.0,45.0,42.0,6,7.9488,0,7.5488,0,0,0,0,0,0,8.3424,0,7.4664
1776185421.790861,8.3712,-0.4655528964753176,0.0,0.0,-0.6961352475351797,0.0,-0.6961351963253813,0.0,45.0,45.0,42.0,44.0,41.0,45.0,42.0,7,7.4752,0,7.6512,0,0,0,0,0,0,7.4696,0,7.4784
1776185421.7909076,8.3712,-0.4655528964753176,0.0,0.0,-0.6961352475351797,0.0,-0.6961351963253813,0.0,45.0,45.0,42.0,44.0,41.0,45.0,42.0,8,7.4624,0,7.4632,0,0,0,0,0,0,7.4712,0,7.6384
1776185421.8424783,8.3704,-0.47724183854581126,0.0,0.0,-0.7136125425844762,0.0,-0.7136124923988737,0.0,45.0,45.0,42.0,44.0,41.0,45.0,42.0,0,7.6088,0,8.0152,0,0,0,0,0,0,7.9704,0,8.0224
1776185421.8425646,8.3704,-0.47724183854581126,0.0,0.0,-0.7136125425844762,0.0,-0.7136124923988737,0.0,45.0,45.0,42.0,44.0,41.0,45.0,42.0,1,0,0,0,7.788,0,0,7.6216,0,7.776,0,0,0
1776185421.8426178,8.3704,-0.47724183854581126,0.0,0.0,-0.7136125425844762,0.0,-0.7136124923988737,0.0,45.0,45.0,42.0,44.0,41.0,45.0,42.0,2,7.692,0,7.7712,0,0,0,0,0,0,7.6576,0,7.6016
1776185421.842668,8.3704,-0.47724183854581126,0.0,0.0,-0.7136125425844762,0.0,-0.7136124923988737,0.0,45.0,45.0,42.0,44.0,41.0,45.0,42.0,3,0,0,0,7.4872,0,0,7.2032,0,7.8984,0,0,0
1776185421.8427293,8.3704,-0.47724183854581126,0.0,0.0,-0.7136125425844762,0.0,-0.7136124923988737,0.0,45.0,45.0,42.0,44.0,41.0,45.0,42.0,4,8.3704,0,7.4976,0,0,0,0,0,0,7.4952,0,7.4904
1776185421.842919,8.3704,-0.47724183854581126,0.0,0.0,-0.7136125425844762,0.0,-0.7136124923988737,0.0,45.0,45.0,42.0,44.0,41.0,45.0,42.0,5,0,0,0,7.4792,0,0,7.2856,0,7.7472,0,0,0
1776185421.8430145,8.3704,-0.47724183854581126,0.0,0.0,-0.7136125425844762,0.0,-0.7136124923988737,0.0,45.0,45.0,42.0,44.0,41.0,45.0,42.0,6,7.9496,0,7.5488,0,0,0,0,0,0,8.3432,0,7.4656
1776185421.843085,8.3704,-0.47724183854581126,0.0,0.0,-0.7136125425844762,0.0,-0.7136124923988737,0.0,45.0,45.0,42.0,44.0,41.0,45.0,42.0,7,7.4752,0,7.6512,0,0,0,0,0,0,7.4704,0,7.4784
1776185421.8431337,8.3704,-0.47724183854581126,0.0,0.0,-0.7136125425844762,0.0,-0.7136124923988737,0.0,45.0,45.0,42.0,44.0,41.0,45.0,42.0,8,7.464,0,7.4648,0,0,0,0,0,0,7.4704,0,7.6368
1776185421.8944666,8.3704,-0.48869700177489506,0.0,0.0,-0.7307402917327867,0.0,-0.7307402425508962,0.0,45.0,45.0,42.0,44.0,41.0,45.0,42.0,0,7.6088,0,8.0152,0,0,0,0,0,0,7.9704,0,8.0224
1776185421.894579,8.3704,-0.48869700177489506,0.0,0.0,-0.7307402917327867,0.0,-0.7307402425508962,0.0,45.0,45.0,42.0,44.0,41.0,45.0,42.0,1,0,0,0,7.788,0,0,7.6216,0,7.776,0,0,0
1776185421.894633,8.3704,-0.48869700177489506,0.0,0.0,-0.7307402917327867,0.0,-0.7307402425508962,0.0,45.0,45.0,42.0,44.0,41.0,45.0,42.0,2,7.692,0,7.7712,0,0,0,0,0,0,7.6576,0,7.6016
1776185421.8946903,8.3704,-0.48869700177489506,0.0,0.0,-0.7307402917327867,0.0,-0.7307402425508962,0.0,45.0,45.0,42.0,44.0,41.0,45.0,42.0,3,0,0,0,7.4872,0,0,7.2032,0,7.8984,0,0,0
1776185421.8947916,8.3704,-0.48869700177489506,0.0,0.0,-0.7307402917327867,0.0,-0.7307402425508962,0.0,45.0,45.0,42.0,44.0,41.0,45.0,42.0,4,8.3704,0,7.4976,0,0,0,0,0,0,7.4952,0,7.4904
1776185421.8948708,8.3704,-0.48869700177489506,0.0,0.0,-0.7307402917327867,0.0,-0.7307402425508962,0.0,45.0,45.0,42.0,44.0,41.0,45.0,42.0,5,0,0,0,7.4792,0,0,7.2856,0,7.7472,0,0,0
1776185421.8949502,8.3704,-0.48869700177489506,0.0,0.0,-0.7307402917327867,0.0,-0.7307402425508962,0.0,45.0,45.0,42.0,44.0,41.0,45.0,42.0,6,7.9496,0,7.5488,0,0,0,0,0,0,8.3432,0,7.4656
1776185421.895001,8.3704,-0.48869700177489506,0.0,0.0,-0.7307402917327867,0.0,-0.7307402425508962,0.0,45.0,45.0,42.0,44.0,41.0,45.0,42.0,7,7.4752,0,7.6512,0,0,0,0,0,0,7.4704,0,7.4784
1776185421.8950496,8.3704,-0.48869700177489506,0.0,0.0,-0.7307402917327867,0.0,-0.7307402425508962,0.0,45.0,45.0,42.0,44.0,41.0,45.0,42.0,8,7.464,0,7.4648,0,0,0,0,0,0,7.4704,0,7.6368
1776185421.9465444,8.3688,-0.49992306173939716,0.0,0.0,-0.747525485898131,0.0,-0.7475254376998782,0.0,45.0,45.0,42.0,44.0,41.0,45.0,42.0,0,7.608,0,8.0168,0,0,0,0,0,0,7.9704,0,8.0224
1776185421.9466588,8.3688,-0.49992306173939716,0.0,0.0,-0.747525485898131,0.0,-0.7475254376998782,0.0,45.0,45.0,42.0,44.0,41.0,45.0,42.0,1,0,0,0,7.7864,0,0,7.6216,0,7.776,0,0,0
1776185421.9467123,8.3688,-0.49992306173939716,0.0,0.0,-0.747525485898131,0.0,-0.7475254376998782,0.0,45.0,45.0,42.0,44.0,41.0,45.0,42.0,2,7.6904,0,7.7712,0,0,0,0,0,0,7.6584,0,7.6016
1776185421.9468615,8.3688,-0.49992306173939716,0.0,0.0,-0.747525485898131,0.0,-0.7475254376998782,0.0,45.0,45.0,42.0,44.0,41.0,45.0,42.0,3,0,0,0,7.488,0,0,7.2016,0,7.8984,0,0,0
1776185421.9469109,8.3688,-0.49992306173939716,0.0,0.0,-0.747525485898131,0.0,-0.7475254376998782,0.0,45.0,45.0,42.0,44.0,41.0,45.0,42.0,4,8.3688,0,7.4984,0,0,0,0,0,0,7.4952,0,7.4888
1776185421.9469607,8.3688,-0.49992306173939716,0.0,0.0,-0.747525485898131,0.0,-0.7475254376998782,0.0,45.0,45.0,42.0,44.0,41.0,45.0,42.0,5,0,0,0,7.48,0,0,7.2832,0,7.7464,0,0,0
1776185421.947008,8.3688,-0.49992306173939716,0.0,0.0,-0.747525485898131,0.0,-0.7475254376998782,0.0,45.0,45.0,42.0,44.0,41.0,45.0,42.0,6,7.9496,0,7.5488,0,0,0,0,0,0,8.3432,0,7.4656
1776185421.9470563,8.3688,-0.49992306173939716,0.0,0.0,-0.747525485898131,0.0,-0.7475254376998782,0.0,45.0,45.0,42.0,44.0,41.0,45.0,42.0,7,7.4744,0,7.6504,0,0,0,0,0,0,7.4712,0,7.4784
1776185421.947105,8.3688,-0.49992306173939716,0.0,0.0,-0.747525485898131,0.0,-0.7475254376998782,0.0,45.0,45.0,42.0,44.0,41.0,45.0,42.0,8,7.464,0,7.4648,0,0,0,0,0,0,7.4712,0,7.6368
1776185421.99861,8.3688,-0.5109246005046092,0.0,0.0,-0.7639749761801683,0.0,-0.7639749289458807,0.0,45.0,45.0,42.0,44.0,41.0,45.0,42.0,0,7.608,0,8.0168,0,0,0,0,0,0,7.9704,0,8.0224
1776185421.9986901,8.3688,-0.5109246005046092,0.0,0.0,-0.7639749761801683,0.0,-0.7639749289458807,0.0,45.0,45.0,42.0,44.0,41.0,45.0,42.0,1,0,0,0,7.7864,0,0,7.6216,0,7.776,0,0,0
1776185421.9987423,8.3688,-0.5109246005046092,0.0,0.0,-0.7639749761801683,0.0,-0.7639749289458807,0.0,45.0,45.0,42.0,44.0,41.0,45.0,42.0,2,7.6904,0,7.7712,0,0,0,0,0,0,7.6584,0,7.6016
1776185421.9987938,8.3688,-0.5109246005046092,0.0,0.0,-0.7639749761801683,0.0,-0.7639749289458807,0.0,45.0,45.0,42.0,44.0,41.0,45.0,42.0,3,0,0,0,7.488,0,0,7.2016,0,7.8984,0,0,0
1776185421.998841,8.3688,-0.5109246005046092,0.0,0.0,-0.7639749761801683,0.0,-0.7639749289458807,0.0,45.0,45.0,42.0,44.0,41.0,45.0,42.0,4,8.3688,0,7.4984,0,0,0,0,0,0,7.4952,0,7.4888
1776185421.998889,8.3688,-0.5109246005046092,0.0,0.0,-0.7639749761801683,0.0,-0.7639749289458807,0.0,45.0,45.0,42.0,44.0,41.0,45.0,42.0,5,0,0,0,7.48,0,0,7.2832,0,7.7464,0,0,0
1776185421.9989347,8.3688,-0.5109246005046092,0.0,0.0,-0.7639749761801683,0.0,-0.7639749289458807,0.0,45.0,45.0,42.0,44.0,41.0,45.0,42.0,6,7.9496,0,7.5488,0,0,0,0,0,0,8.3432,0,7.4656
1776185421.9989824,8.3688,-0.5109246005046092,0.0,0.0,-0.7639749761801683,0.0,-0.7639749289458807,0.0,45.0,45.0,42.0,44.0,41.0,45.0,42.0,7,7.4744,0,7.6504,0,0,0,0,0,0,7.4712,0,7.4784
1776185421.9990294,8.3688,-0.5109246005046092,0.0,0.0,-0.7639749761801683,0.0,-0.7639749289458807,0.0,45.0,45.0,42.0,44.0,41.0,45.0,42.0,8,7.464,0,7.4648,0,0,0,0,0,0,7.4712,0,7.6368
1776185422.0500565,8.3688,-0.521706108494517,0.0,0.0,-0.780095476656565,0.0,-0.780095430366963,0.0,45.0,45.0,42.0,44.0,41.0,45.0,42.0,0,7.608,0,8.0168,0,0,0,0,0,0,7.9704,0,8.0224
1776185422.0501697,8.3688,-0.521706108494517,0.0,0.0,-0.780095476656565,0.0,-0.780095430366963,0.0,45.0,45.0,42.0,44.0,41.0,45.0,42.0,1,0,0,0,7.7864,0,0,7.6216,0,7.776,0,0,0
1776185422.050283,8.3688,-0.521706108494517,0.0,0.0,-0.780095476656565,0.0,-0.780095430366963,0.0,45.0,45.0,42.0,44.0,41.0,45.0,42.0,2,7.6904,0,7.7712,0,0,0,0,0,0,7.6584,0,7.6016
1776185422.0503337,8.3688,-0.521706108494517,0.0,0.0,-0.780095476656565,0.0,-0.780095430366963,0.0,45.0,45.0,42.0,44.0,41.0,45.0,42.0,3,0,0,0,7.488,0,0,7.2016,0,7.8984,0,0,0
1776185422.0503805,8.3688,-0.521706108494517,0.0,0.0,-0.780095476656565,0.0,-0.780095430366963,0.0,45.0,45.0,42.0,44.0,41.0,45.0,42.0,4,8.3688,0,7.4984,0,0,0,0,0,0,7.4952,0,7.4888
1776185422.0504282,8.3688,-0.521706108494517,0.0,0.0,-0.780095476656565,0.0,-0.780095430366963,0.0,45.0,45.0,42.0,44.0,41.0,45.0,42.0,5,0,0,0,7.48,0,0,7.2832,0,7.7464,0,0,0
1776185422.0504746,8.3688,-0.521706108494517,0.0,0.0,-0.780095476656565,0.0,-0.780095430366963,0.0,45.0,45.0,42.0,44.0,41.0,45.0,42.0,6,7.9496,0,7.5488,0,0,0,0,0,0,8.3432,0,7.4656
1776185422.0505214,8.3688,-0.521706108494517,0.0,0.0,-0.780095476656565,0.0,-0.780095430366963,0.0,45.0,45.0,42.0,44.0,41.0,45.0,42.0,7,7.4744,0,7.6504,0,0,0,0,0,0,7.4712,0,7.4784
1776185422.050568,8.3688,-0.521706108494517,0.0,0.0,-0.780095476656565,0.0,-0.780095430366963,0.0,45.0,45.0,42.0,44.0,41.0,45.0,42.0,8,7.464,0,7.4648,0,0,0,0,0,0,7.4712,0,7.6368
1776185422.10167,8.3696,-0.5322719863246267,0.0,0.0,-0.7958935671234337,0.0,-0.7958935217596238,0.0,45.0,45.0,42.0,44.0,41.0,45.0,42.0,0,7.608,0,8.016,0,0,0,0,0,0,7.9712,0,8.0216
1776185422.1017473,8.3696,-0.5322719863246267,0.0,0.0,-0.7958935671234337,0.0,-0.7958935217596238,0.0,45.0,45.0,42.0,44.0,41.0,45.0,42.0,1,0,0,0,7.7864,0,0,7.6224,0,7.776,0,0,0
1776185422.1017973,8.3696,-0.5322719863246267,0.0,0.0,-0.7958935671234337,0.0,-0.7958935217596238,0.0,45.0,45.0,42.0,44.0,41.0,45.0,42.0,2,7.6904,0,7.7696,0,0,0,0,0,0,7.6576,0,7.6024
1776185422.1018462,8.3696,-0.5322719863246267,0.0,0.0,-0.7958935671234337,0.0,-0.7958935217596238,0.0,45.0,45.0,42.0,44.0,41.0,45.0,42.0,3,0,0,0,7.4888,0,0,7.2016,0,7.8992,0,0,0
1776185422.101895,8.3696,-0.5322719863246267,0.0,0.0,-0.7958935671234337,0.0,-0.7958935217596238,0.0,45.0,45.0,42.0,44.0,41.0,45.0,42.0,4,8.3696,0,7.4968,0,0,0,0,0,0,7.4944,0,7.4896
1776185422.1020699,8.3696,-0.5322719863246267,0.0,0.0,-0.7958935671234337,0.0,-0.7958935217596238,0.0,45.0,45.0,42.0,44.0,41.0,45.0,42.0,5,0,0,0,7.4816,0,0,7.2864,0,7.7488,0,0,0
1776185422.1021636,8.3696,-0.5322719863246267,0.0,0.0,-0.7958935671234337,0.0,-0.7958935217596238,0.0,45.0,45.0,42.0,44.0,41.0,45.0,42.0,6,7.9488,0,7.5488,0,0,0,0,0,0,8.3424,0,7.4648
1776185422.1022358,8.3696,-0.5322719863246267,0.0,0.0,-0.7958935671234337,0.0,-0.7958935217596238,0.0,45.0,45.0,42.0,44.0,41.0,45.0,42.0,7,7.476,0,7.6504,0,0,0,0,0,0,7.4688,0,7.4784
1776185422.102285,8.3696,-0.5322719863246267,0.0,0.0,-0.7958935671234337,0.0,-0.7958935217596238,0.0,45.0,45.0,42.0,44.0,41.0,45.0,42.0,8,7.4632,0,7.4648,0,0,0,0,0,0,7.4704,0,7.6368
1776185422.153728,8.3696,-0.5426265465981341,0.0,0.0,-0.811375695780965,0.0,-0.8113756513244313,0.0,45.0,45.0,42.0,44.0,41.0,45.0,42.0,0,7.608,0,8.016,0,0,0,0,0,0,7.9712,0,8.0216
1776185422.153808,8.3696,-0.5426265465981341,0.0,0.0,-0.811375695780965,0.0,-0.8113756513244313,0.0,45.0,45.0,42.0,44.0,41.0,45.0,42.0,1,0,0,0,7.7864,0,0,7.6224,0,7.776,0,0,0
1776185422.1538606,8.3696,-0.5426265465981341,0.0,0.0,-0.811375695780965,0.0,-0.8113756513244313,0.0,45.0,45.0,42.0,44.0,41.0,45.0,42.0,2,7.6904,0,7.7696,0,0,0,0,0,0,7.6576,0,7.6024
1776185422.1539123,8.3696,-0.5426265465981341,0.0,0.0,-0.811375695780965,0.0,-0.8113756513244313,0.0,45.0,45.0,42.0,44.0,41.0,45.0,42.0,3,0,0,0,7.4888,0,0,7.2016,0,7.8992,0,0,0
1776185422.1539607,8.3696,-0.5426265465981341,0.0,0.0,-0.811375695780965,0.0,-0.8113756513244313,0.0,45.0,45.0,42.0,44.0,41.0,45.0,42.0,4,8.3696,0,7.4968,0,0,0,0,0,0,7.4944,0,7.4896
1776185422.1540084,8.3696,-0.5426265465981341,0.0,0.0,-0.811375695780965,0.0,-0.8113756513244313,0.0,45.0,45.0,42.0,44.0,41.0,45.0,42.0,5,0,0,0,7.4816,0,0,7.2864,0,7.7488,0,0,0
1776185422.154055,8.3696,-0.5426265465981341,0.0,0.0,-0.811375695780965,0.0,-0.8113756513244313,0.0,45.0,45.0,42.0,44.0,41.0,45.0,42.0,6,7.9488,0,7.5488,0,0,0,0,0,0,8.3424,0,7.4648
1776185422.1541042,8.3696,-0.5426265465981341,0.0,0.0,-0.811375695780965,0.0,-0.8113756513244313,0.0,45.0,45.0,42.0,44.0,41.0,45.0,42.0,7,7.476,0,7.6504,0,0,0,0,0,0,7.4688,0,7.4784
1776185422.1541529,8.3696,-0.5426265465981341,0.0,0.0,-0.811375695780965,0.0,-0.8113756513244313,0.0,45.0,45.0,42.0,44.0,41.0,45.0,42.0,8,7.4632,0,7.4648,0,0,0,0,0,0,7.4704,0,7.6368
1776185422.2056906,8.3688,-0.5527740156661715,0.0,0.0,-0.8265481818653457,0.0,-0.8265481382979427,0.0,45.0,45.0,42.0,44.0,41.0,45.0,42.0,0,7.608,0,8.0152,0,0,0,0,0,0,7.9704,0,8.0224
1776185422.205771,8.3688,-0.5527740156661715,0.0,0.0,-0.8265481818653457,0.0,-0.8265481382979427,0.0,45.0,45.0,42.0,44.0,41.0,45.0,42.0,1,0,0,0,7.7864,0,0,7.6224,0,7.7768,0,0,0
1776185422.2058234,8.3688,-0.5527740156661715,0.0,0.0,-0.8265481818653457,0.0,-0.8265481382979427,0.0,45.0,45.0,42.0,44.0,41.0,45.0,42.0,2,7.6904,0,7.7712,0,0,0,0,0,0,7.6584,0,7.6016
1776185422.2058735,8.3688,-0.5527740156661715,0.0,0.0,-0.8265481818653457,0.0,-0.8265481382979427,0.0,45.0,45.0,42.0,44.0,41.0,45.0,42.0,3,0,0,0,7.4888,0,0,7.2048,0,7.9008,0,0,0
1776185422.2059422,8.3688,-0.5527740156661715,0.0,0.0,-0.8265481818653457,0.0,-0.8265481382979427,0.0,45.0,45.0,42.0,44.0,41.0,45.0,42.0,4,8.3688,0,7.4968,0,0,0,0,0,0,7.4944,0,7.4904
1776185422.206029,8.3688,-0.5527740156661715,0.0,0.0,-0.8265481818653457,0.0,-0.8265481382979427,0.0,45.0,45.0,42.0,44.0,41.0,45.0,42.0,5,0,0,0,7.4808,0,0,7.2856,0,7.7488,0,0,0
1776185422.2061152,8.3688,-0.5527740156661715,0.0,0.0,-0.8265481818653457,0.0,-0.8265481382979427,0.0,45.0,45.0,42.0,44.0,41.0,45.0,42.0,6,7.9504,0,7.5496,0,0,0,0,0,0,8.3424,0,7.4664
1776185422.2061884,8.3688,-0.5527740156661715,0.0,0.0,-0.8265481818653457,0.0,-0.8265481382979427,0.0,45.0,45.0,42.0,44.0,41.0,45.0,42.0,7,7.4752,0,7.6512,0,0,0,0,0,0,7.4696,0,7.4784
1776185422.2062361,8.3688,-0.5527740156661715,0.0,0.0,-0.8265481818653457,0.0,-0.8265481382979427,0.0,45.0,45.0,42.0,44.0,41.0,45.0,42.0,8,7.464,0,7.4648,0,0,0,0,0,0,7.4712,0,7.6376
1776185422.2582932,8.3688,-0.562718535352848,0.0,0.0,-0.8414172182280388,0.0,-0.8414171755319838,0.0,45.0,45.0,42.0,44.0,41.0,45.0,42.0,0,7.608,0,8.0152,0,0,0,0,0,0,7.9704,0,8.0224
1776185422.258401,8.3688,-0.562718535352848,0.0,0.0,-0.8414172182280388,0.0,-0.8414171755319838,0.0,45.0,45.0,42.0,44.0,41.0,45.0,42.0,1,0,0,0,7.7864,0,0,7.6224,0,7.7768,0,0,0
1776185422.2584815,8.3688,-0.562718535352848,0.0,0.0,-0.8414172182280388,0.0,-0.8414171755319838,0.0,45.0,45.0,42.0,44.0,41.0,45.0,42.0,2,7.6904,0,7.7712,0,0,0,0,0,0,7.6584,0,7.6016
1776185422.2585602,8.3688,-0.562718535352848,0.0,0.0,-0.8414172182280388,0.0,-0.8414171755319838,0.0,45.0,45.0,42.0,44.0,41.0,45.0,42.0,3,0,0,0,7.4888,0,0,7.2048,0,7.9008,0,0,0
1776185422.258637,8.3688,-0.562718535352848,0.0,0.0,-0.8414172182280388,0.0,-0.8414171755319838,0.0,45.0,45.0,42.0,44.0,41.0,45.0,42.0,4,8.3688,0,7.4968,0,0,0,0,0,0,7.4944,0,7.4904
1776185422.2587266,8.3688,-0.562718535352848,0.0,0.0,-0.8414172182280388,0.0,-0.8414171755319838,0.0,45.0,45.0,42.0,44.0,41.0,45.0,42.0,5,0,0,0,7.4808,0,0,7.2856,0,7.7488,0,0,0
1776185422.2588098,8.3688,-0.562718535352848,0.0,0.0,-0.8414172182280388,0.0,-0.8414171755319838,0.0,45.0,45.0,42.0,44.0,41.0,45.0,42.0,6,7.9504,0,7.5496,0,0,0,0,0,0,8.3424,0,7.4664
1776185422.2588992,8.3688,-0.562718535352848,0.0,0.0,-0.8414172182280388,0.0,-0.8414171755319838,0.0,45.0,45.0,42.0,44.0,41.0,45.0,42.0,7,7.4752,0,7.6512,0,0,0,0,0,0,7.4696,0,7.4784
1776185422.2589865,8.3688,-0.562718535352848,0.0,0.0,-0.8414172182280388,0.0,-0.8414171755319838,0.0,45.0,45.0,42.0,44.0,41.0,45.0,42.0,8,7.464,0,7.4648,0,0,0,0,0,0,7.4712,0,7.6376
1776185422.3103921,8.3688,-0.5724641646457911,0.0,0.0,-0.8559888738634781,0.0,-0.8559888320213441,0.0,45.0,45.0,42.0,44.0,41.0,45.0,42.0,0,7.608,0,8.0152,0,0,0,0,0,0,7.9704,0,8.0224
1776185422.3105004,8.3688,-0.5724641646457911,0.0,0.0,-0.8559888738634781,0.0,-0.8559888320213441,0.0,45.0,45.0,42.0,44.0,41.0,45.0,42.0,1,0,0,0,7.7864,0,0,7.6224,0,7.7768,0,0,0
1776185422.3105907,8.3688,-0.5724641646457911,0.0,0.0,-0.8559888738634781,0.0,-0.8559888320213441,0.0,45.0,45.0,42.0,44.0,41.0,45.0,42.0,2,7.6904,0,7.7712,0,0,0,0,0,0,7.6584,0,7.6016
1776185422.310694,8.3688,-0.5724641646457911,0.0,0.0,-0.8559888738634781,0.0,-0.8559888320213441,0.0,45.0,45.0,42.0,44.0,41.0,45.0,42.0,3,0,0,0,7.4888,0,0,7.2048,0,7.9008,0,0,0
1776185422.3107903,8.3688,-0.5724641646457911,0.0,0.0,-0.8559888738634781,0.0,-0.8559888320213441,0.0,45.0,45.0,42.0,44.0,41.0,45.0,42.0,4,8.3688,0,7.4968,0,0,0,0,0,0,7.4944,0,7.4904
1776185422.31089,8.3688,-0.5724641646457911,0.0,0.0,-0.8559888738634781,0.0,-0.8559888320213441,0.0,45.0,45.0,42.0,44.0,41.0,45.0,42.0,5,0,0,0,7.4808,0,0,7.2856,0,7.7488,0,0,0
1776185422.3109894,8.3688,-0.5724641646457911,0.0,0.0,-0.8559888738634781,0.0,-0.8559888320213441,0.0,45.0,45.0,42.0,44.0,41.0,45.0,42.0,6,7.9504,0,7.5496,0,0,0,0,0,0,8.3424,0,7.4664
1776185422.3110662,8.3688,-0.5724641646457911,0.0,0.0,-0.8559888738634781,0.0,-0.8559888320213441,0.0,45.0,45.0,42.0,44.0,41.0,45.0,42.0,7,7.4752,0,7.6512,0,0,0,0,0,0,7.4696,0,7.4784
1776185422.3111386,8.3688,-0.5724641646457911,0.0,0.0,-0.8559888738634781,0.0,-0.8559888320213441,0.0,45.0,45.0,42.0,44.0,41.0,45.0,42.0,8,7.464,0,7.4648,0,0,0,0,0,0,7.4712,0,7.6376
1776185422.3630555,8.368,-0.5820148813528753,0.0,0.0,-0.8702690963862085,0.0,-0.8702690553809173,0.0,45.0,45.0,42.0,44.0,41.0,45.0,42.0,0,7.608,0,8.0152,0,0,0,0,0,0,7.9704,0,8.0224
1776185422.3631637,8.368,-0.5820148813528753,0.0,0.0,-0.8702690963862085,0.0,-0.8702690553809173,0.0,45.0,45.0,42.0,44.0,41.0,45.0,42.0,1,0,0,0,7.7864,0,0,7.6232,0,7.776,0,0,0
1776185422.3632166,8.368,-0.5820148813528753,0.0,0.0,-0.8702690963862085,0.0,-0.8702690553809173,0.0,45.0,45.0,42.0,44.0,41.0,45.0,42.0,2,7.6912,0,7.7712,0,0,0,0,0,0,7.6584,0,7.6016
1776185422.3632665,8.368,-0.5820148813528753,0.0,0.0,-0.8702690963862085,0.0,-0.8702690553809173,0.0,45.0,45.0,42.0,44.0,41.0,45.0,42.0,3,0,0,0,7.488,0,0,7.2024,0,7.8984,0,0,0
1776185422.363314,8.368,-0.5820148813528753,0.0,0.0,-0.8702690963862085,0.0,-0.8702690553809173,0.0,45.0,45.0,42.0,44.0,41.0,45.0,42.0,4,8.368,0,7.4984,0,0,0,0,0,0,7.4944,0,7.4896
1776185422.3635187,8.368,-0.5820148813528753,0.0,0.0,-0.8702690963862085,0.0,-0.8702690553809173,0.0,45.0,45.0,42.0,44.0,41.0,45.0,42.0,5,0,0,0,7.4816,0,0,7.2856,0,7.7488,0,0,0
1776185422.3636081,8.368,-0.5820148813528753,0.0,0.0,-0.8702690963862085,0.0,-0.8702690553809173,0.0,45.0,45.0,42.0,44.0,41.0,45.0,42.0,6,7.9496,0,7.548,0,0,0,0,0,0,8.3432,0,7.4656
1776185422.3637013,8.368,-0.5820148813528753,0.0,0.0,-0.8702690963862085,0.0,-0.8702690553809173,0.0,45.0,45.0,42.0,44.0,41.0,45.0,42.0,7,7.476,0,7.652,0,0,0,0,0,0,7.4704,0,7.4784
1776185422.363792,8.368,-0.5820148813528753,0.0,0.0,-0.8702690963862085,0.0,-0.8702690553809173,0.0,45.0,45.0,42.0,44.0,41.0,45.0,42.0,8,7.4632,0,7.4648,0,0,0,0,0,0,7.4712,0,7.6368
1776185422.415499,8.368,-0.5913745837258177,0.0,0.0,-0.8842637144584844,0.0,-0.8842636742732989,0.0,45.0,45.0,42.0,44.0,41.0,45.0,42.0,0,7.608,0,8.0152,0,0,0,0,0,0,7.9704,0,8.0224
1776185422.415627,8.368,-0.5913745837258177,0.0,0.0,-0.8842637144584844,0.0,-0.8842636742732989,0.0,45.0,45.0,42.0,44.0,41.0,45.0,42.0,1,0,0,0,7.7864,0,0,7.6232,0,7.776,0,0,0
1776185422.4157124,8.368,-0.5913745837258177,0.0,0.0,-0.8842637144584844,0.0,-0.8842636742732989,0.0,45.0,45.0,42.0,44.0,41.0,45.0,42.0,2,7.6912,0,7.7712,0,0,0,0,0,0,7.6584,0,7.6016
1776185422.4158068,8.368,-0.5913745837258177,0.0,0.0,-0.8842637144584844,0.0,-0.8842636742732989,0.0,45.0,45.0,42.0,44.0,41.0,45.0,42.0,3,0,0,0,7.488,0,0,7.2024,0,7.8984,0,0,0
1776185422.4159005,8.368,-0.5913745837258177,0.0,0.0,-0.8842637144584844,0.0,-0.8842636742732989,0.0,45.0,45.0,42.0,44.0,41.0,45.0,42.0,4,8.368,0,7.4984,0,0,0,0,0,0,7.4944,0,7.4896
1776185422.415983,8.368,-0.5913745837258177,0.0,0.0,-0.8842637144584844,0.0,-0.8842636742732989,0.0,45.0,45.0,42.0,44.0,41.0,45.0,42.0,5,0,0,0,7.4816,0,0,7.2856,0,7.7488,0,0,0
1776185422.4160633,8.368,-0.5913745837258177,0.0,0.0,-0.8842637144584844,0.0,-0.8842636742732989,0.0,45.0,45.0,42.0,44.0,41.0,45.0,42.0,6,7.9496,0,7.548,0,0,0,0,0,0,8.3432,0,7.4656
1776185422.4161468,8.368,-0.5913745837258177,0.0,0.0,-0.8842637144584844,0.0,-0.8842636742732989,0.0,45.0,45.0,42.0,44.0,41.0,45.0,42.0,7,7.476,0,7.652,0,0,0,0,0,0,7.4704,0,7.4784
1776185422.416228,8.368,-0.5913745837258177,0.0,0.0,-0.8842637144584844,0.0,-0.8842636742732989,0.0,45.0,45.0,42.0,44.0,41.0,45.0,42.0,8,7.4632,0,7.4648,0,0,0,0,0,0,7.4712,0,7.6368
1776185422.467518,8.368,-0.6005470920513014,0.0,0.0,-0.8979784401693147,0.0,-0.8979784007878329,0.0,45.0,45.0,42.0,44.0,41.0,45.0,42.0,0,7.6088,0,8.0152,0,0,0,0,0,0,7.9712,0,8.0216
1776185422.467627,8.368,-0.6005470920513014,0.0,0.0,-0.8979784401693147,0.0,-0.8979784007878329,0.0,45.0,45.0,42.0,44.0,41.0,45.0,42.0,1,0,0,0,7.7864,0,0,7.624,0,7.7768,0,0,0
1776185422.4677107,8.368,-0.6005470920513014,0.0,0.0,-0.8979784401693147,0.0,-0.8979784007878329,0.0,45.0,45.0,42.0,44.0,41.0,45.0,42.0,2,7.692,0,7.772,0,0,0,0,0,0,7.6576,0,7.6032
1776185422.4677935,8.368,-0.6005470920513014,0.0,0.0,-0.8979784401693147,0.0,-0.8979784007878329,0.0,45.0,45.0,42.0,44.0,41.0,45.0,42.0,3,0,0,0,7.488,0,0,7.2024,0,7.8992,0,0,0
1776185422.4678738,8.368,-0.6005470920513014,0.0,0.0,-0.8979784401693147,0.0,-0.8979784007878329,0.0,45.0,45.0,42.0,44.0,41.0,45.0,42.0,4,8.368,0,7.4968,0,0,0,0,0,0,7.4952,0,7.4904
1776185422.467956,8.368,-0.6005470920513014,0.0,0.0,-0.8979784401693147,0.0,-0.8979784007878329,0.0,45.0,45.0,42.0,44.0,41.0,45.0,42.0,5,0,0,0,7.4808,0,0,7.284,0,7.748,0,0,0
1776185422.468036,8.368,-0.6005470920513014,0.0,0.0,-0.8979784401693147,0.0,-0.8979784007878329,0.0,45.0,45.0,42.0,44.0,41.0,45.0,42.0,6,7.9488,0,7.5488,0,0,0,0,0,0,8.3432,0,7.4656
1776185422.4681253,8.368,-0.6005470920513014,0.0,0.0,-0.8979784401693147,0.0,-0.8979784007878329,0.0,45.0,45.0,42.0,44.0,41.0,45.0,42.0,7,7.4752,0,7.6504,0,0,0,0,0,0,7.4696,0,7.4784
1776185422.4682155,8.368,-0.6005470920513014,0.0,0.0,-0.8979784401693147,0.0,-0.8979784007878329,0.0,45.0,45.0,42.0,44.0,41.0,45.0,42.0,8,7.4632,0,7.464,0,0,0,0,0,0,7.4712,0,7.6376
1776185422.5200143,8.368,-0.6095361502102754,0.0,0.0,-0.9114188713659285,0.0,-0.9114188327720762,0.0,45.0,45.0,42.0,44.0,41.0,45.0,42.0,0,7.6088,0,8.0152,0,0,0,0,0,0,7.9712,0,8.0216
1776185422.5200937,8.368,-0.6095361502102754,0.0,0.0,-0.9114188713659285,0.0,-0.9114188327720762,0.0,45.0,45.0,42.0,44.0,41.0,45.0,42.0,1,0,0,0,7.7864,0,0,7.624,0,7.7768,0,0,0
1776185422.5201454,8.368,-0.6095361502102754,0.0,0.0,-0.9114188713659285,0.0,-0.9114188327720762,0.0,45.0,45.0,42.0,44.0,41.0,45.0,42.0,2,7.692,0,7.772,0,0,0,0,0,0,7.6576,0,7.6032
1776185422.5201955,8.368,-0.6095361502102754,0.0,0.0,-0.9114188713659285,0.0,-0.9114188327720762,0.0,45.0,45.0,42.0,44.0,41.0,45.0,42.0,3,0,0,0,7.488,0,0,7.2024,0,7.8992,0,0,0
1776185422.520263,8.368,-0.6095361502102754,0.0,0.0,-0.9114188713659285,0.0,-0.9114188327720762,0.0,45.0,45.0,42.0,44.0,41.0,45.0,42.0,4,8.368,0,7.4968,0,0,0,0,0,0,7.4952,0,7.4904
1776185422.520364,8.368,-0.6095361502102754,0.0,0.0,-0.9114188713659285,0.0,-0.9114188327720762,0.0,45.0,45.0,42.0,44.0,41.0,45.0,42.0,5,0,0,0,7.4808,0,0,7.284,0,7.748,0,0,0
1776185422.5204504,8.368,-0.6095361502102754,0.0,0.0,-0.9114188713659285,0.0,-0.9114188327720762,0.0,45.0,45.0,42.0,44.0,41.0,45.0,42.0,6,7.9488,0,7.5488,0,0,0,0,0,0,8.3432,0,7.4656
1776185422.5205324,8.368,-0.6095361502102754,0.0,0.0,-0.9114188713659285,0.0,-0.9114188327720762,0.0,45.0,45.0,42.0,44.0,41.0,45.0,42.0,7,7.4752,0,7.6504,0,0,0,0,0,0,7.4696,0,7.4784
1776185422.520614,8.368,-0.6095361502102754,0.0,0.0,-0.9114188713659285,0.0,-0.9114188327720762,0.0,45.0,45.0,42.0,44.0,41.0,45.0,42.0,8,7.4632,0,7.464,0,0,0,0,0,0,7.4712,0,7.6376
1776185422.572015,8.3696,-0.6183454272060699,0.0,0.0,-0.9245904939386099,0.0,-0.9245904561166347,0.0,45.0,45.0,42.0,44.0,41.0,45.0,42.0,0,7.6096,0,8.016,0,0,0,0,0,0,7.9704,0,8.0216
1776185422.5721426,8.3696,-0.6183454272060699,0.0,0.0,-0.9245904939386099,0.0,-0.9245904561166347,0.0,45.0,45.0,42.0,44.0,41.0,45.0,42.0,1,0,0,0,7.7864,0,0,7.6232,0,7.776,0,0,0
1776185422.5722203,8.3696,-0.6183454272060699,0.0,0.0,-0.9245904939386099,0.0,-0.9245904561166347,0.0,45.0,45.0,42.0,44.0,41.0,45.0,42.0,2,7.692,0,7.7712,0,0,0,0,0,0,7.6584,0,7.6016
1776185422.5722713,8.3696,-0.6183454272060699,0.0,0.0,-0.9245904939386099,0.0,-0.9245904561166347,0.0,45.0,45.0,42.0,44.0,41.0,45.0,42.0,3,0,0,0,7.4888,0,0,7.2032,0,7.8984,0,0,0
1776185422.57232,8.3696,-0.6183454272060699,0.0,0.0,-0.9245904939386099,0.0,-0.9245904561166347,0.0,45.0,45.0,42.0,44.0,41.0,45.0,42.0,4,8.3696,0,7.4968,0,0,0,0,0,0,7.496,0,7.4896
1776185422.5724454,8.3696,-0.6183454272060699,0.0,0.0,-0.9245904939386099,0.0,-0.9245904561166347,0.0,45.0,45.0,42.0,44.0,41.0,45.0,42.0,5,0,0,0,7.4808,0,0,7.2856,0,7.748,0,0,0
1776185422.5725498,8.3696,-0.6183454272060699,0.0,0.0,-0.9245904939386099,0.0,-0.9245904561166347,0.0,45.0,45.0,42.0,44.0,41.0,45.0,42.0,6,7.9496,0,7.5488,0,0,0,0,0,0,8.3432,0,7.4664
1776185422.572644,8.3696,-0.6183454272060699,0.0,0.0,-0.9245904939386099,0.0,-0.9245904561166347,0.0,45.0,45.0,42.0,44.0,41.0,45.0,42.0,7,7.476,0,7.652,0,0,0,0,0,0,7.4704,0,7.4792
1776185422.5727825,8.3696,-0.6183454272060699,0.0,0.0,-0.9245904939386099,0.0,-0.9245904561166347,0.0,45.0,45.0,42.0,44.0,41.0,45.0,42.0,8,7.464,0,7.464,0,0,0,0,0,0,7.4712,0,7.6368
1776185422.6250243,8.3696,-0.6269785186619485,0.0,0.0,-0.9374986840598377,0.0,-0.937498646994302,0.0,45.0,45.0,42.0,44.0,41.0,45.0,42.0,0,7.6096,0,8.016,0,0,0,0,0,0,7.9704,0,8.0216
1776185422.62515,8.3696,-0.6269785186619485,0.0,0.0,-0.9374986840598377,0.0,-0.937498646994302,0.0,45.0,45.0,42.0,44.0,41.0,45.0,42.0,1,0,0,0,7.7864,0,0,7.6232,0,7.776,0,0,0
1776185422.6252024,8.3696,-0.6269785186619485,0.0,0.0,-0.9374986840598377,0.0,-0.937498646994302,0.0,45.0,45.0,42.0,44.0,41.0,45.0,42.0,2,7.692,0,7.7712,0,0,0,0,0,0,7.6584,0,7.6016
1776185422.6252532,8.3696,-0.6269785186619485,0.0,0.0,-0.9374986840598377,0.0,-0.937498646994302,0.0,45.0,45.0,42.0,44.0,41.0,45.0,42.0,3,0,0,0,7.4888,0,0,7.2032,0,7.8984,0,0,0
1776185422.625301,8.3696,-0.6269785186619485,0.0,0.0,-0.9374986840598377,0.0,-0.937498646994302,0.0,45.0,45.0,42.0,44.0,41.0,45.0,42.0,4,8.3696,0,7.4968,0,0,0,0,0,0,7.496,0,7.4896
1776185422.6254945,8.3696,-0.6269785186619485,0.0,0.0,-0.9374986840598377,0.0,-0.937498646994302,0.0,45.0,45.0,42.0,44.0,41.0,45.0,42.0,5,0,0,0,7.4808,0,0,7.2856,0,7.748,0,0,0
1776185422.6255815,8.3696,-0.6269785186619485,0.0,0.0,-0.9374986840598377,0.0,-0.937498646994302,0.0,45.0,45.0,42.0,44.0,41.0,45.0,42.0,6,7.9496,0,7.5488,0,0,0,0,0,0,8.3432,0,7.4664
1776185422.625676,8.3696,-0.6269785186619485,0.0,0.0,-0.9374986840598377,0.0,-0.937498646994302,0.0,45.0,45.0,42.0,44.0,41.0,45.0,42.0,7,7.476,0,7.652,0,0,0,0,0,0,7.4704,0,7.4792
1776185422.6257782,8.3696,-0.6269785186619485,0.0,0.0,-0.9374986840598377,0.0,-0.937498646994302,0.0,45.0,45.0,42.0,44.0,41.0,45.0,42.0,8,7.464,0,7.464,0,0,0,0,0,0,7.4712,0,7.6368
1776185422.6773894,8.3688,-0.6354389482887096,0.0,0.0,-0.950148710378641,0.0,-0.9501486740544159,0.0,45.0,45.0,42.0,44.0,41.0,45.0,42.0,0,7.6088,0,8.016,0,0,0,0,0,0,7.9704,0,8.0224
1776185422.677469,8.3688,-0.6354389482887096,0.0,0.0,-0.950148710378641,0.0,-0.9501486740544159,0.0,45.0,45.0,42.0,44.0,41.0,45.0,42.0,1,0,0,0,7.7864,0,0,7.6232,0,7.7776,0,0,0
1776185422.6775208,8.3688,-0.6354389482887096,0.0,0.0,-0.950148710378641,0.0,-0.9501486740544159,0.0,45.0,45.0,42.0,44.0,41.0,45.0,42.0,2,7.692,0,7.7712,0,0,0,0,0,0,7.6576,0,7.6016
1776185422.677572,8.3688,-0.6354389482887096,0.0,0.0,-0.950148710378641,0.0,-0.9501486740544159,0.0,45.0,45.0,42.0,44.0,41.0,45.0,42.0,3,0,0,0,7.4888,0,0,7.2032,0,7.8984,0,0,0
1776185422.6776197,8.3688,-0.6354389482887096,0.0,0.0,-0.950148710378641,0.0,-0.9501486740544159,0.0,45.0,45.0,42.0,44.0,41.0,45.0,42.0,4,8.3688,0,7.4968,0,0,0,0,0,0,7.4936,0,7.4912
1776185422.677668,8.3688,-0.6354389482887096,0.0,0.0,-0.950148710378641,0.0,-0.9501486740544159,0.0,45.0,45.0,42.0,44.0,41.0,45.0,42.0,5,0,0,0,7.4824,0,0,7.2848,0,7.748,0,0,0
1776185422.6777153,8.3688,-0.6354389482887096,0.0,0.0,-0.950148710378641,0.0,-0.9501486740544159,0.0,45.0,45.0,42.0,44.0,41.0,45.0,42.0,6,7.9496,0,7.5496,0,0,0,0,0,0,8.344,0,7.4648
1776185422.6777642,8.3688,-0.6354389482887096,0.0,0.0,-0.950148710378641,0.0,-0.9501486740544159,0.0,45.0,45.0,42.0,44.0,41.0,45.0,42.0,7,7.4744,0,7.6504,0,0,0,0,0,0,7.4704,0,7.4784
1776185422.6778123,8.3688,-0.6354389482887096,0.0,0.0,-0.950148710378641,0.0,-0.9501486740544159,0.0,45.0,45.0,42.0,44.0,41.0,45.0,42.0,8,7.464,0,7.4648,0,0,0,0,0,0,7.4712,0,7.636
1776185422.72926,8.3696,-0.6437301693229355,0.0,0.0,-0.9625457361710682,0.0,-0.9625457005733277,0.0,45.0,45.0,42.0,44.0,41.0,45.0,42.0,0,7.6088,0,8.0152,0,0,0,0,0,0,7.9704,0,8.0224
1776185422.7293675,8.3696,-0.6437301693229355,0.0,0.0,-0.9625457361710682,0.0,-0.9625457005733277,0.0,45.0,45.0,42.0,44.0,41.0,45.0,42.0,1,0,0,0,7.7864,0,0,7.6232,0,7.776,0,0,0
1776185422.7294245,8.3696,-0.6437301693229355,0.0,0.0,-0.9625457361710682,0.0,-0.9625457005733277,0.0,45.0,45.0,42.0,44.0,41.0,45.0,42.0,2,7.6912,0,7.7712,0,0,0,0,0,0,7.6584,0,7.6024
1776185422.7295167,8.3696,-0.6437301693229355,0.0,0.0,-0.9625457361710682,0.0,-0.9625457005733277,0.0,45.0,45.0,42.0,44.0,41.0,45.0,42.0,3,0,0,0,7.4896,0,0,7.2024,0,7.9008,0,0,0
1776185422.7295675,8.3696,-0.6437301693229355,0.0,0.0,-0.9625457361710682,0.0,-0.9625457005733277,0.0,45.0,45.0,42.0,44.0,41.0,45.0,42.0,4,8.3696,0,7.4968,0,0,0,0,0,0,7.4968,0,7.4904
1776185422.7296169,8.3696,-0.6437301693229355,0.0,0.0,-0.9625457361710682,0.0,-0.9625457005733277,0.0,45.0,45.0,42.0,44.0,41.0,45.0,42.0,5,0,0,0,7.4808,0,0,7.2856,0,7.7472,0,0,0
1776185422.7296643,8.3696,-0.6437301693229355,0.0,0.0,-0.9625457361710682,0.0,-0.9625457005733277,0.0,45.0,45.0,42.0,44.0,41.0,45.0,42.0,6,7.9504,0,7.5488,0,0,0,0,0,0,8.3432,0,7.4648
1776185422.7297125,8.3696,-0.6437301693229355,0.0,0.0,-0.9625457361710682,0.0,-0.9625457005733277,0.0,45.0,45.0,42.0,44.0,41.0,45.0,42.0,7,7.4752,0,7.6496,0,0,0,0,0,0,7.4696,0,7.4792
1776185422.7297602,8.3696,-0.6437301693229355,0.0,0.0,-0.9625457361710682,0.0,-0.9625457005733277,0.0,45.0,45.0,42.0,44.0,41.0,45.0,42.0,8,7.464,0,7.4648,0,0,0,0,0,0,7.472,0,7.6368
1776185422.7812595,8.3696,-0.6518555659364768,0.0,0.0,-0.9746948214476469,0.0,-0.9746947865618611,0.0,45.0,45.0,42.0,44.0,41.0,45.0,42.0,0,7.6088,0,8.0152,0,0,0,0,0,0,7.9704,0,8.0224
1776185422.7813396,8.3696,-0.6518555659364768,0.0,0.0,-0.9746948214476469,0.0,-0.9746947865618611,0.0,45.0,45.0,42.0,44.0,41.0,45.0,42.0,1,0,0,0,7.7864,0,0,7.6232,0,7.776,0,0,0
1776185422.7813919,8.3696,-0.6518555659364768,0.0,0.0,-0.9746948214476469,0.0,-0.9746947865618611,0.0,45.0,45.0,42.0,44.0,41.0,45.0,42.0,2,7.6912,0,7.7712,0,0,0,0,0,0,7.6584,0,7.6024
1776185422.7814703,8.3696,-0.6518555659364768,0.0,0.0,-0.9746948214476469,0.0,-0.9746947865618611,0.0,45.0,45.0,42.0,44.0,41.0,45.0,42.0,3,0,0,0,7.4896,0,0,7.2024,0,7.9008,0,0,0
1776185422.7815616,8.3696,-0.6518555659364768,0.0,0.0,-0.9746948214476469,0.0,-0.9746947865618611,0.0,45.0,45.0,42.0,44.0,41.0,45.0,42.0,4,8.3696,0,7.4968,0,0,0,0,0,0,7.4968,0,7.4904
1776185422.781612,8.3696,-0.6518555659364768,0.0,0.0,-0.9746948214476469,0.0,-0.9746947865618611,0.0,45.0,45.0,42.0,44.0,41.0,45.0,42.0,5,0,0,0,7.4808,0,0,7.2856,0,7.7472,0,0,0
1776185422.781659,8.3696,-0.6518555659364768,0.0,0.0,-0.9746948214476469,0.0,-0.9746947865618611,0.0,45.0,45.0,42.0,44.0,41.0,45.0,42.0,6,7.9504,0,7.5488,0,0,0,0,0,0,8.3432,0,7.4648
1776185422.7817068,8.3696,-0.6518555659364768,0.0,0.0,-0.9746948214476469,0.0,-0.9746947865618611,0.0,45.0,45.0,42.0,44.0,41.0,45.0,42.0,7,7.4752,0,7.6496,0,0,0,0,0,0,7.4696,0,7.4792
1776185422.781755,8.3696,-0.6518555659364768,0.0,0.0,-0.9746948214476469,0.0,-0.9746947865618611,0.0,45.0,45.0,42.0,44.0,41.0,45.0,42.0,8,7.464,0,7.4648,0,0,0,0,0,0,7.472,0,7.6368
1776185422.833279,8.3688,-0.6598184546177472,0.0,0.0,-0.9866009250186939,0.0,-0.986600890830624,0.0,45.0,45.0,42.0,44.0,41.0,45.0,42.0,0,7.608,0,8.016,0,0,0,0,0,0,7.972,0,8.0216
1776185422.833363,8.3688,-0.6598184546177472,0.0,0.0,-0.9866009250186939,0.0,-0.986600890830624,0.0,45.0,45.0,42.0,44.0,41.0,45.0,42.0,1,0,0,0,7.7864,0,0,7.6232,0,7.776,0,0,0
1776185422.8334146,8.3688,-0.6598184546177472,0.0,0.0,-0.9866009250186939,0.0,-0.986600890830624,0.0,45.0,45.0,42.0,44.0,41.0,45.0,42.0,2,7.6912,0,7.7712,0,0,0,0,0,0,7.6584,0,7.6016
1776185422.8334646,8.3688,-0.6598184546177472,0.0,0.0,-0.9866009250186939,0.0,-0.986600890830624,0.0,45.0,45.0,42.0,44.0,41.0,45.0,42.0,3,0,0,0,7.4888,0,0,7.2008,0,7.8984,0,0,0
1776185422.8335114,8.3688,-0.6598184546177472,0.0,0.0,-0.9866009250186939,0.0,-0.986600890830624,0.0,45.0,45.0,42.0,44.0,41.0,45.0,42.0,4,8.3688,0,7.496,0,0,0,0,0,0,7.4952,0,7.4904
1776185422.8335588,8.3688,-0.6598184546177472,0.0,0.0,-0.9866009250186939,0.0,-0.986600890830624,0.0,45.0,45.0,42.0,44.0,41.0,45.0,42.0,5,0,0,0,7.4816,0,0,7.2864,0,7.748,0,0,0
1776185422.8336277,8.3688,-0.6598184546177472,0.0,0.0,-0.9866009250186939,0.0,-0.986600890830624,0.0,45.0,45.0,42.0,44.0,41.0,45.0,42.0,6,7.9504,0,7.5488,0,0,0,0,0,0,8.3424,0,7.4656
1776185422.8337176,8.3688,-0.6598184546177472,0.0,0.0,-0.9866009250186939,0.0,-0.986600890830624,0.0,45.0,45.0,42.0,44.0,41.0,45.0,42.0,7,7.4752,0,7.6504,0,0,0,0,0,0,7.4704,0,7.4792
1776185422.8337786,8.3688,-0.6598184546177472,0.0,0.0,-0.9866009250186939,0.0,-0.986600890830624,0.0,45.0,45.0,42.0,44.0,41.0,45.0,42.0,8,7.4632,0,7.4648,0,0,0,0,0,0,7.4712,0,7.6368
1776185422.8853574,8.3688,-0.6676220855253923,0.0,0.0,-0.99826890651832,0.0,-0.9982688730140115,0.0,45.0,45.0,42.0,44.0,41.0,45.0,42.0,0,7.608,0,8.016,0,0,0,0,0,0,7.972,0,8.0216
1776185422.8854368,8.3688,-0.6676220855253923,0.0,0.0,-0.99826890651832,0.0,-0.9982688730140115,0.0,45.0,45.0,42.0,44.0,41.0,45.0,42.0,1,0,0,0,7.7864,0,0,7.6232,0,7.776,0,0,0
1776185422.8854887,8.3688,-0.6676220855253923,0.0,0.0,-0.99826890651832,0.0,-0.9982688730140115,0.0,45.0,45.0,42.0,44.0,41.0,45.0,42.0,2,7.6912,0,7.7712,0,0,0,0,0,0,7.6584,0,7.6016
1776185422.8855383,8.3688,-0.6676220855253923,0.0,0.0,-0.99826890651832,0.0,-0.9982688730140115,0.0,45.0,45.0,42.0,44.0,41.0,45.0,42.0,3,0,0,0,7.4888,0,0,7.2008,0,7.8984,0,0,0
1776185422.8855844,8.3688,-0.6676220855253923,0.0,0.0,-0.99826890651832,0.0,-0.9982688730140115,0.0,45.0,45.0,42.0,44.0,41.0,45.0,42.0,4,8.3688,0,7.496,0,0,0,0,0,0,7.4952,0,7.4904
1776185422.8857636,8.3688,-0.6676220855253923,0.0,0.0,-0.99826890651832,0.0,-0.9982688730140115,0.0,45.0,45.0,42.0,44.0,41.0,45.0,42.0,5,0,0,0,7.4816,0,0,7.2864,0,7.748,0,0,0
1776185422.8858519,8.3688,-0.6676220855253923,0.0,0.0,-0.99826890651832,0.0,-0.9982688730140115,0.0,45.0,45.0,42.0,44.0,41.0,45.0,42.0,6,7.9504,0,7.5488,0,0,0,0,0,0,8.3424,0,7.4656
1776185422.8859565,8.3688,-0.6676220855253923,0.0,0.0,-0.99826890651832,0.0,-0.9982688730140115,0.0,45.0,45.0,42.0,44.0,41.0,45.0,42.0,7,7.4752,0,7.6504,0,0,0,0,0,0,7.4704,0,7.4792
1776185422.88605,8.3688,-0.6676220855253923,0.0,0.0,-0.99826890651832,0.0,-0.9982688730140115,0.0,45.0,45.0,42.0,44.0,41.0,45.0,42.0,8,7.4632,0,7.4648,0,0,0,0,0,0,7.4712,0,7.6368
1776185422.937704,8.3688,-0.6752696438148844,0.0,0.0,-1.0097035283879536,0.0,-1.0097034955537312,0.0,45.0,45.0,42.0,44.0,41.0,45.0,42.0,0,7.608,0,8.016,0,0,0,0,0,0,7.972,0,8.0216
1776185422.9378128,8.3688,-0.6752696438148844,0.0,0.0,-1.0097035283879536,0.0,-1.0097034955537312,0.0,45.0,45.0,42.0,44.0,41.0,45.0,42.0,1,0,0,0,7.7864,0,0,7.6232,0,7.776,0,0,0
1776185422.9378982,8.3688,-0.6752696438148844,0.0,0.0,-1.0097035283879536,0.0,-1.0097034955537312,0.0,45.0,45.0,42.0,44.0,41.0,45.0,42.0,2,7.6912,0,7.7712,0,0,0,0,0,0,7.6584,0,7.6016
1776185422.9379828,8.3688,-0.6752696438148844,0.0,0.0,-1.0097035283879536,0.0,-1.0097034955537312,0.0,45.0,45.0,42.0,44.0,41.0,45.0,42.0,3,0,0,0,7.4888,0,0,7.2008,0,7.8984,0,0,0
1776185422.9380636,8.3688,-0.6752696438148844,0.0,0.0,-1.0097035283879536,0.0,-1.0097034955537312,0.0,45.0,45.0,42.0,44.0,41.0,45.0,42.0,4,8.3688,0,7.496,0,0,0,0,0,0,7.4952,0,7.4904
1776185422.9381456,8.3688,-0.6752696438148844,0.0,0.0,-1.0097035283879536,0.0,-1.0097034955537312,0.0,45.0,45.0,42.0,44.0,41.0,45.0,42.0,5,0,0,0,7.4816,0,0,7.2864,0,7.748,0,0,0
1776185422.9382265,8.3688,-0.6752696438148844,0.0,0.0,-1.0097035283879536,0.0,-1.0097034955537312,0.0,45.0,45.0,42.0,44.0,41.0,45.0,42.0,6,7.9504,0,7.5488,0,0,0,0,0,0,8.3424,0,7.4656
1776185422.9383357,8.3688,-0.6752696438148844,0.0,0.0,-1.0097035283879536,0.0,-1.0097034955537312,0.0,45.0,45.0,42.0,44.0,41.0,45.0,42.0,7,7.4752,0,7.6504,0,0,0,0,0,0,7.4704,0,7.4792
1776185422.9384258,8.3688,-0.6752696438148844,0.0,0.0,-1.0097035283879536,0.0,-1.0097034955537312,0.0,45.0,45.0,42.0,44.0,41.0,45.0,42.0,8,7.4632,0,7.4648,0,0,0,0,0,0,7.4712,0,7.6368
1776185422.990065,8.368,-0.6827642509385867,0.0,0.0,-1.0209094578201945,0.0,-1.0209094256426565,0.0,45.0,45.0,42.0,44.0,41.0,45.0,42.0,0,7.6088,0,8.016,0,0,0,0,0,0,7.9704,0,8.0216
1776185422.9901588,8.368,-0.6827642509385867,0.0,0.0,-1.0209094578201945,0.0,-1.0209094256426565,0.0,45.0,45.0,42.0,44.0,41.0,45.0,42.0,1,0,0,0,7.7864,0,0,7.6232,0,7.776,0,0,0
1776185422.9902124,8.368,-0.6827642509385867,0.0,0.0,-1.0209094578201945,0.0,-1.0209094256426565,0.0,45.0,45.0,42.0,44.0,41.0,45.0,42.0,2,7.6912,0,7.772,0,0,0,0,0,0,7.6576,0,7.6024
1776185422.990262,8.368,-0.6827642509385867,0.0,0.0,-1.0209094578201945,0.0,-1.0209094256426565,0.0,45.0,45.0,42.0,44.0,41.0,45.0,42.0,3,0,0,0,7.488,0,0,7.2016,0,7.8968,0,0,0
1776185422.9903095,8.368,-0.6827642509385867,0.0,0.0,-1.0209094578201945,0.0,-1.0209094256426565,0.0,45.0,45.0,42.0,44.0,41.0,45.0,42.0,4,8.368,0,7.4968,0,0,0,0,0,0,7.4952,0,7.4904
1776185422.9903593,8.368,-0.6827642509385867,0.0,0.0,-1.0209094578201945,0.0,-1.0209094256426565,0.0,45.0,45.0,42.0,44.0,41.0,45.0,42.0,5,0,0,0,7.48,0,0,7.2848,0,7.7488,0,0,0
1776185422.9904058,8.368,-0.6827642509385867,0.0,0.0,-1.0209094578201945,0.0,-1.0209094256426565,0.0,45.0,45.0,42.0,44.0,41.0,45.0,42.0,6,7.9496,0,7.5488,0,0,0,0,0,0,8.344,0,7.4656
1776185422.9904537,8.368,-0.6827642509385867,0.0,0.0,-1.0209094578201945,0.0,-1.0209094256426565,0.0,45.0,45.0,42.0,44.0,41.0,45.0,42.0,7,7.4752,0,7.6512,0,0,0,0,0,0,7.4704,0,7.4792
1776185422.9905012,8.368,-0.6827642509385867,0.0,0.0,-1.0209094578201945,0.0,-1.0209094256426565,0.0,45.0,45.0,42.0,44.0,41.0,45.0,42.0,8,7.464,0,7.4648,0,0,0,0,0,0,7.4712,0,7.6368
1776185423.0418172,8.368,-0.690108965919815,0.0,0.0,-1.0318912686637907,0.0,-1.0318912371298035,0.0,45.0,45.0,42.0,44.0,41.0,45.0,42.0,0,7.6088,0,8.016,0,0,0,0,0,0,7.9704,0,8.0216
1776185423.0419195,8.368,-0.690108965919815,0.0,0.0,-1.0318912686637907,0.0,-1.0318912371298035,0.0,45.0,45.0,42.0,44.0,41.0,45.0,42.0,1,0,0,0,7.7864,0,0,7.6232,0,7.776,0,0,0
1776185423.0419893,8.368,-0.690108965919815,0.0,0.0,-1.0318912686637907,0.0,-1.0318912371298035,0.0,45.0,45.0,42.0,44.0,41.0,45.0,42.0,2,7.6912,0,7.772,0,0,0,0,0,0,7.6576,0,7.6024
1776185423.0420613,8.368,-0.690108965919815,0.0,0.0,-1.0318912686637907,0.0,-1.0318912371298035,0.0,45.0,45.0,42.0,44.0,41.0,45.0,42.0,3,0,0,0,7.488,0,0,7.2016,0,7.8968,0,0,0
1776185423.0421088,8.368,-0.690108965919815,0.0,0.0,-1.0318912686637907,0.0,-1.0318912371298035,0.0,45.0,45.0,42.0,44.0,41.0,45.0,42.0,4,8.368,0,7.4968,0,0,0,0,0,0,7.4952,0,7.4904
1776185423.0421581,8.368,-0.690108965919815,0.0,0.0,-1.0318912686637907,0.0,-1.0318912371298035,0.0,45.0,45.0,42.0,44.0,41.0,45.0,42.0,5,0,0,0,7.48,0,0,7.2848,0,7.7488,0,0,0
1776185423.0422044,8.368,-0.690108965919815,0.0,0.0,-1.0318912686637907,0.0,-1.0318912371298035,0.0,45.0,45.0,42.0,44.0,41.0,45.0,42.0,6,7.9496,0,7.5488,0,0,0,0,0,0,8.344,0,7.4656
1776185423.0422518,8.368,-0.690108965919815,0.0,0.0,-1.0318912686637907,0.0,-1.0318912371298035,0.0,45.0,45.0,42.0,44.0,41.0,45.0,42.0,7,7.4752,0,7.6512,0,0,0,0,0,0,7.4704,0,7.4792
1776185423.042299,8.368,-0.690108965919815,0.0,0.0,-1.0318912686637907,0.0,-1.0318912371298035,0.0,45.0,45.0,42.0,44.0,41.0,45.0,42.0,8,7.464,0,7.4648,0,0,0,0,0,0,7.4712,0,7.6368
1776185423.0936863,8.3688,-0.6973067866014186,0.0,0.0,-1.0426534432905148,0.0,-1.0426534123872073,0.0,45.0,45.0,42.0,44.0,41.0,45.0,42.0,0,7.608,0,8.016,0,0,0,0,0,0,7.9704,0,8.0216
1776185423.093768,8.3688,-0.6973067866014186,0.0,0.0,-1.0426534432905148,0.0,-1.0426534123872073,0.0,45.0,45.0,42.0,44.0,41.0,45.0,42.0,1,0,0,0,7.7856,0,0,7.6232,0,7.7768,0,0,0
1776185423.0938206,8.3688,-0.6973067866014186,0.0,0.0,-1.0426534432905148,0.0,-1.0426534123872073,0.0,45.0,45.0,42.0,44.0,41.0,45.0,42.0,2,7.6912,0,7.772,0,0,0,0,0,0,7.6584,0,7.6024
1776185423.0938718,8.3688,-0.6973067866014186,0.0,0.0,-1.0426534432905148,0.0,-1.0426534123872073,0.0,45.0,45.0,42.0,44.0,41.0,45.0,42.0,3,0,0,0,7.4872,0,0,7.2024,0,7.8968,0,0,0
1776185423.0939198,8.3688,-0.6973067866014186,0.0,0.0,-1.0426534432905148,0.0,-1.0426534123872073,0.0,45.0,45.0,42.0,44.0,41.0,45.0,42.0,4,8.3688,0,7.496,0,0,0,0,0,0,7.4952,0,7.4896
1776185423.0939677,8.3688,-0.6973067866014186,0.0,0.0,-1.0426534432905148,0.0,-1.0426534123872073,0.0,45.0,45.0,42.0,44.0,41.0,45.0,42.0,5,0,0,0,7.4808,0,0,7.284,0,7.748,0,0,0
1776185423.0940158,8.3688,-0.6973067866014186,0.0,0.0,-1.0426534432905148,0.0,-1.0426534123872073,0.0,45.0,45.0,42.0,44.0,41.0,45.0,42.0,6,7.9496,0,7.5488,0,0,0,0,0,0,8.3432,0,7.4656
1776185423.094065,8.3688,-0.6973067866014186,0.0,0.0,-1.0426534432905148,0.0,-1.0426534123872073,0.0,45.0,45.0,42.0,44.0,41.0,45.0,42.0,7,7.4744,0,7.6512,0,0,0,0,0,0,7.4704,0,7.4792
1776185423.094113,8.3688,-0.6973067866014186,0.0,0.0,-1.0426534432905148,0.0,-1.0426534123872073,0.0,45.0,45.0,42.0,44.0,41.0,45.0,42.0,8,7.4632,0,7.4648,0,0,0,0,0,0,7.4712,0,7.6368
1776185423.145749,8.3688,-0.7043606508693903,0.0,0.0,-1.0532003744247045,0.0,-1.0532003441394633,0.0,45.0,45.0,42.0,44.0,41.0,45.0,42.0,0,7.608,0,8.016,0,0,0,0,0,0,7.9704,0,8.0216
1776185423.1458313,8.3688,-0.7043606508693903,0.0,0.0,-1.0532003744247045,0.0,-1.0532003441394633,0.0,45.0,45.0,42.0,44.0,41.0,45.0,42.0,1,0,0,0,7.7856,0,0,7.6232,0,7.7768,0,0,0
1776185423.1458845,8.3688,-0.7043606508693903,0.0,0.0,-1.0532003744247045,0.0,-1.0532003441394633,0.0,45.0,45.0,42.0,44.0,41.0,45.0,42.0,2,7.6912,0,7.772,0,0,0,0,0,0,7.6584,0,7.6024
1776185423.1459343,8.3688,-0.7043606508693903,0.0,0.0,-1.0532003744247045,0.0,-1.0532003441394633,0.0,45.0,45.0,42.0,44.0,41.0,45.0,42.0,3,0,0,0,7.4872,0,0,7.2024,0,7.8968,0,0,0
1776185423.145982,8.3688,-0.7043606508693903,0.0,0.0,-1.0532003744247045,0.0,-1.0532003441394633,0.0,45.0,45.0,42.0,44.0,41.0,45.0,42.0,4,8.3688,0,7.496,0,0,0,0,0,0,7.4952,0,7.4896
1776185423.1462102,8.3688,-0.7043606508693903,0.0,0.0,-1.0532003744247045,0.0,-1.0532003441394633,0.0,45.0,45.0,42.0,44.0,41.0,45.0,42.0,5,0,0,0,7.4808,0,0,7.284,0,7.748,0,0,0
1776185423.1463065,8.3688,-0.7043606508693903,0.0,0.0,-1.0532003744247045,0.0,-1.0532003441394633,0.0,45.0,45.0,42.0,44.0,41.0,45.0,42.0,6,7.9496,0,7.5488,0,0,0,0,0,0,8.3432,0,7.4656
1776185423.1463795,8.3688,-0.7043606508693903,0.0,0.0,-1.0532003744247045,0.0,-1.0532003441394633,0.0,45.0,45.0,42.0,44.0,41.0,45.0,42.0,7,7.4744,0,7.6512,0,0,0,0,0,0,7.4704,0,7.4792
1776185423.1464286,8.3688,-0.7043606508693903,0.0,0.0,-1.0532003744247045,0.0,-1.0532003441394633,0.0,45.0,45.0,42.0,44.0,41.0,45.0,42.0,8,7.4632,0,7.4648,0,0,0,0,0,0,7.4712,0,7.6368
1776185423.1979098,8.368,-0.7112734378520025,0.0,0.0,-1.0635363669362103,0.0,-1.063536337256674,0.0,45.0,45.0,42.0,44.0,41.0,45.0,42.0,0,7.608,0,8.0168,0,0,0,0,0,0,7.972,0,8.0216
1776185423.1979957,8.368,-0.7112734378520025,0.0,0.0,-1.0635363669362103,0.0,-1.063536337256674,0.0,45.0,45.0,42.0,44.0,41.0,45.0,42.0,1,0,0,0,7.7872,0,0,7.624,0,7.7776,0,0,0
1776185423.1980658,8.368,-0.7112734378520025,0.0,0.0,-1.0635363669362103,0.0,-1.063536337256674,0.0,45.0,45.0,42.0,44.0,41.0,45.0,42.0,2,7.692,0,7.7712,0,0,0,0,0,0,7.6584,0,7.6032
1776185423.1981564,8.368,-0.7112734378520025,0.0,0.0,-1.0635363669362103,0.0,-1.063536337256674,0.0,45.0,45.0,42.0,44.0,41.0,45.0,42.0,3,0,0,0,7.488,0,0,7.2032,0,7.8984,0,0,0
1776185423.1982362,8.368,-0.7112734378520025,0.0,0.0,-1.0635363669362103,0.0,-1.063536337256674,0.0,45.0,45.0,42.0,44.0,41.0,45.0,42.0,4,8.368,0,7.496,0,0,0,0,0,0,7.496,0,7.4896
1776185423.1982856,8.368,-0.7112734378520025,0.0,0.0,-1.0635363669362103,0.0,-1.063536337256674,0.0,45.0,45.0,42.0,44.0,41.0,45.0,42.0,5,0,0,0,7.48,0,0,7.284,0,7.7472,0,0,0
1776185423.1983333,8.368,-0.7112734378520025,0.0,0.0,-1.0635363669362103,0.0,-1.063536337256674,0.0,45.0,45.0,42.0,44.0,41.0,45.0,42.0,6,7.9496,0,7.5488,0,0,0,0,0,0,8.3424,0,7.4648
1776185423.1983826,8.368,-0.7112734378520025,0.0,0.0,-1.0635363669362103,0.0,-1.063536337256674,0.0,45.0,45.0,42.0,44.0,41.0,45.0,42.0,7,7.476,0,7.652,0,0,0,0,0,0,7.4704,0,7.4792
1776185423.1984305,8.368,-0.7112734378520025,0.0,0.0,-1.0635363669362103,0.0,-1.063536337256674,0.0,45.0,45.0,42.0,44.0,41.0,45.0,42.0,8,7.4632,0,7.4656,0,0,0,0,0,0,7.472,0,7.6376
1776185423.2498467,8.368,-0.7180479690949624,0.0,0.0,-1.0736656395974862,0.0,-1.0736656105115405,0.0,45.0,45.0,42.0,44.0,41.0,45.0,42.0,0,7.608,0,8.0168,0,0,0,0,0,0,7.972,0,8.0216
1776185423.2499273,8.368,-0.7180479690949624,0.0,0.0,-1.0736656395974862,0.0,-1.0736656105115405,0.0,45.0,45.0,42.0,44.0,41.0,45.0,42.0,1,0,0,0,7.7872,0,0,7.624,0,7.7776,0,0,0
1776185423.2499807,8.368,-0.7180479690949624,0.0,0.0,-1.0736656395974862,0.0,-1.0736656105115405,0.0,45.0,45.0,42.0,44.0,41.0,45.0,42.0,2,7.692,0,7.7712,0,0,0,0,0,0,7.6584,0,7.6032
1776185423.2500305,8.368,-0.7180479690949624,0.0,0.0,-1.0736656395974862,0.0,-1.0736656105115405,0.0,45.0,45.0,42.0,44.0,41.0,45.0,42.0,3,0,0,0,7.488,0,0,7.2032,0,7.8984,0,0,0
1776185423.2500784,8.368,-0.7180479690949624,0.0,0.0,-1.0736656395974862,0.0,-1.0736656105115405,0.0,45.0,45.0,42.0,44.0,41.0,45.0,42.0,4,8.368,0,7.496,0,0,0,0,0,0,7.496,0,7.4896
1776185423.2501276,8.368,-0.7180479690949624,0.0,0.0,-1.0736656395974862,0.0,-1.0736656105115405,0.0,45.0,45.0,42.0,44.0,41.0,45.0,42.0,5,0,0,0,7.48,0,0,7.284,0,7.7472,0,0,0
1776185423.2501755,8.368,-0.7180479690949624,0.0,0.0,-1.0736656395974862,0.0,-1.0736656105115405,0.0,45.0,45.0,42.0,44.0,41.0,45.0,42.0,6,7.9496,0,7.5488,0,0,0,0,0,0,8.3424,0,7.4648
1776185423.2502246,8.368,-0.7180479690949624,0.0,0.0,-1.0736656395974862,0.0,-1.0736656105115405,0.0,45.0,45.0,42.0,44.0,41.0,45.0,42.0,7,7.476,0,7.652,0,0,0,0,0,0,7.4704,0,7.4792
1776185423.2502725,8.368,-0.7180479690949624,0.0,0.0,-1.0736656395974862,0.0,-1.0736656105115405,0.0,45.0,45.0,42.0,44.0,41.0,45.0,42.0,8,7.4632,0,7.4656,0,0,0,0,0,0,7.472,0,7.6376
1776185423.3015068,8.368,-0.7246870097130631,0.0,0.0,-1.0835923268055365,0.0,-1.0835922983013098,0.0,45.0,45.0,42.0,44.0,41.0,45.0,42.0,0,7.608,0,8.0168,0,0,0,0,0,0,7.972,0,8.0216
1776185423.3015895,8.368,-0.7246870097130631,0.0,0.0,-1.0835923268055365,0.0,-1.0835922983013098,0.0,45.0,45.0,42.0,44.0,41.0,45.0,42.0,1,0,0,0,7.7872,0,0,7.624,0,7.7776,0,0,0
1776185423.3016422,8.368,-0.7246870097130631,0.0,0.0,-1.0835923268055365,0.0,-1.0835922983013098,0.0,45.0,45.0,42.0,44.0,41.0,45.0,42.0,2,7.692,0,7.7712,0,0,0,0,0,0,7.6584,0,7.6032
1776185423.3016925,8.368,-0.7246870097130631,0.0,0.0,-1.0835923268055365,0.0,-1.0835922983013098,0.0,45.0,45.0,42.0,44.0,41.0,45.0,42.0,3,0,0,0,7.488,0,0,7.2032,0,7.8984,0,0,0
1776185423.3017395,8.368,-0.7246870097130631,0.0,0.0,-1.0835923268055365,0.0,-1.0835922983013098,0.0,45.0,45.0,42.0,44.0,41.0,45.0,42.0,4,8.368,0,7.496,0,0,0,0,0,0,7.496,0,7.4896
1776185423.3017879,8.368,-0.7246870097130631,0.0,0.0,-1.0835923268055365,0.0,-1.0835922983013098,0.0,45.0,45.0,42.0,44.0,41.0,45.0,42.0,5,0,0,0,7.48,0,0,7.284,0,7.7472,0,0,0
1776185423.3018343,8.368,-0.7246870097130631,0.0,0.0,-1.0835923268055365,0.0,-1.0835922983013098,0.0,45.0,45.0,42.0,44.0,41.0,45.0,42.0,6,7.9496,0,7.5488,0,0,0,0,0,0,8.3424,0,7.4648
1776185423.3018823,8.368,-0.7246870097130631,0.0,0.0,-1.0835923268055365,0.0,-1.0835922983013098,0.0,45.0,45.0,42.0,44.0,41.0,45.0,42.0,7,7.476,0,7.652,0,0,0,0,0,0,7.4704,0,7.4792
1776185423.3019295,8.368,-0.7246870097130631,0.0,0.0,-1.0835923268055365,0.0,-1.0835922983013098,0.0,45.0,45.0,42.0,44.0,41.0,45.0,42.0,8,7.4632,0,7.4656,0,0,0,0,0,0,7.472,0,7.6376
1776185423.353296,8.3672,-0.7311932695188018,0.0,0.0,-1.0933204802694259,0.0,-1.0933204523352835,0.0,45.0,45.0,42.0,44.0,41.0,45.0,42.0,0,7.6088,0,8.016,0,0,0,0,0,0,7.9704,0,8.0232
1776185423.3533754,8.3672,-0.7311932695188018,0.0,0.0,-1.0933204802694259,0.0,-1.0933204523352835,0.0,45.0,45.0,42.0,44.0,41.0,45.0,42.0,1,0,0,0,7.7864,0,0,7.624,0,7.7768,0,0,0
1776185423.353428,8.3672,-0.7311932695188018,0.0,0.0,-1.0933204802694259,0.0,-1.0933204523352835,0.0,45.0,45.0,42.0,44.0,41.0,45.0,42.0,2,7.6912,0,7.772,0,0,0,0,0,0,7.6584,0,7.6024
1776185423.3534768,8.3672,-0.7311932695188018,0.0,0.0,-1.0933204802694259,0.0,-1.0933204523352835,0.0,45.0,45.0,42.0,44.0,41.0,45.0,42.0,3,0,0,0,7.4896,0,0,7.2032,0,7.8984,0,0,0
1776185423.353525,8.3672,-0.7311932695188018,0.0,0.0,-1.0933204802694259,0.0,-1.0933204523352835,0.0,45.0,45.0,42.0,44.0,41.0,45.0,42.0,4,8.3672,0,7.496,0,0,0,0,0,0,7.4952,0,7.4912
1776185423.3535726,8.3672,-0.7311932695188018,0.0,0.0,-1.0933204802694259,0.0,-1.0933204523352835,0.0,45.0,45.0,42.0,44.0,41.0,45.0,42.0,5,0,0,0,7.4824,0,0,7.284,0,7.7472,0,0,0
1776185423.3536203,8.3672,-0.7311932695188018,0.0,0.0,-1.0933204802694259,0.0,-1.0933204523352835,0.0,45.0,45.0,42.0,44.0,41.0,45.0,42.0,6,7.9496,0,7.548,0,0,0,0,0,0,8.3432,0,7.4656
1776185423.3536685,8.3672,-0.7311932695188018,0.0,0.0,-1.0933204802694259,0.0,-1.0933204523352835,0.0,45.0,45.0,42.0,44.0,41.0,45.0,42.0,7,7.4752,0,7.6504,0,0,0,0,0,0,7.4704,0,7.4792
1776185423.3537161,8.3672,-0.7311932695188018,0.0,0.0,-1.0933204802694259,0.0,-1.0933204523352835,0.0,45.0,45.0,42.0,44.0,41.0,45.0,42.0,8,7.4632,0,7.4648,0,0,0,0,0,0,7.4712,0,7.6384
1776185423.4052103,8.3672,-0.7375694041284258,0.0,0.0,-1.1028540706640373,0.0,-1.1028540432885778,0.0,45.0,45.0,42.0,44.0,41.0,45.0,42.0,0,7.6088,0,8.016,0,0,0,0,0,0,7.9704,0,8.0232
1776185423.4053416,8.3672,-0.7375694041284258,0.0,0.0,-1.1028540706640373,0.0,-1.1028540432885778,0.0,45.0,45.0,42.0,44.0,41.0,45.0,42.0,1,0,0,0,7.7864,0,0,7.624,0,7.7768,0,0,0
1776185423.4053957,8.3672,-0.7375694041284258,0.0,0.0,-1.1028540706640373,0.0,-1.1028540432885778,0.0,45.0,45.0,42.0,44.0,41.0,45.0,42.0,2,7.6912,0,7.772,0,0,0,0,0,0,7.6584,0,7.6024
1776185423.405475,8.3672,-0.7375694041284258,0.0,0.0,-1.1028540706640373,0.0,-1.1028540432885778,0.0,45.0,45.0,42.0,44.0,41.0,45.0,42.0,3,0,0,0,7.4896,0,0,7.2032,0,7.8984,0,0,0
1776185423.4055238,8.3672,-0.7375694041284258,0.0,0.0,-1.1028540706640373,0.0,-1.1028540432885778,0.0,45.0,45.0,42.0,44.0,41.0,45.0,42.0,4,8.3672,0,7.496,0,0,0,0,0,0,7.4952,0,7.4912
1776185423.4057224,8.3672,-0.7375694041284258,0.0,0.0,-1.1028540706640373,0.0,-1.1028540432885778,0.0,45.0,45.0,42.0,44.0,41.0,45.0,42.0,5,0,0,0,7.4824,0,0,7.284,0,7.7472,0,0,0
1776185423.405822,8.3672,-0.7375694041284258,0.0,0.0,-1.1028540706640373,0.0,-1.1028540432885778,0.0,45.0,45.0,42.0,44.0,41.0,45.0,42.0,6,7.9496,0,7.548,0,0,0,0,0,0,8.3432,0,7.4656
1776185423.4059055,8.3672,-0.7375694041284258,0.0,0.0,-1.1028540706640373,0.0,-1.1028540432885778,0.0,45.0,45.0,42.0,44.0,41.0,45.0,42.0,7,7.4752,0,7.6504,0,0,0,0,0,0,7.4704,0,7.4792
1776185423.4059832,8.3672,-0.7375694041284258,0.0,0.0,-1.1028540706640373,0.0,-1.1028540432885778,0.0,45.0,45.0,42.0,44.0,41.0,45.0,42.0,8,7.4632,0,7.4648,0,0,0,0,0,0,7.4712,0,7.6384
1776185423.4577758,8.3688,-0.7438180160458573,0.0,0.0,-1.1121969892507566,0.0,-1.1121969624228063,0.0,45.0,45.0,42.0,44.0,41.0,45.0,42.0,0,7.6088,0,8.0176,0,0,0,0,0,0,7.9704,0,8.0224
1776185423.4578629,8.3688,-0.7438180160458573,0.0,0.0,-1.1121969892507566,0.0,-1.1121969624228063,0.0,45.0,45.0,42.0,44.0,41.0,45.0,42.0,1,0,0,0,7.7864,0,0,7.624,0,7.7784,0,0,0
1776185423.4579384,8.3688,-0.7438180160458573,0.0,0.0,-1.1121969892507566,0.0,-1.1121969624228063,0.0,45.0,45.0,42.0,44.0,41.0,45.0,42.0,2,7.6904,0,7.7712,0,0,0,0,0,0,7.6584,0,7.6016
1776185423.458014,8.3688,-0.7438180160458573,0.0,0.0,-1.1121969892507566,0.0,-1.1121969624228063,0.0,45.0,45.0,42.0,44.0,41.0,45.0,42.0,3,0,0,0,7.488,0,0,7.2032,0,7.8992,0,0,0
1776185423.4580624,8.3688,-0.7438180160458573,0.0,0.0,-1.1121969892507566,0.0,-1.1121969624228063,0.0,45.0,45.0,42.0,44.0,41.0,45.0,42.0,4,8.3688,0,7.496,0,0,0,0,0,0,7.496,0,7.4904
1776185423.4581108,8.3688,-0.7438180160458573,0.0,0.0,-1.1121969892507566,0.0,-1.1121969624228063,0.0,45.0,45.0,42.0,44.0,41.0,45.0,42.0,5,0,0,0,7.4816,0,0,7.2824,0,7.7472,0,0,0
1776185423.4581585,8.3688,-0.7438180160458573,0.0,0.0,-1.1121969892507566,0.0,-1.1121969624228063,0.0,45.0,45.0,42.0,44.0,41.0,45.0,42.0,6,7.9488,0,7.5488,0,0,0,0,0,0,8.3424,0,7.4656
1776185423.4582088,8.3688,-0.7438180160458573,0.0,0.0,-1.1121969892507566,0.0,-1.1121969624228063,0.0,45.0,45.0,42.0,44.0,41.0,45.0,42.0,7,7.4752,0,7.6504,0,0,0,0,0,0,7.4704,0,7.4784
1776185423.4582572,8.3688,-0.7438180160458573,0.0,0.0,-1.1121969892507566,0.0,-1.1121969624228063,0.0,45.0,45.0,42.0,44.0,41.0,45.0,42.0,8,7.4632,0,7.464,0,0,0,0,0,0,7.472,0,7.6368
1776185423.509752,8.3688,-0.7499416557249401,0.0,0.0,-1.1213530494657415,0.0,-1.1213530231743503,0.0,45.0,45.0,42.0,44.0,41.0,45.0,42.0,0,7.6088,0,8.0176,0,0,0,0,0,0,7.9704,0,8.0224
1776185423.5098314,8.3688,-0.7499416557249401,0.0,0.0,-1.1213530494657415,0.0,-1.1213530231743503,0.0,45.0,45.0,42.0,44.0,41.0,45.0,42.0,1,0,0,0,7.7864,0,0,7.624,0,7.7784,0,0,0
1776185423.5098846,8.3688,-0.7499416557249401,0.0,0.0,-1.1213530494657415,0.0,-1.1213530231743503,0.0,45.0,45.0,42.0,44.0,41.0,45.0,42.0,2,7.6904,0,7.7712,0,0,0,0,0,0,7.6584,0,7.6016
1776185423.5099347,8.3688,-0.7499416557249401,0.0,0.0,-1.1213530494657415,0.0,-1.1213530231743503,0.0,45.0,45.0,42.0,44.0,41.0,45.0,42.0,3,0,0,0,7.488,0,0,7.2032,0,7.8992,0,0,0
1776185423.5099814,8.3688,-0.7499416557249401,0.0,0.0,-1.1213530494657415,0.0,-1.1213530231743503,0.0,45.0,45.0,42.0,44.0,41.0,45.0,42.0,4,8.3688,0,7.496,0,0,0,0,0,0,7.496,0,7.4904
1776185423.5100303,8.3688,-0.7499416557249401,0.0,0.0,-1.1213530494657415,0.0,-1.1213530231743503,0.0,45.0,45.0,42.0,44.0,41.0,45.0,42.0,5,0,0,0,7.4816,0,0,7.2824,0,7.7472,0,0,0
1776185423.510078,8.3688,-0.7499416557249401,0.0,0.0,-1.1213530494657415,0.0,-1.1213530231743503,0.0,45.0,45.0,42.0,44.0,41.0,45.0,42.0,6,7.9488,0,7.5488,0,0,0,0,0,0,8.3424,0,7.4656
1776185423.5101266,8.3688,-0.7499416557249401,0.0,0.0,-1.1213530494657415,0.0,-1.1213530231743503,0.0,45.0,45.0,42.0,44.0,41.0,45.0,42.0,7,7.4752,0,7.6504,0,0,0,0,0,0,7.4704,0,7.4784
1776185423.5101745,8.3688,-0.7499416557249401,0.0,0.0,-1.1213530494657415,0.0,-1.1213530231743503,0.0,45.0,45.0,42.0,44.0,41.0,45.0,42.0,8,7.4632,0,7.464,0,0,0,0,0,0,7.472,0,7.6368
1776185423.5616767,8.368,-0.7559428226104413,0.0,0.0,-1.1303259884764267,0.0,-1.1303259627108633,0.0,45.0,45.0,42.0,44.0,41.0,45.0,42.0,0,7.6088,0,8.0152,0,0,0,0,0,0,7.9696,0,8.0208
1776185423.561766,8.368,-0.7559428226104413,0.0,0.0,-1.1303259884764267,0.0,-1.1303259627108633,0.0,45.0,45.0,42.0,44.0,41.0,45.0,42.0,1,0,0,0,7.7872,0,0,7.6248,0,7.776,0,0,0
1776185423.5618184,8.368,-0.7559428226104413,0.0,0.0,-1.1303259884764267,0.0,-1.1303259627108633,0.0,45.0,45.0,42.0,44.0,41.0,45.0,42.0,2,7.6912,0,7.7712,0,0,0,0,0,0,7.6584,0,7.6016
1776185423.5618677,8.368,-0.7559428226104413,0.0,0.0,-1.1303259884764267,0.0,-1.1303259627108633,0.0,45.0,45.0,42.0,44.0,41.0,45.0,42.0,3,0,0,0,7.4888,0,0,7.2024,0,7.8984,0,0,0
1776185423.5619144,8.368,-0.7559428226104413,0.0,0.0,-1.1303259884764267,0.0,-1.1303259627108633,0.0,45.0,45.0,42.0,44.0,41.0,45.0,42.0,4,8.368,0,7.496,0,0,0,0,0,0,7.4952,0,7.4888
1776185423.5619626,8.368,-0.7559428226104413,0.0,0.0,-1.1303259884764267,0.0,-1.1303259627108633,0.0,45.0,45.0,42.0,44.0,41.0,45.0,42.0,5,0,0,0,7.4816,0,0,7.284,0,7.7488,0,0,0
1776185423.5621343,8.368,-0.7559428226104413,0.0,0.0,-1.1303259884764267,0.0,-1.1303259627108633,0.0,45.0,45.0,42.0,44.0,41.0,45.0,42.0,6,7.9496,0,7.5488,0,0,0,0,0,0,8.3424,0,7.4664
1776185423.5621848,8.368,-0.7559428226104413,0.0,0.0,-1.1303259884764267,0.0,-1.1303259627108633,0.0,45.0,45.0,42.0,44.0,41.0,45.0,42.0,7,7.4752,0,7.6504,0,0,0,0,0,0,7.4704,0,7.4784
1776185423.5622323,8.368,-0.7559428226104413,0.0,0.0,-1.1303259884764267,0.0,-1.1303259627108633,0.0,45.0,45.0,42.0,44.0,41.0,45.0,42.0,8,7.464,0,7.4648,0,0,0,0,0,0,7.4712,0,7.6376
1776185423.6136248,8.368,-0.7618239661582324,0.0,0.0,-1.1391194687068982,0.0,-1.139119443456646,0.0,45.0,45.0,42.0,44.0,41.0,45.0,42.0,0,7.6088,0,8.0152,0,0,0,0,0,0,7.9696,0,8.0208
1776185423.6137466,8.368,-0.7618239661582324,0.0,0.0,-1.1391194687068982,0.0,-1.139119443456646,0.0,45.0,45.0,42.0,44.0,41.0,45.0,42.0,1,0,0,0,7.7872,0,0,7.6248,0,7.776,0,0,0
1776185423.6138334,8.368,-0.7618239661582324,0.0,0.0,-1.1391194687068982,0.0,-1.139119443456646,0.0,45.0,45.0,42.0,44.0,41.0,45.0,42.0,2,7.6912,0,7.7712,0,0,0,0,0,0,7.6584,0,7.6016
1776185423.6139176,8.368,-0.7618239661582324,0.0,0.0,-1.1391194687068982,0.0,-1.139119443456646,0.0,45.0,45.0,42.0,44.0,41.0,45.0,42.0,3,0,0,0,7.4888,0,0,7.2024,0,7.8984,0,0,0
1776185423.6139984,8.368,-0.7618239661582324,0.0,0.0,-1.1391194687068982,0.0,-1.139119443456646,0.0,45.0,45.0,42.0,44.0,41.0,45.0,42.0,4,8.368,0,7.496,0,0,0,0,0,0,7.4952,0,7.4888
1776185423.6140797,8.368,-0.7618239661582324,0.0,0.0,-1.1391194687068982,0.0,-1.139119443456646,0.0,45.0,45.0,42.0,44.0,41.0,45.0,42.0,5,0,0,0,7.4816,0,0,7.284,0,7.7488,0,0,0
1776185423.6141598,8.368,-0.7618239661582324,0.0,0.0,-1.1391194687068982,0.0,-1.139119443456646,0.0,45.0,45.0,42.0,44.0,41.0,45.0,42.0,6,7.9496,0,7.5488,0,0,0,0,0,0,8.3424,0,7.4664
1776185423.614242,8.368,-0.7618239661582324,0.0,0.0,-1.1391194687068982,0.0,-1.139119443456646,0.0,45.0,45.0,42.0,44.0,41.0,45.0,42.0,7,7.4752,0,7.6504,0,0,0,0,0,0,7.4704,0,7.4784
1776185423.6143236,8.368,-0.7618239661582324,0.0,0.0,-1.1391194687068982,0.0,-1.139119443456646,0.0,45.0,45.0,42.0,44.0,41.0,45.0,42.0,8,7.464,0,7.4648,0,0,0,0,0,0,7.4712,0,7.6376
1776185423.6656897,8.368,-0.7675874868350678,0.0,0.0,-1.1477370793327601,0.0,-1.1477370545875132,0.0,45.0,45.0,42.0,44.0,41.0,45.0,42.0,0,7.6088,0,8.0152,0,0,0,0,0,0,7.9696,0,8.0208
1776185423.665769,8.368,-0.7675874868350678,0.0,0.0,-1.1477370793327601,0.0,-1.1477370545875132,0.0,45.0,45.0,42.0,44.0,41.0,45.0,42.0,1,0,0,0,7.7872,0,0,7.6248,0,7.776,0,0,0
1776185423.6658216,8.368,-0.7675874868350678,0.0,0.0,-1.1477370793327601,0.0,-1.1477370545875132,0.0,45.0,45.0,42.0,44.0,41.0,45.0,42.0,2,7.6912,0,7.7712,0,0,0,0,0,0,7.6584,0,7.6016
1776185423.665871,8.368,-0.7675874868350678,0.0,0.0,-1.1477370793327601,0.0,-1.1477370545875132,0.0,45.0,45.0,42.0,44.0,41.0,45.0,42.0,3,0,0,0,7.4888,0,0,7.2024,0,7.8984,0,0,0
1776185423.6659188,8.368,-0.7675874868350678,0.0,0.0,-1.1477370793327601,0.0,-1.1477370545875132,0.0,45.0,45.0,42.0,44.0,41.0,45.0,42.0,4,8.368,0,7.496,0,0,0,0,0,0,7.4952,0,7.4888
1776185423.6661203,8.368,-0.7675874868350678,0.0,0.0,-1.1477370793327601,0.0,-1.1477370545875132,0.0,45.0,45.0,42.0,44.0,41.0,45.0,42.0,5,0,0,0,7.4816,0,0,7.284,0,7.7488,0,0,0
1776185423.6662028,8.368,-0.7675874868350678,0.0,0.0,-1.1477370793327601,0.0,-1.1477370545875132,0.0,45.0,45.0,42.0,44.0,41.0,45.0,42.0,6,7.9496,0,7.5488,0,0,0,0,0,0,8.3424,0,7.4664
1776185423.6662958,8.368,-0.7675874868350678,0.0,0.0,-1.1477370793327601,0.0,-1.1477370545875132,0.0,45.0,45.0,42.0,44.0,41.0,45.0,42.0,7,7.4752,0,7.6504,0,0,0,0,0,0,7.4704,0,7.4784
1776185423.666388,8.368,-0.7675874868350678,0.0,0.0,-1.1477370793327601,0.0,-1.1477370545875132,0.0,45.0,45.0,42.0,44.0,41.0,45.0,42.0,8,7.464,0,7.4648,0,0,0,0,0,0,7.4712,0,7.6376
1776185423.7179496,8.3672,-0.7732357370983665,0.0,0.0,-1.156182337746105,0.0,-1.156182313495763,0.0,45.0,45.0,42.0,44.0,41.0,45.0,42.0,0,7.6088,0,8.0144,0,0,0,0,0,0,7.9704,0,8.0208
1776185423.7180297,8.3672,-0.7732357370983665,0.0,0.0,-1.156182337746105,0.0,-1.156182313495763,0.0,45.0,45.0,42.0,44.0,41.0,45.0,42.0,1,0,0,0,7.7872,0,0,7.624,0,7.776,0,0,0
1776185423.718082,8.3672,-0.7732357370983665,0.0,0.0,-1.156182337746105,0.0,-1.156182313495763,0.0,45.0,45.0,42.0,44.0,41.0,45.0,42.0,2,7.6912,0,7.7712,0,0,0,0,0,0,7.6584,0,7.6032
1776185423.7181334,8.3672,-0.7732357370983665,0.0,0.0,-1.156182337746105,0.0,-1.156182313495763,0.0,45.0,45.0,42.0,44.0,41.0,45.0,42.0,3,0,0,0,7.4888,0,0,7.2032,0,7.8984,0,0,0
1776185423.718181,8.3672,-0.7732357370983665,0.0,0.0,-1.156182337746105,0.0,-1.156182313495763,0.0,45.0,45.0,42.0,44.0,41.0,45.0,42.0,4,8.3672,0,7.4968,0,0,0,0,0,0,7.4952,0,7.4904
1776185423.718229,8.3672,-0.7732357370983665,0.0,0.0,-1.156182337746105,0.0,-1.156182313495763,0.0,45.0,45.0,42.0,44.0,41.0,45.0,42.0,5,0,0,0,7.4824,0,0,7.2856,0,7.7488,0,0,0
1776185423.7182765,8.3672,-0.7732357370983665,0.0,0.0,-1.156182337746105,0.0,-1.156182313495763,0.0,45.0,45.0,42.0,44.0,41.0,45.0,42.0,6,7.9512,0,7.5488,0,0,0,0,0,0,8.3432,0,7.4664
1776185423.7183673,8.3672,-0.7732357370983665,0.0,0.0,-1.156182337746105,0.0,-1.156182313495763,0.0,45.0,45.0,42.0,44.0,41.0,45.0,42.0,7,7.4744,0,7.6504,0,0,0,0,0,0,7.4688,0,7.4784
1776185423.7184198,8.3672,-0.7732357370983665,0.0,0.0,-1.156182337746105,0.0,-1.156182313495763,0.0,45.0,45.0,42.0,44.0,41.0,45.0,42.0,8,7.4624,0,7.464,0,0,0,0,0,0,7.4712,0,7.6384
1776185423.7698836,8.3672,-0.7787710223563992,0.0,0.0,-1.1644586909911827,0.0,-1.1644586672258477,0.0,45.0,45.0,42.0,44.0,41.0,45.0,42.0,0,7.6088,0,8.0144,0,0,0,0,0,0,7.9704,0,8.0208
1776185423.7699633,8.3672,-0.7787710223563992,0.0,0.0,-1.1644586909911827,0.0,-1.1644586672258477,0.0,45.0,45.0,42.0,44.0,41.0,45.0,42.0,1,0,0,0,7.7872,0,0,7.624,0,7.776,0,0,0
1776185423.7700143,8.3672,-0.7787710223563992,0.0,0.0,-1.1644586909911827,0.0,-1.1644586672258477,0.0,45.0,45.0,42.0,44.0,41.0,45.0,42.0,2,7.6912,0,7.7712,0,0,0,0,0,0,7.6584,0,7.6032
1776185423.7700639,8.3672,-0.7787710223563992,0.0,0.0,-1.1644586909911827,0.0,-1.1644586672258477,0.0,45.0,45.0,42.0,44.0,41.0,45.0,42.0,3,0,0,0,7.4888,0,0,7.2032,0,7.8984,0,0,0
1776185423.7701106,8.3672,-0.7787710223563992,0.0,0.0,-1.1644586909911827,0.0,-1.1644586672258477,0.0,45.0,45.0,42.0,44.0,41.0,45.0,42.0,4,8.3672,0,7.4968,0,0,0,0,0,0,7.4952,0,7.4904
1776185423.7701602,8.3672,-0.7787710223563992,0.0,0.0,-1.1644586909911827,0.0,-1.1644586672258477,0.0,45.0,45.0,42.0,44.0,41.0,45.0,42.0,5,0,0,0,7.4824,0,0,7.2856,0,7.7488,0,0,0
1776185423.7702072,8.3672,-0.7787710223563992,0.0,0.0,-1.1644586909911827,0.0,-1.1644586672258477,0.0,45.0,45.0,42.0,44.0,41.0,45.0,42.0,6,7.9512,0,7.5488,0,0,0,0,0,0,8.3432,0,7.4664
1776185423.7702742,8.3672,-0.7787710223563992,0.0,0.0,-1.1644586909911827,0.0,-1.1644586672258477,0.0,45.0,45.0,42.0,44.0,41.0,45.0,42.0,7,7.4744,0,7.6504,0,0,0,0,0,0,7.4688,0,7.4784
1776185423.7703648,8.3672,-0.7787710223563992,0.0,0.0,-1.1644586909911827,0.0,-1.1644586672258477,0.0,45.0,45.0,42.0,44.0,41.0,45.0,42.0,8,7.4624,0,7.464,0,0,0,0,0,0,7.4712,0,7.6384
1776185423.822517,8.3672,-0.7841956019092712,0.0,0.0,-1.172569517171359,0.0,-1.1725694938813307,0.0,45.0,45.0,42.0,44.0,41.0,45.0,42.0,0,7.6088,0,8.0144,0,0,0,0,0,0,7.9704,0,8.0208
1776185423.822686,8.3672,-0.7841956019092712,0.0,0.0,-1.172569517171359,0.0,-1.1725694938813307,0.0,45.0,45.0,42.0,44.0,41.0,45.0,42.0,1,0,0,0,7.7872,0,0,7.624,0,7.776,0,0,0
1776185423.8228045,8.3672,-0.7841956019092712,0.0,0.0,-1.172569517171359,0.0,-1.1725694938813307,0.0,45.0,45.0,42.0,44.0,41.0,45.0,42.0,2,7.6912,0,7.7712,0,0,0,0,0,0,7.6584,0,7.6032
1776185423.822892,8.3672,-0.7841956019092712,0.0,0.0,-1.172569517171359,0.0,-1.1725694938813307,0.0,45.0,45.0,42.0,44.0,41.0,45.0,42.0,3,0,0,0,7.4888,0,0,7.2032,0,7.8984,0,0,0
1776185423.82302,8.3672,-0.7841956019092712,0.0,0.0,-1.172569517171359,0.0,-1.1725694938813307,0.0,45.0,45.0,42.0,44.0,41.0,45.0,42.0,4,8.3672,0,7.4968,0,0,0,0,0,0,7.4952,0,7.4904
1776185423.8231254,8.3672,-0.7841956019092712,0.0,0.0,-1.172569517171359,0.0,-1.1725694938813307,0.0,45.0,45.0,42.0,44.0,41.0,45.0,42.0,5,0,0,0,7.4824,0,0,7.2856,0,7.7488,0,0,0
1776185423.823217,8.3672,-0.7841956019092712,0.0,0.0,-1.172569517171359,0.0,-1.1725694938813307,0.0,45.0,45.0,42.0,44.0,41.0,45.0,42.0,6,7.9512,0,7.5488,0,0,0,0,0,0,8.3432,0,7.4664
1776185423.823371,8.3672,-0.7841956019092712,0.0,0.0,-1.172569517171359,0.0,-1.1725694938813307,0.0,45.0,45.0,42.0,44.0,41.0,45.0,42.0,7,7.4744,0,7.6504,0,0,0,0,0,0,7.4688,0,7.4784
1776185423.8234677,8.3672,-0.7841956019092712,0.0,0.0,-1.172569517171359,0.0,-1.1725694938813307,0.0,45.0,45.0,42.0,44.0,41.0,45.0,42.0,8,7.4624,0,7.464,0,0,0,0,0,0,7.4712,0,7.6384
1776185423.8750234,8.3672,-0.7895116898710858,0.0,0.0,-1.180518126827932,0.0,-1.180518104003704,0.0,45.0,45.0,42.0,44.0,41.0,45.0,42.0,0,7.608,0,8.0152,0,0,0,0,0,0,7.9704,0,8.0208
1776185423.8751671,8.3672,-0.7895116898710858,0.0,0.0,-1.180518126827932,0.0,-1.180518104003704,0.0,45.0,45.0,42.0,44.0,41.0,45.0,42.0,1,0,0,0,7.7872,0,0,7.624,0,7.7768,0,0,0
1776185423.8752615,8.3672,-0.7895116898710858,0.0,0.0,-1.180518126827932,0.0,-1.180518104003704,0.0,45.0,45.0,42.0,44.0,41.0,45.0,42.0,2,7.6912,0,7.7712,0,0,0,0,0,0,7.66,0,7.6016
1776185423.8753521,8.3672,-0.7895116898710858,0.0,0.0,-1.180518126827932,0.0,-1.180518104003704,0.0,45.0,45.0,42.0,44.0,41.0,45.0,42.0,3,0,0,0,7.4888,0,0,7.2024,0,7.8968,0,0,0
1776185423.8754401,8.3672,-0.7895116898710858,0.0,0.0,-1.180518126827932,0.0,-1.180518104003704,0.0,45.0,45.0,42.0,44.0,41.0,45.0,42.0,4,8.3672,0,7.4952,0,0,0,0,0,0,7.4952,0,7.4904
1776185423.8755336,8.3672,-0.7895116898710858,0.0,0.0,-1.180518126827932,0.0,-1.180518104003704,0.0,45.0,45.0,42.0,44.0,41.0,45.0,42.0,5,0,0,0,7.4816,0,0,7.2824,0,7.748,0,0,0
1776185423.8756208,8.3672,-0.7895116898710858,0.0,0.0,-1.180518126827932,0.0,-1.180518104003704,0.0,45.0,45.0,42.0,44.0,41.0,45.0,42.0,6,7.9496,0,7.548,0,0,0,0,0,0,8.3432,0,7.4664
1776185423.8757105,8.3672,-0.7895116898710858,0.0,0.0,-1.180518126827932,0.0,-1.180518104003704,0.0,45.0,45.0,42.0,44.0,41.0,45.0,42.0,7,7.476,0,7.652,0,0,0,0,0,0,7.4696,0,7.4792
1776185423.875798,8.3672,-0.7895116898710858,0.0,0.0,-1.180518126827932,0.0,-1.180518104003704,0.0,45.0,45.0,42.0,44.0,41.0,45.0,42.0,8,7.4632,0,7.4656,0,0,0,0,0,0,7.4712,0,7.6368
1776185423.9275033,8.3672,-0.7947214560736641,0.0,0.0,-1.1883077642913733,0.0,-1.1883077419236299,0.0,45.0,45.0,42.0,44.0,41.0,45.0,42.0,0,7.608,0,8.0152,0,0,0,0,0,0,7.9704,0,8.0208
1776185423.9276562,8.3672,-0.7947214560736641,0.0,0.0,-1.1883077642913733,0.0,-1.1883077419236299,0.0,45.0,45.0,42.0,44.0,41.0,45.0,42.0,1,0,0,0,7.7872,0,0,7.624,0,7.7768,0,0,0
1776185423.9277158,8.3672,-0.7947214560736641,0.0,0.0,-1.1883077642913733,0.0,-1.1883077419236299,0.0,45.0,45.0,42.0,44.0,41.0,45.0,42.0,2,7.6912,0,7.7712,0,0,0,0,0,0,7.66,0,7.6016
1776185423.9277678,8.3672,-0.7947214560736641,0.0,0.0,-1.1883077642913733,0.0,-1.1883077419236299,0.0,45.0,45.0,42.0,44.0,41.0,45.0,42.0,3,0,0,0,7.4888,0,0,7.2024,0,7.8968,0,0,0
1776185423.9278166,8.3672,-0.7947214560736641,0.0,0.0,-1.1883077642913733,0.0,-1.1883077419236299,0.0,45.0,45.0,42.0,44.0,41.0,45.0,42.0,4,8.3672,0,7.4952,0,0,0,0,0,0,7.4952,0,7.4904
1776185423.928024,8.3672,-0.7947214560736641,0.0,0.0,-1.1883077642913733,0.0,-1.1883077419236299,0.0,45.0,45.0,42.0,44.0,41.0,45.0,42.0,5,0,0,0,7.4816,0,0,7.2824,0,7.748,0,0,0
1776185423.9281218,8.3672,-0.7947214560736641,0.0,0.0,-1.1883077642913733,0.0,-1.1883077419236299,0.0,45.0,45.0,42.0,44.0,41.0,45.0,42.0,6,7.9496,0,7.548,0,0,0,0,0,0,8.3432,0,7.4664
1776185423.928228,8.3672,-0.7947214560736641,0.0,0.0,-1.1883077642913733,0.0,-1.1883077419236299,0.0,45.0,45.0,42.0,44.0,41.0,45.0,42.0,7,7.476,0,7.652,0,0,0,0,0,0,7.4696,0,7.4792
1776185423.9283192,8.3672,-0.7947214560736641,0.0,0.0,-1.1883077642913733,0.0,-1.1883077419236299,0.0,45.0,45.0,42.0,44.0,41.0,45.0,42.0,8,7.4632,0,7.4656,0,0,0,0,0,0,7.4712,0,7.6368
1776185423.9800568,8.3672,-0.7998270269521908,0.0,0.0,-1.195941609005546,0.0,-1.1959415870851573,0.0,45.0,45.0,42.0,44.0,41.0,45.0,42.0,0,7.6088,0,8.0144,0,0,0,0,0,0,7.9704,0,8.0224
1776185423.9801366,8.3672,-0.7998270269521908,0.0,0.0,-1.195941609005546,0.0,-1.1959415870851573,0.0,45.0,45.0,42.0,44.0,41.0,45.0,42.0,1,0,0,0,7.7872,0,0,7.624,0,7.7776,0,0,0
1776185423.9801898,8.3672,-0.7998270269521908,0.0,0.0,-1.195941609005546,0.0,-1.1959415870851573,0.0,45.0,45.0,42.0,44.0,41.0,45.0,42.0,2,7.6912,0,7.7704,0,0,0,0,0,0,7.6592,0,7.6024
1776185423.9802406,8.3672,-0.7998270269521908,0.0,0.0,-1.195941609005546,0.0,-1.1959415870851573,0.0,45.0,45.0,42.0,44.0,41.0,45.0,42.0,3,0,0,0,7.4888,0,0,7.2024,0,7.8984,0,0,0
1776185423.9802883,8.3672,-0.7998270269521908,0.0,0.0,-1.195941609005546,0.0,-1.1959415870851573,0.0,45.0,45.0,42.0,44.0,41.0,45.0,42.0,4,8.3672,0,7.4952,0,0,0,0,0,0,7.496,0,7.4904
1776185423.9803362,8.3672,-0.7998270269521908,0.0,0.0,-1.195941609005546,0.0,-1.1959415870851573,0.0,45.0,45.0,42.0,44.0,41.0,45.0,42.0,5,0,0,0,7.4824,0,0,7.2816,0,7.748,0,0,0
1776185423.980383,8.3672,-0.7998270269521908,0.0,0.0,-1.195941609005546,0.0,-1.1959415870851573,0.0,45.0,45.0,42.0,44.0,41.0,45.0,42.0,6,7.9496,0,7.5488,0,0,0,0,0,0,8.3432,0,7.4664
1776185423.9804318,8.3672,-0.7998270269521908,0.0,0.0,-1.195941609005546,0.0,-1.1959415870851573,0.0,45.0,45.0,42.0,44.0,41.0,45.0,42.0,7,7.4752,0,7.6512,0,0,0,0,0,0,7.4696,0,7.4784
1776185423.98048,8.3672,-0.7998270269521908,0.0,0.0,-1.195941609005546,0.0,-1.1959415870851573,0.0,45.0,45.0,42.0,44.0,41.0,45.0,42.0,8,7.4632,0,7.464,0,0,0,0,0,0,7.472,0,7.6368
1776185424.0321403,8.3672,-0.8048304864131469,0.0,0.0,-1.203422776825435,0.0,-1.2034227553434542,0.0,45.0,45.0,42.0,44.0,41.0,45.0,42.0,0,7.6088,0,8.0144,0,0,0,0,0,0,7.9704,0,8.0224
1776185424.0322669,8.3672,-0.8048304864131469,0.0,0.0,-1.203422776825435,0.0,-1.2034227553434542,0.0,45.0,45.0,42.0,44.0,41.0,45.0,42.0,1,0,0,0,7.7872,0,0,7.624,0,7.7776,0,0,0
1776185424.0323658,8.3672,-0.8048304864131469,0.0,0.0,-1.203422776825435,0.0,-1.2034227553434542,0.0,45.0,45.0,42.0,44.0,41.0,45.0,42.0,2,7.6912,0,7.7704,0,0,0,0,0,0,7.6592,0,7.6024
1776185424.032462,8.3672,-0.8048304864131469,0.0,0.0,-1.203422776825435,0.0,-1.2034227553434542,0.0,45.0,45.0,42.0,44.0,41.0,45.0,42.0,3,0,0,0,7.4888,0,0,7.2024,0,7.8984,0,0,0
1776185424.0325556,8.3672,-0.8048304864131469,0.0,0.0,-1.203422776825435,0.0,-1.2034227553434542,0.0,45.0,45.0,42.0,44.0,41.0,45.0,42.0,4,8.3672,0,7.4952,0,0,0,0,0,0,7.496,0,7.4904
1776185424.0326521,8.3672,-0.8048304864131469,0.0,0.0,-1.203422776825435,0.0,-1.2034227553434542,0.0,45.0,45.0,42.0,44.0,41.0,45.0,42.0,5,0,0,0,7.4824,0,0,7.2816,0,7.748,0,0,0
1776185424.0327673,8.3672,-0.8048304864131469,0.0,0.0,-1.203422776825435,0.0,-1.2034227553434542,0.0,45.0,45.0,42.0,44.0,41.0,45.0,42.0,6,7.9496,0,7.5488,0,0,0,0,0,0,8.3432,0,7.4664
1776185424.0328248,8.3672,-0.8048304864131469,0.0,0.0,-1.203422776825435,0.0,-1.2034227553434542,0.0,45.0,45.0,42.0,44.0,41.0,45.0,42.0,7,7.4752,0,7.6512,0,0,0,0,0,0,7.4696,0,7.4784
1776185424.03288,8.3672,-0.8048304864131469,0.0,0.0,-1.203422776825435,0.0,-1.2034227553434542,0.0,45.0,45.0,42.0,44.0,41.0,45.0,42.0,8,7.4632,0,7.464,0,0,0,0,0,0,7.472,0,7.6368
1776185424.0846748,8.3688,-0.809733876684884,0.0,0.0,-1.2107543212889265,0.0,-1.210754300236585,0.0,45.0,45.0,42.0,44.0,41.0,45.0,42.0,0,7.6088,0,8.016,0,0,0,0,0,0,7.972,0,8.02
1776185424.0848403,8.3688,-0.809733876684884,0.0,0.0,-1.2107543212889265,0.0,-1.210754300236585,0.0,45.0,45.0,42.0,44.0,41.0,45.0,42.0,1,0,0,0,7.7864,0,0,7.624,0,7.7768,0,0,0
1776185424.0849428,8.3688,-0.809733876684884,0.0,0.0,-1.2107543212889265,0.0,-1.210754300236585,0.0,45.0,45.0,42.0,44.0,41.0,45.0,42.0,2,7.692,0,7.772,0,0,0,0,0,0,7.6584,0,7.6016
1776185424.085043,8.3688,-0.809733876684884,0.0,0.0,-1.2107543212889265,0.0,-1.210754300236585,0.0,45.0,45.0,42.0,44.0,41.0,45.0,42.0,3,0,0,0,7.4888,0,0,7.2016,0,7.8968,0,0,0
1776185424.0851405,8.3688,-0.809733876684884,0.0,0.0,-1.2107543212889265,0.0,-1.210754300236585,0.0,45.0,45.0,42.0,44.0,41.0,45.0,42.0,4,8.3688,0,7.4952,0,0,0,0,0,0,7.496,0,7.4904
1776185424.0852432,8.3688,-0.809733876684884,0.0,0.0,-1.2107543212889265,0.0,-1.210754300236585,0.0,45.0,45.0,42.0,44.0,41.0,45.0,42.0,5,0,0,0,7.4816,0,0,7.2848,0,7.7472,0,0,0
1776185424.0853386,8.3688,-0.809733876684884,0.0,0.0,-1.2107543212889265,0.0,-1.210754300236585,0.0,45.0,45.0,42.0,44.0,41.0,45.0,42.0,6,7.9504,0,7.5488,0,0,0,0,0,0,8.3432,0,7.4664
1776185424.0854354,8.3688,-0.809733876684884,0.0,0.0,-1.2107543212889265,0.0,-1.210754300236585,0.0,45.0,45.0,42.0,44.0,41.0,45.0,42.0,7,7.476,0,7.6512,0,0,0,0,0,0,7.4704,0,7.4792
1776185424.085529,8.3688,-0.809733876684884,0.0,0.0,-1.2107543212889265,0.0,-1.210754300236585,0.0,45.0,45.0,42.0,44.0,41.0,45.0,42.0,8,7.4632,0,7.4656,0,0,0,0,0,0,7.472,0,7.6376
1776185424.137162,8.3688,-0.8145391991511862,0.0,0.0,-1.217939234863148,0.0,-1.2179392142318533,0.0,45.0,45.0,42.0,44.0,41.0,45.0,42.0,0,7.6088,0,8.016,0,0,0,0,0,0,7.972,0,8.02
1776185424.137243,8.3688,-0.8145391991511862,0.0,0.0,-1.217939234863148,0.0,-1.2179392142318533,0.0,45.0,45.0,42.0,44.0,41.0,45.0,42.0,1,0,0,0,7.7864,0,0,7.624,0,7.7768,0,0,0
1776185424.1373053,8.3688,-0.8145391991511862,0.0,0.0,-1.217939234863148,0.0,-1.2179392142318533,0.0,45.0,45.0,42.0,44.0,41.0,45.0,42.0,2,7.692,0,7.772,0,0,0,0,0,0,7.6584,0,7.6016
1776185424.1373677,8.3688,-0.8145391991511862,0.0,0.0,-1.217939234863148,0.0,-1.2179392142318533,0.0,45.0,45.0,42.0,44.0,41.0,45.0,42.0,3,0,0,0,7.4888,0,0,7.2016,0,7.8968,0,0,0
1776185424.137428,8.3688,-0.8145391991511862,0.0,0.0,-1.217939234863148,0.0,-1.2179392142318533,0.0,45.0,45.0,42.0,44.0,41.0,45.0,42.0,4,8.3688,0,7.4952,0,0,0,0,0,0,7.496,0,7.4904
1776185424.1375055,8.3688,-0.8145391991511862,0.0,0.0,-1.217939234863148,0.0,-1.2179392142318533,0.0,45.0,45.0,42.0,44.0,41.0,45.0,42.0,5,0,0,0,7.4816,0,0,7.2848,0,7.7472,0,0,0
1776185424.1375659,8.3688,-0.8145391991511862,0.0,0.0,-1.217939234863148,0.0,-1.2179392142318533,0.0,45.0,45.0,42.0,44.0,41.0,45.0,42.0,6,7.9504,0,7.5488,0,0,0,0,0,0,8.3432,0,7.4664
1776185424.137627,8.3688,-0.8145391991511862,0.0,0.0,-1.217939234863148,0.0,-1.2179392142318533,0.0,45.0,45.0,42.0,44.0,41.0,45.0,42.0,7,7.476,0,7.6512,0,0,0,0,0,0,7.4704,0,7.4792
1776185424.137689,8.3688,-0.8145391991511862,0.0,0.0,-1.217939234863148,0.0,-1.2179392142318533,0.0,45.0,45.0,42.0,44.0,41.0,45.0,42.0,8,7.4632,0,7.4656,0,0,0,0,0,0,7.472,0,7.6376
1776185424.1885154,8.3664,-0.8192484151681625,0.0,0.0,-1.224980450165885,0.0,-1.2249804299472162,0.0,45.0,45.0,42.0,44.0,41.0,45.0,42.0,0,7.6088,0,8.0152,0,0,0,0,0,0,7.9712,0,8.0224
1776185424.1885662,8.3664,-0.8192484151681625,0.0,0.0,-1.224980450165885,0.0,-1.2249804299472162,0.0,45.0,45.0,42.0,44.0,41.0,45.0,42.0,1,0,0,0,7.7864,0,0,7.6248,0,7.7768,0,0,0
1776185424.1885989,8.3664,-0.8192484151681625,0.0,0.0,-1.224980450165885,0.0,-1.2249804299472162,0.0,45.0,45.0,42.0,44.0,41.0,45.0,42.0,2,7.692,0,7.772,0,0,0,0,0,0,7.6576,0,7.6024
1776185424.188627,8.3664,-0.8192484151681625,0.0,0.0,-1.224980450165885,0.0,-1.2249804299472162,0.0,45.0,45.0,42.0,44.0,41.0,45.0,42.0,3,0,0,0,7.488,0,0,7.2024,0,7.8976,0,0,0
1776185424.1886485,8.3664,-0.8192484151681625,0.0,0.0,-1.224980450165885,0.0,-1.2249804299472162,0.0,45.0,45.0,42.0,44.0,41.0,45.0,42.0,4,8.3664,0,7.4952,0,0,0,0,0,0,7.496,0,7.4904
1776185424.1888323,8.3664,-0.8192484151681625,0.0,0.0,-1.224980450165885,0.0,-1.2249804299472162,0.0,45.0,45.0,42.0,44.0,41.0,45.0,42.0,5,0,0,0,7.4816,0,0,7.284,0,7.7472,0,0,0
1776185424.1888766,8.3664,-0.8192484151681625,0.0,0.0,-1.224980450165885,0.0,-1.2249804299472162,0.0,45.0,45.0,42.0,44.0,41.0,45.0,42.0,6,7.9496,0,7.5496,0,0,0,0,0,0,8.3432,0,7.4664
1776185424.1889062,8.3664,-0.8192484151681625,0.0,0.0,-1.224980450165885,0.0,-1.2249804299472162,0.0,45.0,45.0,42.0,44.0,41.0,45.0,42.0,7,7.4752,0,7.652,0,0,0,0,0,0,7.4696,0,7.4792
1776185424.1889353,8.3664,-0.8192484151681625,0.0,0.0,-1.224980450165885,0.0,-1.2249804299472162,0.0,45.0,45.0,42.0,44.0,41.0,45.0,42.0,8,7.4624,0,7.4648,0,0,0,0,0,0,7.4712,0,7.636
1776185424.239542,8.3664,-0.8238634468647993,0.0,0.0,-1.2318808411625672,0.0,-1.231880821348272,0.0,45.0,45.0,42.0,44.0,41.0,45.0,42.0,0,7.6088,0,8.0152,0,0,0,0,0,0,7.9712,0,8.0224
1776185424.239578,8.3664,-0.8238634468647993,0.0,0.0,-1.2318808411625672,0.0,-1.231880821348272,0.0,45.0,45.0,42.0,44.0,41.0,45.0,42.0,1,0,0,0,7.7864,0,0,7.6248,0,7.7768,0,0,0
1776185424.239608,8.3664,-0.8238634468647993,0.0,0.0,-1.2318808411625672,0.0,-1.231880821348272,0.0,45.0,45.0,42.0,44.0,41.0,45.0,42.0,2,7.692,0,7.772,0,0,0,0,0,0,7.6576,0,7.6024
1776185424.2396302,8.3664,-0.8238634468647993,0.0,0.0,-1.2318808411625672,0.0,-1.231880821348272,0.0,45.0,45.0,42.0,44.0,41.0,45.0,42.0,3,0,0,0,7.488,0,0,7.2024,0,7.8976,0,0,0
1776185424.239651,8.3664,-0.8238634468647993,0.0,0.0,-1.2318808411625672,0.0,-1.231880821348272,0.0,45.0,45.0,42.0,44.0,41.0,45.0,42.0,4,8.3664,0,7.4952,0,0,0,0,0,0,7.496,0,7.4904
1776185424.239687,8.3664,-0.8238634468647993,0.0,0.0,-1.2318808411625672,0.0,-1.231880821348272,0.0,45.0,45.0,42.0,44.0,41.0,45.0,42.0,5,0,0,0,7.4816,0,0,7.284,0,7.7472,0,0,0
1776185424.2397044,8.3664,-0.8238634468647993,0.0,0.0,-1.2318808411625672,0.0,-1.231880821348272,0.0,45.0,45.0,42.0,44.0,41.0,45.0,42.0,6,7.9496,0,7.5496,0,0,0,0,0,0,8.3432,0,7.4664
1776185424.2397296,8.3664,-0.8238634468647993,0.0,0.0,-1.2318808411625672,0.0,-1.231880821348272,0.0,45.0,45.0,42.0,44.0,41.0,45.0,42.0,7,7.4752,0,7.652,0,0,0,0,0,0,7.4696,0,7.4792
1776185424.2397487,8.3664,-0.8238634468647993,0.0,0.0,-1.2318808411625672,0.0,-1.231880821348272,0.0,45.0,45.0,42.0,44.0,41.0,45.0,42.0,8,7.4624,0,7.4648,0,0,0,0,0,0,7.4712,0,7.636
1776185424.2902641,8.3664,-0.8283861779275034,0.0,0.0,-1.238643224339316,0.0,-1.2386432049213065,0.0,45.0,45.0,42.0,44.0,41.0,45.0,42.0,0,7.6088,0,8.0152,0,0,0,0,0,0,7.9712,0,8.0224
1776185424.2903023,8.3664,-0.8283861779275034,0.0,0.0,-1.238643224339316,0.0,-1.2386432049213065,0.0,45.0,45.0,42.0,44.0,41.0,45.0,42.0,1,0,0,0,7.7864,0,0,7.6248,0,7.7768,0,0,0
1776185424.2903323,8.3664,-0.8283861779275034,0.0,0.0,-1.238643224339316,0.0,-1.2386432049213065,0.0,45.0,45.0,42.0,44.0,41.0,45.0,42.0,2,7.692,0,7.772,0,0,0,0,0,0,7.6576,0,7.6024
1776185424.2903602,8.3664,-0.8283861779275034,0.0,0.0,-1.238643224339316,0.0,-1.2386432049213065,0.0,45.0,45.0,42.0,44.0,41.0,45.0,42.0,3,0,0,0,7.488,0,0,7.2024,0,7.8976,0,0,0
1776185424.290387,8.3664,-0.8283861779275034,0.0,0.0,-1.238643224339316,0.0,-1.2386432049213065,0.0,45.0,45.0,42.0,44.0,41.0,45.0,42.0,4,8.3664,0,7.4952,0,0,0,0,0,0,7.496,0,7.4904
1776185424.290407,8.3664,-0.8283861779275034,0.0,0.0,-1.238643224339316,0.0,-1.2386432049213065,0.0,45.0,45.0,42.0,44.0,41.0,45.0,42.0,5,0,0,0,7.4816,0,0,7.284,0,7.7472,0,0,0
1776185424.2904198,8.3664,-0.8283861779275034,0.0,0.0,-1.238643224339316,0.0,-1.2386432049213065,0.0,45.0,45.0,42.0,44.0,41.0,45.0,42.0,6,7.9496,0,7.5496,0,0,0,0,0,0,8.3432,0,7.4664
1776185424.290442,8.3664,-0.8283861779275034,0.0,0.0,-1.238643224339316,0.0,-1.2386432049213065,0.0,45.0,45.0,42.0,44.0,41.0,45.0,42.0,7,7.4752,0,7.652,0,0,0,0,0,0,7.4696,0,7.4792
1776185424.2904632,8.3664,-0.8283861779275034,0.0,0.0,-1.238643224339316,0.0,-1.2386432049213065,0.0,45.0,45.0,42.0,44.0,41.0,45.0,42.0,8,7.4624,0,7.4648,0,0,0,0,0,0,7.4712,0,7.636
1776185424.3409722,8.3672,-0.8328184543689533,0.0,0.0,-1.2452703598525297,0.0,-1.2452703408228805,0.0,45.0,45.0,42.0,44.0,41.0,45.0,42.0,0,7.608,0,8.016,0,0,0,0,0,0,7.9712,0,8.0208
1776185424.3409956,8.3672,-0.8328184543689533,0.0,0.0,-1.2452703598525297,0.0,-1.2452703408228805,0.0,45.0,45.0,42.0,44.0,41.0,45.0,42.0,1,0,0,0,7.7872,0,0,7.624,0,7.7784,0,0,0
1776185424.3410094,8.3672,-0.8328184543689533,0.0,0.0,-1.2452703598525297,0.0,-1.2452703408228805,0.0,45.0,45.0,42.0,44.0,41.0,45.0,42.0,2,7.6904,0,7.7712,0,0,0,0,0,0,7.6592,0,7.6008
1776185424.3410294,8.3672,-0.8328184543689533,0.0,0.0,-1.2452703598525297,0.0,-1.2452703408228805,0.0,45.0,45.0,42.0,44.0,41.0,45.0,42.0,3,0,0,0,7.488,0,0,7.2024,0,7.8984,0,0,0
1776185424.341046,8.3672,-0.8328184543689533,0.0,0.0,-1.2452703598525297,0.0,-1.2452703408228805,0.0,45.0,45.0,42.0,44.0,41.0,45.0,42.0,4,8.3672,0,7.4952,0,0,0,0,0,0,7.4944,0,7.4904
1776185424.3410652,8.3672,-0.8328184543689533,0.0,0.0,-1.2452703598525297,0.0,-1.2452703408228805,0.0,45.0,45.0,42.0,44.0,41.0,45.0,42.0,5,0,0,0,7.48,0,0,7.2816,0,7.748,0,0,0
1776185424.3410842,8.3672,-0.8328184543689533,0.0,0.0,-1.2452703598525297,0.0,-1.2452703408228805,0.0,45.0,45.0,42.0,44.0,41.0,45.0,42.0,6,7.9504,0,7.5496,0,0,0,0,0,0,8.3432,0,7.4664
1776185424.3411036,8.3672,-0.8328184543689533,0.0,0.0,-1.2452703598525297,0.0,-1.2452703408228805,0.0,45.0,45.0,42.0,44.0,41.0,45.0,42.0,7,7.4752,0,7.652,0,0,0,0,0,0,7.4696,0,7.4784
1776185424.3411202,8.3672,-0.8328184543689533,0.0,0.0,-1.2452703598525297,0.0,-1.2452703408228805,0.0,45.0,45.0,42.0,44.0,41.0,45.0,42.0,8,7.4632,0,7.4656,0,0,0,0,0,0,7.472,0,7.636
1776185424.392018,8.3672,-0.8371620852815742,0.0,0.0,-1.251764952655479,0.0,-1.2517649340064227,0.0,45.0,45.0,42.0,44.0,41.0,45.0,42.0,0,7.608,0,8.016,0,0,0,0,0,0,7.9712,0,8.0208
1776185424.3920686,8.3672,-0.8371620852815742,0.0,0.0,-1.251764952655479,0.0,-1.2517649340064227,0.0,45.0,45.0,42.0,44.0,41.0,45.0,42.0,1,0,0,0,7.7872,0,0,7.624,0,7.7784,0,0,0
1776185424.3920968,8.3672,-0.8371620852815742,0.0,0.0,-1.251764952655479,0.0,-1.2517649340064227,0.0,45.0,45.0,42.0,44.0,41.0,45.0,42.0,2,7.6904,0,7.7712,0,0,0,0,0,0,7.6592,0,7.6008
1776185424.392128,8.3672,-0.8371620852815742,0.0,0.0,-1.251764952655479,0.0,-1.2517649340064227,0.0,45.0,45.0,42.0,44.0,41.0,45.0,42.0,3,0,0,0,7.488,0,0,7.2024,0,7.8984,0,0,0
1776185424.3921604,8.3672,-0.8371620852815742,0.0,0.0,-1.251764952655479,0.0,-1.2517649340064227,0.0,45.0,45.0,42.0,44.0,41.0,45.0,42.0,4,8.3672,0,7.4952,0,0,0,0,0,0,7.4944,0,7.4904
1776185424.3921933,8.3672,-0.8371620852815742,0.0,0.0,-1.251764952655479,0.0,-1.2517649340064227,0.0,45.0,45.0,42.0,44.0,41.0,45.0,42.0,5,0,0,0,7.48,0,0,7.2816,0,7.748,0,0,0
1776185424.3922315,8.3672,-0.8371620852815742,0.0,0.0,-1.251764952655479,0.0,-1.2517649340064227,0.0,45.0,45.0,42.0,44.0,41.0,45.0,42.0,6,7.9504,0,7.5496,0,0,0,0,0,0,8.3432,0,7.4664
1776185424.3922513,8.3672,-0.8371620852815742,0.0,0.0,-1.251764952655479,0.0,-1.2517649340064227,0.0,45.0,45.0,42.0,44.0,41.0,45.0,42.0,7,7.4752,0,7.652,0,0,0,0,0,0,7.4696,0,7.4784
1776185424.3922691,8.3672,-0.8371620852815742,0.0,0.0,-1.251764952655479,0.0,-1.2517649340064227,0.0,45.0,45.0,42.0,44.0,41.0,45.0,42.0,8,7.4632,0,7.4656,0,0,0,0,0,0,7.472,0,7.636
1776185424.4435277,8.3672,-0.8414188435759428,0.0,0.0,-1.2581296536023694,0.0,-1.2581296353262943,0.0,45.0,45.0,42.0,44.0,41.0,45.0,42.0,0,7.6088,0,8.0152,0,0,0,0,0,0,7.9712,0,8.0216
1776185424.4436064,8.3672,-0.8414188435759428,0.0,0.0,-1.2581296536023694,0.0,-1.2581296353262943,0.0,45.0,45.0,42.0,44.0,41.0,45.0,42.0,1,0,0,0,7.7872,0,0,7.6232,0,7.7776,0,0,0
1776185424.4436584,8.3672,-0.8414188435759428,0.0,0.0,-1.2581296536023694,0.0,-1.2581296353262943,0.0,45.0,45.0,42.0,44.0,41.0,45.0,42.0,2,7.6912,0,7.772,0,0,0,0,0,0,7.6592,0,7.6032
1776185424.4437075,8.3672,-0.8414188435759428,0.0,0.0,-1.2581296536023694,0.0,-1.2581296353262943,0.0,45.0,45.0,42.0,44.0,41.0,45.0,42.0,3,0,0,0,7.4888,0,0,7.2024,0,7.8976,0,0,0
1776185424.443755,8.3672,-0.8414188435759428,0.0,0.0,-1.2581296536023694,0.0,-1.2581296353262943,0.0,45.0,45.0,42.0,44.0,41.0,45.0,42.0,4,8.3672,0,7.496,0,0,0,0,0,0,7.4952,0,7.4896
1776185424.4439442,8.3672,-0.8414188435759428,0.0,0.0,-1.2581296536023694,0.0,-1.2581296353262943,0.0,45.0,45.0,42.0,44.0,41.0,45.0,42.0,5,0,0,0,7.4824,0,0,7.284,0,7.748,0,0,0
1776185424.4440405,8.3672,-0.8414188435759428,0.0,0.0,-1.2581296536023694,0.0,-1.2581296353262943,0.0,45.0,45.0,42.0,44.0,41.0,45.0,42.0,6,7.9496,0,7.5488,0,0,0,0,0,0,8.3432,0,7.4664
1776185424.4441173,8.3672,-0.8414188435759428,0.0,0.0,-1.2581296536023694,0.0,-1.2581296353262943,0.0,45.0,45.0,42.0,44.0,41.0,45.0,42.0,7,7.4752,0,7.6504,0,0,0,0,0,0,7.4696,0,7.4784
1776185424.4441946,8.3672,-0.8414188435759428,0.0,0.0,-1.2581296536023694,0.0,-1.2581296353262943,0.0,45.0,45.0,42.0,44.0,41.0,45.0,42.0,8,7.4632,0,7.4656,0,0,0,0,0,0,7.4712,0,7.6376
1776185424.4958823,8.3672,-0.845590466704424,0.0,0.0,-1.264367060530322,0.0,-1.2643670426197684,0.0,45.0,45.0,42.0,44.0,41.0,45.0,42.0,0,7.6088,0,8.0152,0,0,0,0,0,0,7.9712,0,8.0216
1776185424.4960349,8.3672,-0.845590466704424,0.0,0.0,-1.264367060530322,0.0,-1.2643670426197684,0.0,45.0,45.0,42.0,44.0,41.0,45.0,42.0,1,0,0,0,7.7872,0,0,7.6232,0,7.7776,0,0,0
1776185424.4961529,8.3672,-0.845590466704424,0.0,0.0,-1.264367060530322,0.0,-1.2643670426197684,0.0,45.0,45.0,42.0,44.0,41.0,45.0,42.0,2,7.6912,0,7.772,0,0,0,0,0,0,7.6592,0,7.6032
1776185424.496216,8.3672,-0.845590466704424,0.0,0.0,-1.264367060530322,0.0,-1.2643670426197684,0.0,45.0,45.0,42.0,44.0,41.0,45.0,42.0,3,0,0,0,7.4888,0,0,7.2024,0,7.8976,0,0,0
1776185424.4962819,8.3672,-0.845590466704424,0.0,0.0,-1.264367060530322,0.0,-1.2643670426197684,0.0,45.0,45.0,42.0,44.0,41.0,45.0,42.0,4,8.3672,0,7.496,0,0,0,0,0,0,7.4952,0,7.4896
1776185424.4963999,8.3672,-0.845590466704424,0.0,0.0,-1.264367060530322,0.0,-1.2643670426197684,0.0,45.0,45.0,42.0,44.0,41.0,45.0,42.0,5,0,0,0,7.4824,0,0,7.284,0,7.748,0,0,0
1776185424.4964945,8.3672,-0.845590466704424,0.0,0.0,-1.264367060530322,0.0,-1.2643670426197684,0.0,45.0,45.0,42.0,44.0,41.0,45.0,42.0,6,7.9496,0,7.5488,0,0,0,0,0,0,8.3432,0,7.4664
1776185424.4965916,8.3672,-0.845590466704424,0.0,0.0,-1.264367060530322,0.0,-1.2643670426197684,0.0,45.0,45.0,42.0,44.0,41.0,45.0,42.0,7,7.4752,0,7.6504,0,0,0,0,0,0,7.4696,0,7.4784
1776185424.4967637,8.3672,-0.845590466704424,0.0,0.0,-1.264367060530322,0.0,-1.2643670426197684,0.0,45.0,45.0,42.0,44.0,41.0,45.0,42.0,8,7.4632,0,7.4656,0,0,0,0,0,0,7.4712,0,7.6376
1776185424.5480802,8.3672,-0.8496786573703354,0.0,0.0,-1.2704797193197157,0.0,-1.270479701767373,0.0,45.0,45.0,42.0,44.0,41.0,45.0,42.0,0,7.6088,0,8.0152,0,0,0,0,0,0,7.9712,0,8.0216
1776185424.548161,8.3672,-0.8496786573703354,0.0,0.0,-1.2704797193197157,0.0,-1.270479701767373,0.0,45.0,45.0,42.0,44.0,41.0,45.0,42.0,1,0,0,0,7.7872,0,0,7.6232,0,7.7776,0,0,0
1776185424.5482135,8.3672,-0.8496786573703354,0.0,0.0,-1.2704797193197157,0.0,-1.270479701767373,0.0,45.0,45.0,42.0,44.0,41.0,45.0,42.0,2,7.6912,0,7.772,0,0,0,0,0,0,7.6592,0,7.6032
1776185424.5482645,8.3672,-0.8496786573703354,0.0,0.0,-1.2704797193197157,0.0,-1.270479701767373,0.0,45.0,45.0,42.0,44.0,41.0,45.0,42.0,3,0,0,0,7.4888,0,0,7.2024,0,7.8976,0,0,0
1776185424.5483127,8.3672,-0.8496786573703354,0.0,0.0,-1.2704797193197157,0.0,-1.270479701767373,0.0,45.0,45.0,42.0,44.0,41.0,45.0,42.0,4,8.3672,0,7.496,0,0,0,0,0,0,7.4952,0,7.4896
1776185424.5483618,8.3672,-0.8496786573703354,0.0,0.0,-1.2704797193197157,0.0,-1.270479701767373,0.0,45.0,45.0,42.0,44.0,41.0,45.0,42.0,5,0,0,0,7.4824,0,0,7.284,0,7.748,0,0,0
1776185424.5484097,8.3672,-0.8496786573703354,0.0,0.0,-1.2704797193197157,0.0,-1.270479701767373,0.0,45.0,45.0,42.0,44.0,41.0,45.0,42.0,6,7.9496,0,7.5488,0,0,0,0,0,0,8.3432,0,7.4664
1776185424.5484586,8.3672,-0.8496786573703354,0.0,0.0,-1.2704797193197157,0.0,-1.270479701767373,0.0,45.0,45.0,42.0,44.0,41.0,45.0,42.0,7,7.4752,0,7.6504,0,0,0,0,0,0,7.4696,0,7.4784
1776185424.5485067,8.3672,-0.8496786573703354,0.0,0.0,-1.2704797193197157,0.0,-1.270479701767373,0.0,45.0,45.0,42.0,44.0,41.0,45.0,42.0,8,7.4632,0,7.4656,0,0,0,0,0,0,7.4712,0,7.6376
1776185424.5995717,8.3664,-0.8536850842229288,0.0,0.0,-1.2764701249333215,0.0,-1.2764701077320255,0.0,45.0,45.0,42.0,44.0,41.0,45.0,42.0,0,7.6088,0,8.016,0,0,0,0,0,0,7.9704,0,8.0224
1776185424.5996404,8.3664,-0.8536850842229288,0.0,0.0,-1.2764701249333215,0.0,-1.2764701077320255,0.0,45.0,45.0,42.0,44.0,41.0,45.0,42.0,1,0,0,0,7.7856,0,0,7.6248,0,7.7776,0,0,0
1776185424.5996861,8.3664,-0.8536850842229288,0.0,0.0,-1.2764701249333215,0.0,-1.2764701077320255,0.0,45.0,45.0,42.0,44.0,41.0,45.0,42.0,2,7.692,0,7.7712,0,0,0,0,0,0,7.66,0,7.6016
1776185424.5997298,8.3664,-0.8536850842229288,0.0,0.0,-1.2764701249333215,0.0,-1.2764701077320255,0.0,45.0,45.0,42.0,44.0,41.0,45.0,42.0,3,0,0,0,7.4888,0,0,7.2016,0,7.8968,0,0,0
1776185424.5997705,8.3664,-0.8536850842229288,0.0,0.0,-1.2764701249333215,0.0,-1.2764701077320255,0.0,45.0,45.0,42.0,44.0,41.0,45.0,42.0,4,8.3664,0,7.4952,0,0,0,0,0,0,7.496,0,7.4904
1776185424.5998127,8.3664,-0.8536850842229288,0.0,0.0,-1.2764701249333215,0.0,-1.2764701077320255,0.0,45.0,45.0,42.0,44.0,41.0,45.0,42.0,5,0,0,0,7.4824,0,0,7.2824,0,7.7488,0,0,0
1776185424.5998657,8.3664,-0.8536850842229288,0.0,0.0,-1.2764701249333215,0.0,-1.2764701077320255,0.0,45.0,45.0,42.0,44.0,41.0,45.0,42.0,6,7.9496,0,7.5496,0,0,0,0,0,0,8.3432,0,7.4664
1776185424.599908,8.3664,-0.8536850842229288,0.0,0.0,-1.2764701249333215,0.0,-1.2764701077320255,0.0,45.0,45.0,42.0,44.0,41.0,45.0,42.0,7,7.4752,0,7.652,0,0,0,0,0,0,7.4704,0,7.4792
1776185424.5999496,8.3664,-0.8536850842229288,0.0,0.0,-1.2764701249333215,0.0,-1.2764701077320255,0.0,45.0,45.0,42.0,44.0,41.0,45.0,42.0,8,7.4632,0,7.4648,0,0,0,0,0,0,7.4712,0,7.6376
1776185424.6508687,8.3664,-0.8576113825384702,0.0,0.0,-1.282340722434655,0.0,-1.282340705577385,0.0,45.0,45.0,42.0,44.0,41.0,45.0,42.0,0,7.6088,0,8.016,0,0,0,0,0,0,7.9704,0,8.0224
1776185424.6509385,8.3664,-0.8576113825384702,0.0,0.0,-1.282340722434655,0.0,-1.282340705577385,0.0,45.0,45.0,42.0,44.0,41.0,45.0,42.0,1,0,0,0,7.7856,0,0,7.6248,0,7.7776,0,0,0
1776185424.650984,8.3664,-0.8576113825384702,0.0,0.0,-1.282340722434655,0.0,-1.282340705577385,0.0,45.0,45.0,42.0,44.0,41.0,45.0,42.0,2,7.692,0,7.7712,0,0,0,0,0,0,7.66,0,7.6016
1776185424.6510274,8.3664,-0.8576113825384702,0.0,0.0,-1.282340722434655,0.0,-1.282340705577385,0.0,45.0,45.0,42.0,44.0,41.0,45.0,42.0,3,0,0,0,7.4888,0,0,7.2016,0,7.8968,0,0,0
1776185424.6510687,8.3664,-0.8576113825384702,0.0,0.0,-1.282340722434655,0.0,-1.282340705577385,0.0,45.0,45.0,42.0,44.0,41.0,45.0,42.0,4,8.3664,0,7.4952,0,0,0,0,0,0,7.496,0,7.4904
1776185424.651111,8.3664,-0.8576113825384702,0.0,0.0,-1.282340722434655,0.0,-1.282340705577385,0.0,45.0,45.0,42.0,44.0,41.0,45.0,42.0,5,0,0,0,7.4824,0,0,7.2824,0,7.7488,0,0,0
1776185424.651152,8.3664,-0.8576113825384702,0.0,0.0,-1.282340722434655,0.0,-1.282340705577385,0.0,45.0,45.0,42.0,44.0,41.0,45.0,42.0,6,7.9496,0,7.5496,0,0,0,0,0,0,8.3432,0,7.4664
1776185424.6511936,8.3664,-0.8576113825384702,0.0,0.0,-1.282340722434655,0.0,-1.282340705577385,0.0,45.0,45.0,42.0,44.0,41.0,45.0,42.0,7,7.4752,0,7.652,0,0,0,0,0,0,7.4704,0,7.4792
1776185424.6512353,8.3664,-0.8576113825384702,0.0,0.0,-1.282340722434655,0.0,-1.282340705577385,0.0,45.0,45.0,42.0,44.0,41.0,45.0,42.0,8,7.4632,0,7.4648,0,0,0,0,0,0,7.4712,0,7.6376
1776185424.7021997,8.3672,-0.8614591548877009,0.0,0.0,-1.288093907985962,0.0,-1.2880938914658373,0.0,45.0,45.0,42.0,44.0,41.0,45.0,42.0,0,7.608,0,8.0144,0,0,0,0,0,0,7.9712,0,8.0216
1776185424.702268,8.3672,-0.8614591548877009,0.0,0.0,-1.288093907985962,0.0,-1.2880938914658373,0.0,45.0,45.0,42.0,44.0,41.0,45.0,42.0,1,0,0,0,7.7872,0,0,7.6248,0,7.7776,0,0,0
1776185424.7023127,8.3672,-0.8614591548877009,0.0,0.0,-1.288093907985962,0.0,-1.2880938914658373,0.0,45.0,45.0,42.0,44.0,41.0,45.0,42.0,2,7.692,0,7.7704,0,0,0,0,0,0,7.6592,0,7.6024
1776185424.7023559,8.3672,-0.8614591548877009,0.0,0.0,-1.288093907985962,0.0,-1.2880938914658373,0.0,45.0,45.0,42.0,44.0,41.0,45.0,42.0,3,0,0,0,7.4888,0,0,7.2024,0,7.8984,0,0,0
1776185424.702397,8.3672,-0.8614591548877009,0.0,0.0,-1.288093907985962,0.0,-1.2880938914658373,0.0,45.0,45.0,42.0,44.0,41.0,45.0,42.0,4,8.3672,0,7.4952,0,0,0,0,0,0,7.4952,0,7.4904
1776185424.702562,8.3672,-0.8614591548877009,0.0,0.0,-1.288093907985962,0.0,-1.2880938914658373,0.0,45.0,45.0,42.0,44.0,41.0,45.0,42.0,5,0,0,0,7.4824,0,0,7.28,0,7.7472,0,0,0
1776185424.702639,8.3672,-0.8614591548877009,0.0,0.0,-1.288093907985962,0.0,-1.2880938914658373,0.0,45.0,45.0,42.0,44.0,41.0,45.0,42.0,6,7.9496,0,7.5488,0,0,0,0,0,0,8.3432,0,7.4664
1776185424.7027147,8.3672,-0.8614591548877009,0.0,0.0,-1.288093907985962,0.0,-1.2880938914658373,0.0,45.0,45.0,42.0,44.0,41.0,45.0,42.0,7,7.4752,0,7.6504,0,0,0,0,0,0,7.4704,0,7.4784
1776185424.7028484,8.3672,-0.8614591548877009,0.0,0.0,-1.288093907985962,0.0,-1.2880938914658373,0.0,45.0,45.0,42.0,44.0,41.0,45.0,42.0,8,7.464,0,7.4648,0,0,0,0,0,0,7.4712,0,7.6376
1776185424.754453,8.3672,-0.8652299717899469,0.0,0.0,-1.2937320298262427,0.0,-1.2937320136365205,0.0,45.0,45.0,42.0,44.0,41.0,45.0,42.0,0,7.608,0,8.0144,0,0,0,0,0,0,7.9712,0,8.0216
1776185424.754559,8.3672,-0.8652299717899469,0.0,0.0,-1.2937320298262427,0.0,-1.2937320136365205,0.0,45.0,45.0,42.0,44.0,41.0,45.0,42.0,1,0,0,0,7.7872,0,0,7.6248,0,7.7776,0,0,0
1776185424.7546422,8.3672,-0.8652299717899469,0.0,0.0,-1.2937320298262427,0.0,-1.2937320136365205,0.0,45.0,45.0,42.0,44.0,41.0,45.0,42.0,2,7.692,0,7.7704,0,0,0,0,0,0,7.6592,0,7.6024
1776185424.754728,8.3672,-0.8652299717899469,0.0,0.0,-1.2937320298262427,0.0,-1.2937320136365205,0.0,45.0,45.0,42.0,44.0,41.0,45.0,42.0,3,0,0,0,7.4888,0,0,7.2024,0,7.8984,0,0,0
1776185424.7548196,8.3672,-0.8652299717899469,0.0,0.0,-1.2937320298262427,0.0,-1.2937320136365205,0.0,45.0,45.0,42.0,44.0,41.0,45.0,42.0,4,8.3672,0,7.4952,0,0,0,0,0,0,7.4952,0,7.4904
1776185424.754884,8.3672,-0.8652299717899469,0.0,0.0,-1.2937320298262427,0.0,-1.2937320136365205,0.0,45.0,45.0,42.0,44.0,41.0,45.0,42.0,5,0,0,0,7.4824,0,0,7.28,0,7.7472,0,0,0
1776185424.7549257,8.3672,-0.8652299717899469,0.0,0.0,-1.2937320298262427,0.0,-1.2937320136365205,0.0,45.0,45.0,42.0,44.0,41.0,45.0,42.0,6,7.9496,0,7.5488,0,0,0,0,0,0,8.3432,0,7.4664
1776185424.7549698,8.3672,-0.8652299717899469,0.0,0.0,-1.2937320298262427,0.0,-1.2937320136365205,0.0,45.0,45.0,42.0,44.0,41.0,45.0,42.0,7,7.4752,0,7.6504,0,0,0,0,0,0,7.4704,0,7.4784
1776185424.755012,8.3672,-0.8652299717899469,0.0,0.0,-1.2937320298262427,0.0,-1.2937320136365205,0.0,45.0,45.0,42.0,44.0,41.0,45.0,42.0,8,7.464,0,7.4648,0,0,0,0,0,0,7.4712,0,7.6376
1776185424.806641,8.3672,-0.8689253723541479,0.0,0.0,-1.299257389229718,0.0,-1.29925737336379,0.0,45.0,45.0,42.0,44.0,41.0,45.0,42.0,0,7.608,0,8.0144,0,0,0,0,0,0,7.9712,0,8.0216
1776185424.8067307,8.3672,-0.8689253723541479,0.0,0.0,-1.299257389229718,0.0,-1.29925737336379,0.0,45.0,45.0,42.0,44.0,41.0,45.0,42.0,1,0,0,0,7.7872,0,0,7.6248,0,7.7776,0,0,0
1776185424.8067832,8.3672,-0.8689253723541479,0.0,0.0,-1.299257389229718,0.0,-1.29925737336379,0.0,45.0,45.0,42.0,44.0,41.0,45.0,42.0,2,7.692,0,7.7704,0,0,0,0,0,0,7.6592,0,7.6024
1776185424.806834,8.3672,-0.8689253723541479,0.0,0.0,-1.299257389229718,0.0,-1.29925737336379,0.0,45.0,45.0,42.0,44.0,41.0,45.0,42.0,3,0,0,0,7.4888,0,0,7.2024,0,7.8984,0,0,0
1776185424.8068826,8.3672,-0.8689253723541479,0.0,0.0,-1.299257389229718,0.0,-1.29925737336379,0.0,45.0,45.0,42.0,44.0,41.0,45.0,42.0,4,8.3672,0,7.4952,0,0,0,0,0,0,7.4952,0,7.4904
1776185424.8069534,8.3672,-0.8689253723541479,0.0,0.0,-1.299257389229718,0.0,-1.29925737336379,0.0,45.0,45.0,42.0,44.0,41.0,45.0,42.0,5,0,0,0,7.4824,0,0,7.28,0,7.7472,0,0,0
1776185424.8070302,8.3672,-0.8689253723541479,0.0,0.0,-1.299257389229718,0.0,-1.29925737336379,0.0,45.0,45.0,42.0,44.0,41.0,45.0,42.0,6,7.9496,0,7.5488,0,0,0,0,0,0,8.3432,0,7.4664
1776185424.80708,8.3672,-0.8689253723541479,0.0,0.0,-1.299257389229718,0.0,-1.29925737336379,0.0,45.0,45.0,42.0,44.0,41.0,45.0,42.0,7,7.4752,0,7.6504,0,0,0,0,0,0,7.4704,0,7.4784
1776185424.8071275,8.3672,-0.8689253723541479,0.0,0.0,-1.299257389229718,0.0,-1.29925737336379,0.0,45.0,45.0,42.0,44.0,41.0,45.0,42.0,8,7.464,0,7.4648,0,0,0,0,0,0,7.4712,0,7.6376
1776185424.8583481,8.3672,-0.8725468649070649,0.0,0.0,-1.3046722414451235,0.0,-1.3046722258965142,0.0,45.0,45.0,42.0,44.0,41.0,45.0,42.0,0,7.6088,0,8.016,0,0,0,0,0,0,7.9712,0,8.0224
1776185424.8584893,8.3672,-0.8725468649070649,0.0,0.0,-1.3046722414451235,0.0,-1.3046722258965142,0.0,45.0,45.0,42.0,44.0,41.0,45.0,42.0,1,0,0,0,7.7864,0,0,7.6256,0,7.7776,0,0,0
1776185424.8585746,8.3672,-0.8725468649070649,0.0,0.0,-1.3046722414451235,0.0,-1.3046722258965142,0.0,45.0,45.0,42.0,44.0,41.0,45.0,42.0,2,7.692,0,7.7712,0,0,0,0,0,0,7.6592,0,7.6024
1776185424.8586571,8.3672,-0.8725468649070649,0.0,0.0,-1.3046722414451235,0.0,-1.3046722258965142,0.0,45.0,45.0,42.0,44.0,41.0,45.0,42.0,3,0,0,0,7.4888,0,0,7.2016,0,7.8976,0,0,0
1776185424.8587363,8.3672,-0.8725468649070649,0.0,0.0,-1.3046722414451235,0.0,-1.3046722258965142,0.0,45.0,45.0,42.0,44.0,41.0,45.0,42.0,4,8.3672,0,7.496,0,0,0,0,0,0,7.496,0,7.4912
1776185424.8588183,8.3672,-0.8725468649070649,0.0,0.0,-1.3046722414451235,0.0,-1.3046722258965142,0.0,45.0,45.0,42.0,44.0,41.0,45.0,42.0,5,0,0,0,7.4808,0,0,7.284,0,7.748,0,0,0
1776185424.8588974,8.3672,-0.8725468649070649,0.0,0.0,-1.3046722414451235,0.0,-1.3046722258965142,0.0,45.0,45.0,42.0,44.0,41.0,45.0,42.0,6,7.9496,0,7.5496,0,0,0,0,0,0,8.344,0,7.4656
1776185424.858979,8.3672,-0.8725468649070649,0.0,0.0,-1.3046722414451235,0.0,-1.3046722258965142,0.0,45.0,45.0,42.0,44.0,41.0,45.0,42.0,7,7.4744,0,7.6504,0,0,0,0,0,0,7.4704,0,7.4792
1776185424.8590608,8.3672,-0.8725468649070649,0.0,0.0,-1.3046722414451235,0.0,-1.3046722258965142,0.0,45.0,45.0,42.0,44.0,41.0,45.0,42.0,8,7.464,0,7.4648,0,0,0,0,0,0,7.4728,0,7.6368
1776185424.9103878,8.3672,-0.8760959276089236,0.0,0.0,-1.309978796616221,0.0,-1.309978781378584,0.0,45.0,45.0,42.0,44.0,41.0,45.0,42.0,0,7.6088,0,8.016,0,0,0,0,0,0,7.9712,0,8.0224
1776185424.9105353,8.3672,-0.8760959276089236,0.0,0.0,-1.309978796616221,0.0,-1.309978781378584,0.0,45.0,45.0,42.0,44.0,41.0,45.0,42.0,1,0,0,0,7.7864,0,0,7.6256,0,7.7776,0,0,0
1776185424.9106278,8.3672,-0.8760959276089236,0.0,0.0,-1.309978796616221,0.0,-1.309978781378584,0.0,45.0,45.0,42.0,44.0,41.0,45.0,42.0,2,7.692,0,7.7712,0,0,0,0,0,0,7.6592,0,7.6024
1776185424.910723,8.3672,-0.8760959276089236,0.0,0.0,-1.309978796616221,0.0,-1.309978781378584,0.0,45.0,45.0,42.0,44.0,41.0,45.0,42.0,3,0,0,0,7.4888,0,0,7.2016,0,7.8976,0,0,0
1776185424.9108195,8.3672,-0.8760959276089236,0.0,0.0,-1.309978796616221,0.0,-1.309978781378584,0.0,45.0,45.0,42.0,44.0,41.0,45.0,42.0,4,8.3672,0,7.496,0,0,0,0,0,0,7.496,0,7.4912
1776185424.910889,8.3672,-0.8760959276089236,0.0,0.0,-1.309978796616221,0.0,-1.309978781378584,0.0,45.0,45.0,42.0,44.0,41.0,45.0,42.0,5,0,0,0,7.4808,0,0,7.284,0,7.748,0,0,0
1776185424.9109375,8.3672,-0.8760959276089236,0.0,0.0,-1.309978796616221,0.0,-1.309978781378584,0.0,45.0,45.0,42.0,44.0,41.0,45.0,42.0,6,7.9496,0,7.5496,0,0,0,0,0,0,8.344,0,7.4656
1776185424.910986,8.3672,-0.8760959276089236,0.0,0.0,-1.309978796616221,0.0,-1.309978781378584,0.0,45.0,45.0,42.0,44.0,41.0,45.0,42.0,7,7.4744,0,7.6504,0,0,0,0,0,0,7.4704,0,7.4792
1776185424.9110334,8.3672,-0.8760959276089236,0.0,0.0,-1.309978796616221,0.0,-1.309978781378584,0.0,45.0,45.0,42.0,44.0,41.0,45.0,42.0,8,7.464,0,7.4648,0,0,0,0,0,0,7.4728,0,7.6368
1776185424.9621117,8.3656,-0.8795740090567452,0.0,0.0,-1.3151792206838966,0.0,-1.3151792057510123,0.0,45.0,45.0,42.0,44.0,41.0,45.0,42.0,0,7.6096,0,8.016,0,0,0,0,0,0,7.9704,0,8.0216
1776185424.962191,8.3656,-0.8795740090567452,0.0,0.0,-1.3151792206838966,0.0,-1.3151792057510123,0.0,45.0,45.0,42.0,44.0,41.0,45.0,42.0,1,0,0,0,7.7872,0,0,7.6248,0,7.7784,0,0,0
1776185424.9622433,8.3656,-0.8795740090567452,0.0,0.0,-1.3151792206838966,0.0,-1.3151792057510123,0.0,45.0,45.0,42.0,44.0,41.0,45.0,42.0,2,7.692,0,7.7704,0,0,0,0,0,0,7.6576,0,7.6016
1776185424.9622927,8.3656,-0.8795740090567452,0.0,0.0,-1.3151792206838966,0.0,-1.3151792057510123,0.0,45.0,45.0,42.0,44.0,41.0,45.0,42.0,3,0,0,0,7.4888,0,0,7.2024,0,7.8992,0,0,0
1776185424.9623396,8.3656,-0.8795740090567452,0.0,0.0,-1.3151792206838966,0.0,-1.3151792057510123,0.0,45.0,45.0,42.0,44.0,41.0,45.0,42.0,4,8.3656,0,7.4952,0,0,0,0,0,0,7.4944,0,7.4904
1776185424.9625266,8.3656,-0.8795740090567452,0.0,0.0,-1.3151792206838966,0.0,-1.3151792057510123,0.0,45.0,45.0,42.0,44.0,41.0,45.0,42.0,5,0,0,0,7.4824,0,0,7.2824,0,7.748,0,0,0
1776185424.962613,8.3656,-0.8795740090567452,0.0,0.0,-1.3151792206838966,0.0,-1.3151792057510123,0.0,45.0,45.0,42.0,44.0,41.0,45.0,42.0,6,7.9496,0,7.5496,0,0,0,0,0,0,8.3432,0,7.4664
1776185424.9627113,8.3656,-0.8795740090567452,0.0,0.0,-1.3151792206838966,0.0,-1.3151792057510123,0.0,45.0,45.0,42.0,44.0,41.0,45.0,42.0,7,7.476,0,7.6512,0,0,0,0,0,0,7.4704,0,7.4792
1776185424.9628065,8.3656,-0.8795740090567452,0.0,0.0,-1.3151792206838966,0.0,-1.3151792057510123,0.0,45.0,45.0,42.0,44.0,41.0,45.0,42.0,8,7.464,0,7.4648,0,0,0,0,0,0,7.472,0,7.636
1776185425.014243,8.3656,-0.8829825288756104,0.0,0.0,-1.3202756362702186,0.0,-1.320275621635992,0.0,45.0,45.0,42.0,44.0,41.0,45.0,42.0,0,7.6096,0,8.016,0,0,0,0,0,0,7.9704,0,8.0216
1776185425.014323,8.3656,-0.8829825288756104,0.0,0.0,-1.3202756362702186,0.0,-1.320275621635992,0.0,45.0,45.0,42.0,44.0,41.0,45.0,42.0,1,0,0,0,7.7872,0,0,7.6248,0,7.7784,0,0,0
1776185425.014375,8.3656,-0.8829825288756104,0.0,0.0,-1.3202756362702186,0.0,-1.320275621635992,0.0,45.0,45.0,42.0,44.0,41.0,45.0,42.0,2,7.692,0,7.7704,0,0,0,0,0,0,7.6576,0,7.6016
1776185425.0144265,8.3656,-0.8829825288756104,0.0,0.0,-1.3202756362702186,0.0,-1.320275621635992,0.0,45.0,45.0,42.0,44.0,41.0,45.0,42.0,3,0,0,0,7.4888,0,0,7.2024,0,7.8992,0,0,0
1776185425.0144742,8.3656,-0.8829825288756104,0.0,0.0,-1.3202756362702186,0.0,-1.320275621635992,0.0,45.0,45.0,42.0,44.0,41.0,45.0,42.0,4,8.3656,0,7.4952,0,0,0,0,0,0,7.4944,0,7.4904
1776185425.0145228,8.3656,-0.8829825288756104,0.0,0.0,-1.3202756362702186,0.0,-1.320275621635992,0.0,45.0,45.0,42.0,44.0,41.0,45.0,42.0,5,0,0,0,7.4824,0,0,7.2824,0,7.748,0,0,0
1776185425.0145698,8.3656,-0.8829825288756104,0.0,0.0,-1.3202756362702186,0.0,-1.320275621635992,0.0,45.0,45.0,42.0,44.0,41.0,45.0,42.0,6,7.9496,0,7.5496,0,0,0,0,0,0,8.3432,0,7.4664
1776185425.0146196,8.3656,-0.8829825288756104,0.0,0.0,-1.3202756362702186,0.0,-1.320275621635992,0.0,45.0,45.0,42.0,44.0,41.0,45.0,42.0,7,7.476,0,7.6512,0,0,0,0,0,0,7.4704,0,7.4792
1776185425.0146677,8.3656,-0.8829825288756104,0.0,0.0,-1.3202756362702186,0.0,-1.320275621635992,0.0,45.0,45.0,42.0,44.0,41.0,45.0,42.0,8,7.464,0,7.4648,0,0,0,0,0,0,7.472,0,7.636
1776185425.0658824,8.3656,-0.8863228782980982,0.0,0.0,-1.3252701235448143,0.0,-1.3252701092032724,0.0,45.0,45.0,42.0,44.0,41.0,45.0,42.0,0,7.6096,0,8.016,0,0,0,0,0,0,7.9704,0,8.0216
1776185425.065962,8.3656,-0.8863228782980982,0.0,0.0,-1.3252701235448143,0.0,-1.3252701092032724,0.0,45.0,45.0,42.0,44.0,41.0,45.0,42.0,1,0,0,0,7.7872,0,0,7.6248,0,7.7784,0,0,0
1776185425.0660133,8.3656,-0.8863228782980982,0.0,0.0,-1.3252701235448143,0.0,-1.3252701092032724,0.0,45.0,45.0,42.0,44.0,41.0,45.0,42.0,2,7.692,0,7.7704,0,0,0,0,0,0,7.6576,0,7.6016
1776185425.0660641,8.3656,-0.8863228782980982,0.0,0.0,-1.3252701235448143,0.0,-1.3252701092032724,0.0,45.0,45.0,42.0,44.0,41.0,45.0,42.0,3,0,0,0,7.4888,0,0,7.2024,0,7.8992,0,0,0
1776185425.0661118,8.3656,-0.8863228782980982,0.0,0.0,-1.3252701235448143,0.0,-1.3252701092032724,0.0,45.0,45.0,42.0,44.0,41.0,45.0,42.0,4,8.3656,0,7.4952,0,0,0,0,0,0,7.4944,0,7.4904
1776185425.0661626,8.3656,-0.8863228782980982,0.0,0.0,-1.3252701235448143,0.0,-1.3252701092032724,0.0,45.0,45.0,42.0,44.0,41.0,45.0,42.0,5,0,0,0,7.4824,0,0,7.2824,0,7.748,0,0,0
1776185425.0662494,8.3656,-0.8863228782980982,0.0,0.0,-1.3252701235448143,0.0,-1.3252701092032724,0.0,45.0,45.0,42.0,44.0,41.0,45.0,42.0,6,7.9496,0,7.5496,0,0,0,0,0,0,8.3432,0,7.4664
1776185425.066304,8.3656,-0.8863228782980982,0.0,0.0,-1.3252701235448143,0.0,-1.3252701092032724,0.0,45.0,45.0,42.0,44.0,41.0,45.0,42.0,7,7.476,0,7.6512,0,0,0,0,0,0,7.4704,0,7.4792
1776185425.0663517,8.3656,-0.8863228782980982,0.0,0.0,-1.3252701235448143,0.0,-1.3252701092032724,0.0,45.0,45.0,42.0,44.0,41.0,45.0,42.0,8,7.464,0,7.4648,0,0,0,0,0,0,7.472,0,7.636
1776185425.117748,8.3664,-0.8895964207321362,0.0,0.0,-1.330164721073918,0.0,-1.3301647070192069,0.0,45.0,45.0,42.0,44.0,41.0,45.0,42.0,0,7.6096,0,8.0152,0,0,0,0,0,0,7.9712,0,8.0216
1776185425.1178288,8.3664,-0.8895964207321362,0.0,0.0,-1.330164721073918,0.0,-1.3301647070192069,0.0,45.0,45.0,42.0,44.0,41.0,45.0,42.0,1,0,0,0,7.7872,0,0,7.624,0,7.7768,0,0,0
1776185425.117882,8.3664,-0.8895964207321362,0.0,0.0,-1.330164721073918,0.0,-1.3301647070192069,0.0,45.0,45.0,42.0,44.0,41.0,45.0,42.0,2,7.6912,0,7.7712,0,0,0,0,0,0,7.6592,0,7.6024
1776185425.117932,8.3664,-0.8895964207321362,0.0,0.0,-1.330164721073918,0.0,-1.3301647070192069,0.0,45.0,45.0,42.0,44.0,41.0,45.0,42.0,3,0,0,0,7.4888,0,0,7.2008,0,7.8968,0,0,0
1776185425.1179786,8.3664,-0.8895964207321362,0.0,0.0,-1.330164721073918,0.0,-1.3301647070192069,0.0,45.0,45.0,42.0,44.0,41.0,45.0,42.0,4,8.3664,0,7.496,0,0,0,0,0,0,7.4952,0,7.4912
1776185425.118027,8.3664,-0.8895964207321362,0.0,0.0,-1.330164721073918,0.0,-1.3301647070192069,0.0,45.0,45.0,42.0,44.0,41.0,45.0,42.0,5,0,0,0,7.4808,0,0,7.2824,0,7.748,0,0,0
1776185425.1180725,8.3664,-0.8895964207321362,0.0,0.0,-1.330164721073918,0.0,-1.3301647070192069,0.0,45.0,45.0,42.0,44.0,41.0,45.0,42.0,6,7.9496,0,7.5496,0,0,0,0,0,0,8.3448,0,7.4664
1776185425.1181211,8.3664,-0.8895964207321362,0.0,0.0,-1.330164721073918,0.0,-1.3301647070192069,0.0,45.0,45.0,42.0,44.0,41.0,45.0,42.0,7,7.4752,0,7.652,0,0,0,0,0,0,7.4712,0,7.4792
1776185425.118169,8.3664,-0.8895964207321362,0.0,0.0,-1.330164721073918,0.0,-1.3301647070192069,0.0,45.0,45.0,42.0,44.0,41.0,45.0,42.0,8,7.464,0,7.4648,0,0,0,0,0,0,7.4712,0,7.6368
1776185425.1697526,8.3664,-0.8928044923174935,0.0,0.0,-1.3349614266524397,0.0,-1.3349614128788228,0.0,45.0,45.0,42.0,44.0,41.0,45.0,42.0,0,7.6096,0,8.0152,0,0,0,0,0,0,7.9712,0,8.0216
1776185425.1698616,8.3664,-0.8928044923174935,0.0,0.0,-1.3349614266524397,0.0,-1.3349614128788228,0.0,45.0,45.0,42.0,44.0,41.0,45.0,42.0,1,0,0,0,7.7872,0,0,7.624,0,7.7768,0,0,0
1776185425.1699572,8.3664,-0.8928044923174935,0.0,0.0,-1.3349614266524397,0.0,-1.3349614128788228,0.0,45.0,45.0,42.0,44.0,41.0,45.0,42.0,2,7.6912,0,7.7712,0,0,0,0,0,0,7.6592,0,7.6024
1776185425.1700668,8.3664,-0.8928044923174935,0.0,0.0,-1.3349614266524397,0.0,-1.3349614128788228,0.0,45.0,45.0,42.0,44.0,41.0,45.0,42.0,3,0,0,0,7.4888,0,0,7.2008,0,7.8968,0,0,0
1776185425.1701486,8.3664,-0.8928044923174935,0.0,0.0,-1.3349614266524397,0.0,-1.3349614128788228,0.0,45.0,45.0,42.0,44.0,41.0,45.0,42.0,4,8.3664,0,7.496,0,0,0,0,0,0,7.4952,0,7.4912
1776185425.1702244,8.3664,-0.8928044923174935,0.0,0.0,-1.3349614266524397,0.0,-1.3349614128788228,0.0,45.0,45.0,42.0,44.0,41.0,45.0,42.0,5,0,0,0,7.4808,0,0,7.2824,0,7.748,0,0,0
1776185425.1703072,8.3664,-0.8928044923174935,0.0,0.0,-1.3349614266524397,0.0,-1.3349614128788228,0.0,45.0,45.0,42.0,44.0,41.0,45.0,42.0,6,7.9496,0,7.5496,0,0,0,0,0,0,8.3448,0,7.4664
1776185425.170404,8.3664,-0.8928044923174935,0.0,0.0,-1.3349614266524397,0.0,-1.3349614128788228,0.0,45.0,45.0,42.0,44.0,41.0,45.0,42.0,7,7.4752,0,7.652,0,0,0,0,0,0,7.4712,0,7.4792
1776185425.1704526,8.3664,-0.8928044923174935,0.0,0.0,-1.3349614266524397,0.0,-1.3349614128788228,0.0,45.0,45.0,42.0,44.0,41.0,45.0,42.0,8,7.464,0,7.4648,0,0,0,0,0,0,7.4712,0,7.6368
1776185425.2227027,8.3656,-0.8959484024711436,0.0,0.0,-1.3396621981193908,0.0,-1.3396621846212462,0.0,45.0,45.0,42.0,44.0,41.0,45.0,42.0,0,7.6088,0,8.016,0,0,0,0,0,0,7.9712,0,8.0216
1776185425.2228398,8.3656,-0.8959484024711436,0.0,0.0,-1.3396621981193908,0.0,-1.3396621846212462,0.0,45.0,45.0,42.0,44.0,41.0,45.0,42.0,1,0,0,0,7.7864,0,0,7.6248,0,7.7776,0,0,0
1776185425.2229524,8.3656,-0.8959484024711436,0.0,0.0,-1.3396621981193908,0.0,-1.3396621846212462,0.0,45.0,45.0,42.0,44.0,41.0,45.0,42.0,2,7.692,0,7.772,0,0,0,0,0,0,7.6592,0,7.6032
1776185425.2230618,8.3656,-0.8959484024711436,0.0,0.0,-1.3396621981193908,0.0,-1.3396621846212462,0.0,45.0,45.0,42.0,44.0,41.0,45.0,42.0,3,0,0,0,7.488,0,0,7.2024,0,7.8976,0,0,0
1776185425.2231476,8.3656,-0.8959484024711436,0.0,0.0,-1.3396621981193908,0.0,-1.3396621846212462,0.0,45.0,45.0,42.0,44.0,41.0,45.0,42.0,4,8.3656,0,7.496,0,0,0,0,0,0,7.496,0,7.4904
1776185425.2233825,8.3656,-0.8959484024711436,0.0,0.0,-1.3396621981193908,0.0,-1.3396621846212462,0.0,45.0,45.0,42.0,44.0,41.0,45.0,42.0,5,0,0,0,7.4816,0,0,7.284,0,7.7488,0,0,0
1776185425.2234805,8.3656,-0.8959484024711436,0.0,0.0,-1.3396621981193908,0.0,-1.3396621846212462,0.0,45.0,45.0,42.0,44.0,41.0,45.0,42.0,6,7.9496,0,7.5488,0,0,0,0,0,0,8.3432,0,7.4664
1776185425.2235734,8.3656,-0.8959484024711436,0.0,0.0,-1.3396621981193908,0.0,-1.3396621846212462,0.0,45.0,45.0,42.0,44.0,41.0,45.0,42.0,7,7.4752,0,7.652,0,0,0,0,0,0,7.4704,0,7.4792
1776185425.2236617,8.3656,-0.8959484024711436,0.0,0.0,-1.3396621981193908,0.0,-1.3396621846212462,0.0,45.0,45.0,42.0,44.0,41.0,45.0,42.0,8,7.4632,0,7.464,0,0,0,0,0,0,7.4712,0,7.6376
1776185425.275218,8.3656,-0.8990294344217207,0.0,0.0,-1.344268954157003,0.0,-1.3442689409288213,0.0,45.0,45.0,42.0,44.0,41.0,45.0,42.0,0,7.6088,0,8.016,0,0,0,0,0,0,7.9712,0,8.0216
1776185425.2753482,8.3656,-0.8990294344217207,0.0,0.0,-1.344268954157003,0.0,-1.3442689409288213,0.0,45.0,45.0,42.0,44.0,41.0,45.0,42.0,1,0,0,0,7.7864,0,0,7.6248,0,7.7776,0,0,0
1776185425.2754464,8.3656,-0.8990294344217207,0.0,0.0,-1.344268954157003,0.0,-1.3442689409288213,0.0,45.0,45.0,42.0,44.0,41.0,45.0,42.0,2,7.692,0,7.772,0,0,0,0,0,0,7.6592,0,7.6032
1776185425.2755337,8.3656,-0.8990294344217207,0.0,0.0,-1.344268954157003,0.0,-1.3442689409288213,0.0,45.0,45.0,42.0,44.0,41.0,45.0,42.0,3,0,0,0,7.488,0,0,7.2024,0,7.8976,0,0,0
1776185425.2756174,8.3656,-0.8990294344217207,0.0,0.0,-1.344268954157003,0.0,-1.3442689409288213,0.0,45.0,45.0,42.0,44.0,41.0,45.0,42.0,4,8.3656,0,7.496,0,0,0,0,0,0,7.496,0,7.4904
1776185425.2756927,8.3656,-0.8990294344217207,0.0,0.0,-1.344268954157003,0.0,-1.3442689409288213,0.0,45.0,45.0,42.0,44.0,41.0,45.0,42.0,5,0,0,0,7.4816,0,0,7.284,0,7.7488,0,0,0
1776185425.2757404,8.3656,-0.8990294344217207,0.0,0.0,-1.344268954157003,0.0,-1.3442689409288213,0.0,45.0,45.0,42.0,44.0,41.0,45.0,42.0,6,7.9496,0,7.5488,0,0,0,0,0,0,8.3432,0,7.4664
1776185425.2758234,8.3656,-0.8990294344217207,0.0,0.0,-1.344268954157003,0.0,-1.3442689409288213,0.0,45.0,45.0,42.0,44.0,41.0,45.0,42.0,7,7.4752,0,7.652,0,0,0,0,0,0,7.4704,0,7.4792
1776185425.2758994,8.3656,-0.8990294344217207,0.0,0.0,-1.344268954157003,0.0,-1.3442689409288213,0.0,45.0,45.0,42.0,44.0,41.0,45.0,42.0,8,7.4632,0,7.464,0,0,0,0,0,0,7.4712,0,7.6376
1776185425.327878,8.3656,-0.9020488457332863,0.0,0.0,-1.3487835750738628,0.0,-1.3487835621102449,0.0,45.0,45.0,42.0,44.0,41.0,45.0,42.0,0,7.608,0,8.0152,0,0,0,0,0,0,7.9712,0,8.0216
1776185425.3279712,8.3656,-0.9020488457332863,0.0,0.0,-1.3487835750738628,0.0,-1.3487835621102449,0.0,45.0,45.0,42.0,44.0,41.0,45.0,42.0,1,0,0,0,7.7872,0,0,7.624,0,7.7776,0,0,0
1776185425.3280249,8.3656,-0.9020488457332863,0.0,0.0,-1.3487835750738628,0.0,-1.3487835621102449,0.0,45.0,45.0,42.0,44.0,41.0,45.0,42.0,2,7.692,0,7.7712,0,0,0,0,0,0,7.66,0,7.6016
1776185425.3280752,8.3656,-0.9020488457332863,0.0,0.0,-1.3487835750738628,0.0,-1.3487835621102449,0.0,45.0,45.0,42.0,44.0,41.0,45.0,42.0,3,0,0,0,7.4896,0,0,7.2024,0,7.8976,0,0,0
1776185425.3282018,8.3656,-0.9020488457332863,0.0,0.0,-1.3487835750738628,0.0,-1.3487835621102449,0.0,45.0,45.0,42.0,44.0,41.0,45.0,42.0,4,8.3656,0,7.4952,0,0,0,0,0,0,7.496,0,7.4912
1776185425.3282535,8.3656,-0.9020488457332863,0.0,0.0,-1.3487835750738628,0.0,-1.3487835621102449,0.0,45.0,45.0,42.0,44.0,41.0,45.0,42.0,5,0,0,0,7.4808,0,0,7.2832,0,7.748,0,0,0
1776185425.3283007,8.3656,-0.9020488457332863,0.0,0.0,-1.3487835750738628,0.0,-1.3487835621102449,0.0,45.0,45.0,42.0,44.0,41.0,45.0,42.0,6,7.9512,0,7.5496,0,0,0,0,0,0,8.344,0,7.4656
1776185425.3283496,8.3656,-0.9020488457332863,0.0,0.0,-1.3487835750738628,0.0,-1.3487835621102449,0.0,45.0,45.0,42.0,44.0,41.0,45.0,42.0,7,7.4752,0,7.652,0,0,0,0,0,0,7.4704,0,7.4792
1776185425.3283975,8.3656,-0.9020488457332863,0.0,0.0,-1.3487835750738628,0.0,-1.3487835621102449,0.0,45.0,45.0,42.0,44.0,41.0,45.0,42.0,8,7.464,0,7.4648,0,0,0,0,0,0,7.4712,0,7.6376
1776185425.3798158,8.3656,-0.9050078688186205,0.0,0.0,-1.3532079035723856,0.0,-1.35320789086804,0.0,45.0,45.0,42.0,44.0,41.0,45.0,42.0,0,7.608,0,8.0152,0,0,0,0,0,0,7.9712,0,8.0216
1776185425.3798966,8.3656,-0.9050078688186205,0.0,0.0,-1.3532079035723856,0.0,-1.35320789086804,0.0,45.0,45.0,42.0,44.0,41.0,45.0,42.0,1,0,0,0,7.7872,0,0,7.624,0,7.7776,0,0,0
1776185425.3799496,8.3656,-0.9050078688186205,0.0,0.0,-1.3532079035723856,0.0,-1.35320789086804,0.0,45.0,45.0,42.0,44.0,41.0,45.0,42.0,2,7.692,0,7.7712,0,0,0,0,0,0,7.66,0,7.6016
1776185425.3799994,8.3656,-0.9050078688186205,0.0,0.0,-1.3532079035723856,0.0,-1.35320789086804,0.0,45.0,45.0,42.0,44.0,41.0,45.0,42.0,3,0,0,0,7.4896,0,0,7.2024,0,7.8976,0,0,0
1776185425.3800466,8.3656,-0.9050078688186205,0.0,0.0,-1.3532079035723856,0.0,-1.35320789086804,0.0,45.0,45.0,42.0,44.0,41.0,45.0,42.0,4,8.3656,0,7.4952,0,0,0,0,0,0,7.496,0,7.4912
1776185425.3800948,8.3656,-0.9050078688186205,0.0,0.0,-1.3532079035723856,0.0,-1.35320789086804,0.0,45.0,45.0,42.0,44.0,41.0,45.0,42.0,5,0,0,0,7.4808,0,0,7.2832,0,7.748,0,0,0
1776185425.3801408,8.3656,-0.9050078688186205,0.0,0.0,-1.3532079035723856,0.0,-1.35320789086804,0.0,45.0,45.0,42.0,44.0,41.0,45.0,42.0,6,7.9512,0,7.5496,0,0,0,0,0,0,8.344,0,7.4656
1776185425.3801885,8.3656,-0.9050078688186205,0.0,0.0,-1.3532079035723856,0.0,-1.35320789086804,0.0,45.0,45.0,42.0,44.0,41.0,45.0,42.0,7,7.4752,0,7.652,0,0,0,0,0,0,7.4704,0,7.4792
1776185425.3802354,8.3656,-0.9050078688186205,0.0,0.0,-1.3532079035723856,0.0,-1.35320789086804,0.0,45.0,45.0,42.0,44.0,41.0,45.0,42.0,8,7.464,0,7.4648,0,0,0,0,0,0,7.4712,0,7.6376
1776185425.4317305,8.3656,-0.9079077114422481,0.0,0.0,-1.3575437455009378,0.0,-1.3575437330506792,0.0,45.0,45.0,42.0,44.0,41.0,45.0,42.0,0,7.608,0,8.0152,0,0,0,0,0,0,7.9712,0,8.0216
1776185425.4317994,8.3656,-0.9079077114422481,0.0,0.0,-1.3575437455009378,0.0,-1.3575437330506792,0.0,45.0,45.0,42.0,44.0,41.0,45.0,42.0,1,0,0,0,7.7872,0,0,7.624,0,7.7776,0,0,0
1776185425.4318454,8.3656,-0.9079077114422481,0.0,0.0,-1.3575437455009378,0.0,-1.3575437330506792,0.0,45.0,45.0,42.0,44.0,41.0,45.0,42.0,2,7.692,0,7.7712,0,0,0,0,0,0,7.66,0,7.6016
1776185425.43189,8.3656,-0.9079077114422481,0.0,0.0,-1.3575437455009378,0.0,-1.3575437330506792,0.0,45.0,45.0,42.0,44.0,41.0,45.0,42.0,3,0,0,0,7.4896,0,0,7.2024,0,7.8976,0,0,0
1776185425.4319315,8.3656,-0.9079077114422481,0.0,0.0,-1.3575437455009378,0.0,-1.3575437330506792,0.0,45.0,45.0,42.0,44.0,41.0,45.0,42.0,4,8.3656,0,7.4952,0,0,0,0,0,0,7.496,0,7.4912
1776185425.4319916,8.3656,-0.9079077114422481,0.0,0.0,-1.3575437455009378,0.0,-1.3575437330506792,0.0,45.0,45.0,42.0,44.0,41.0,45.0,42.0,5,0,0,0,7.4808,0,0,7.2832,0,7.748,0,0,0
1776185425.432076,8.3656,-0.9079077114422481,0.0,0.0,-1.3575437455009378,0.0,-1.3575437330506792,0.0,45.0,45.0,42.0,44.0,41.0,45.0,42.0,6,7.9512,0,7.5496,0,0,0,0,0,0,8.344,0,7.4656
1776185425.43212,8.3656,-0.9079077114422481,0.0,0.0,-1.3575437455009378,0.0,-1.3575437330506792,0.0,45.0,45.0,42.0,44.0,41.0,45.0,42.0,7,7.4752,0,7.652,0,0,0,0,0,0,7.4704,0,7.4792
1776185425.4321616,8.3656,-0.9079077114422481,0.0,0.0,-1.3575437455009378,0.0,-1.3575437330506792,0.0,45.0,45.0,42.0,44.0,41.0,45.0,42.0,8,7.464,0,7.4648,0,0,0,0,0,0,7.4712,0,7.6376
1776185425.4831614,8.3664,-0.9107495572134032,0.0,0.0,-1.361792870590919,0.0,-1.3617928583896657,0.0,45.0,45.0,42.0,44.0,41.0,45.0,42.0,0,7.6072,0,8.0152,0,0,0,0,0,0,7.9712,0,8.024
1776185425.4832304,8.3664,-0.9107495572134032,0.0,0.0,-1.361792870590919,0.0,-1.3617928583896657,0.0,45.0,45.0,42.0,44.0,41.0,45.0,42.0,1,0,0,0,7.7872,0,0,7.6248,0,7.7776,0,0,0
1776185425.4832761,8.3664,-0.9107495572134032,0.0,0.0,-1.361792870590919,0.0,-1.3617928583896657,0.0,45.0,45.0,42.0,44.0,41.0,45.0,42.0,2,7.6912,0,7.772,0,0,0,0,0,0,7.6584,0,7.6016
1776185425.483339,8.3664,-0.9107495572134032,0.0,0.0,-1.361792870590919,0.0,-1.3617928583896657,0.0,45.0,45.0,42.0,44.0,41.0,45.0,42.0,3,0,0,0,7.4888,0,0,7.2024,0,7.8984,0,0,0
1776185425.4834292,8.3664,-0.9107495572134032,0.0,0.0,-1.361792870590919,0.0,-1.3617928583896657,0.0,45.0,45.0,42.0,44.0,41.0,45.0,42.0,4,8.3664,0,7.496,0,0,0,0,0,0,7.4952,0,7.4904
1776185425.4836147,8.3664,-0.9107495572134032,0.0,0.0,-1.361792870590919,0.0,-1.3617928583896657,0.0,45.0,45.0,42.0,44.0,41.0,45.0,42.0,5,0,0,0,7.4824,0,0,7.2808,0,7.7488,0,0,0
1776185425.4836879,8.3664,-0.9107495572134032,0.0,0.0,-1.361792870590919,0.0,-1.3617928583896657,0.0,45.0,45.0,42.0,44.0,41.0,45.0,42.0,6,7.9512,0,7.5496,0,0,0,0,0,0,8.344,0,7.4664
1776185425.4837706,8.3664,-0.9107495572134032,0.0,0.0,-1.361792870590919,0.0,-1.3617928583896657,0.0,45.0,45.0,42.0,44.0,41.0,45.0,42.0,7,7.4744,0,7.652,0,0,0,0,0,0,7.4704,0,7.48
1776185425.4838498,8.3664,-0.9107495572134032,0.0,0.0,-1.361792870590919,0.0,-1.3617928583896657,0.0,45.0,45.0,42.0,44.0,41.0,45.0,42.0,8,7.4632,0,7.4648,0,0,0,0,0,0,7.4728,0,7.6376
1776185425.5352745,8.3664,-0.9135345660691352,0.0,0.0,-1.3659570131791006,0.0,-1.3659570012218725,0.0,45.0,45.0,42.0,44.0,41.0,45.0,42.0,0,7.6072,0,8.0152,0,0,0,0,0,0,7.9712,0,8.024
1776185425.5354035,8.3664,-0.9135345660691352,0.0,0.0,-1.3659570131791006,0.0,-1.3659570012218725,0.0,45.0,45.0,42.0,44.0,41.0,45.0,42.0,1,0,0,0,7.7872,0,0,7.6248,0,7.7776,0,0,0
1776185425.5354903,8.3664,-0.9135345660691352,0.0,0.0,-1.3659570131791006,0.0,-1.3659570012218725,0.0,45.0,45.0,42.0,44.0,41.0,45.0,42.0,2,7.6912,0,7.772,0,0,0,0,0,0,7.6584,0,7.6016
1776185425.5355783,8.3664,-0.9135345660691352,0.0,0.0,-1.3659570131791006,0.0,-1.3659570012218725,0.0,45.0,45.0,42.0,44.0,41.0,45.0,42.0,3,0,0,0,7.4888,0,0,7.2024,0,7.8984,0,0,0
1776185425.5356743,8.3664,-0.9135345660691352,0.0,0.0,-1.3659570131791006,0.0,-1.3659570012218725,0.0,45.0,45.0,42.0,44.0,41.0,45.0,42.0,4,8.3664,0,7.496,0,0,0,0,0,0,7.4952,0,7.4904
1776185425.5357552,8.3664,-0.9135345660691352,0.0,0.0,-1.3659570131791006,0.0,-1.3659570012218725,0.0,45.0,45.0,42.0,44.0,41.0,45.0,42.0,5,0,0,0,7.4824,0,0,7.2808,0,7.7488,0,0,0
1776185425.5358357,8.3664,-0.9135345660691352,0.0,0.0,-1.3659570131791006,0.0,-1.3659570012218725,0.0,45.0,45.0,42.0,44.0,41.0,45.0,42.0,6,7.9512,0,7.5496,0,0,0,0,0,0,8.344,0,7.4664
1776185425.5359168,8.3664,-0.9135345660691352,0.0,0.0,-1.3659570131791006,0.0,-1.3659570012218725,0.0,45.0,45.0,42.0,44.0,41.0,45.0,42.0,7,7.4744,0,7.652,0,0,0,0,0,0,7.4704,0,7.48
1776185425.536005,8.3664,-0.9135345660691352,0.0,0.0,-1.3659570131791006,0.0,-1.3659570012218725,0.0,45.0,45.0,42.0,44.0,41.0,45.0,42.0,8,7.4632,0,7.4648,0,0,0,0,0,0,7.4728,0,7.6376
1776185425.5874834,8.3664,-0.9162638747477525,0.0,0.0,-1.3700378729155185,0.0,-1.370037861197435,0.0,45.0,45.0,42.0,44.0,41.0,45.0,42.0,0,7.6088,0,8.0152,0,0,0,0,0,0,7.9704,0,8.0208
1776185425.5875556,8.3664,-0.9162638747477525,0.0,0.0,-1.3700378729155185,0.0,-1.370037861197435,0.0,45.0,45.0,42.0,44.0,41.0,45.0,42.0,1,0,0,0,7.7872,0,0,7.6248,0,7.7776,0,0,0
1776185425.587602,8.3664,-0.9162638747477525,0.0,0.0,-1.3700378729155185,0.0,-1.370037861197435,0.0,45.0,45.0,42.0,44.0,41.0,45.0,42.0,2,7.692,0,7.7712,0,0,0,0,0,0,7.6584,0,7.6024
1776185425.5876453,8.3664,-0.9162638747477525,0.0,0.0,-1.3700378729155185,0.0,-1.370037861197435,0.0,45.0,45.0,42.0,44.0,41.0,45.0,42.0,3,0,0,0,7.4888,0,0,7.2032,0,7.896,0,0,0
1776185425.587687,8.3664,-0.9162638747477525,0.0,0.0,-1.3700378729155185,0.0,-1.370037861197435,0.0,45.0,45.0,42.0,44.0,41.0,45.0,42.0,4,8.3664,0,7.4952,0,0,0,0,0,0,7.496,0,7.4904
1776185425.5877302,8.3664,-0.9162638747477525,0.0,0.0,-1.3700378729155185,0.0,-1.370037861197435,0.0,45.0,45.0,42.0,44.0,41.0,45.0,42.0,5,0,0,0,7.4824,0,0,7.2824,0,7.748,0,0,0
1776185425.5877721,8.3664,-0.9162638747477525,0.0,0.0,-1.3700378729155185,0.0,-1.370037861197435,0.0,45.0,45.0,42.0,44.0,41.0,45.0,42.0,6,7.9504,0,7.5488,0,0,0,0,0,0,8.344,0,7.4664
1776185425.5878146,8.3664,-0.9162638747477525,0.0,0.0,-1.3700378729155185,0.0,-1.370037861197435,0.0,45.0,45.0,42.0,44.0,41.0,45.0,42.0,7,7.4744,0,7.6512,0,0,0,0,0,0,7.4704,0,7.4776
1776185425.58788,8.3664,-0.9162638747477525,0.0,0.0,-1.3700378729155185,0.0,-1.370037861197435,0.0,45.0,45.0,42.0,44.0,41.0,45.0,42.0,8,7.4624,0,7.4648,0,0,0,0,0,0,7.472,0,7.6376
1776185425.639378,8.3664,-0.9189385972527975,0.0,0.0,-1.3740371154572082,0.0,-1.3740371039734864,0.0,45.0,45.0,42.0,44.0,41.0,45.0,42.0,0,7.6088,0,8.0152,0,0,0,0,0,0,7.9704,0,8.0208
1776185425.6394506,8.3664,-0.9189385972527975,0.0,0.0,-1.3740371154572082,0.0,-1.3740371039734864,0.0,45.0,45.0,42.0,44.0,41.0,45.0,42.0,1,0,0,0,7.7872,0,0,7.6248,0,7.7776,0,0,0
1776185425.6394973,8.3664,-0.9189385972527975,0.0,0.0,-1.3740371154572082,0.0,-1.3740371039734864,0.0,45.0,45.0,42.0,44.0,41.0,45.0,42.0,2,7.692,0,7.7712,0,0,0,0,0,0,7.6584,0,7.6024
1776185425.639541,8.3664,-0.9189385972527975,0.0,0.0,-1.3740371154572082,0.0,-1.3740371039734864,0.0,45.0,45.0,42.0,44.0,41.0,45.0,42.0,3,0,0,0,7.4888,0,0,7.2032,0,7.896,0,0,0
1776185425.6395824,8.3664,-0.9189385972527975,0.0,0.0,-1.3740371154572082,0.0,-1.3740371039734864,0.0,45.0,45.0,42.0,44.0,41.0,45.0,42.0,4,8.3664,0,7.4952,0,0,0,0,0,0,7.496,0,7.4904
1776185425.6396253,8.3664,-0.9189385972527975,0.0,0.0,-1.3740371154572082,0.0,-1.3740371039734864,0.0,45.0,45.0,42.0,44.0,41.0,45.0,42.0,5,0,0,0,7.4824,0,0,7.2824,0,7.748,0,0,0
1776185425.6396658,8.3664,-0.9189385972527975,0.0,0.0,-1.3740371154572082,0.0,-1.3740371039734864,0.0,45.0,45.0,42.0,44.0,41.0,45.0,42.0,6,7.9504,0,7.5488,0,0,0,0,0,0,8.344,0,7.4664
1776185425.6397078,8.3664,-0.9189385972527975,0.0,0.0,-1.3740371154572082,0.0,-1.3740371039734864,0.0,45.0,45.0,42.0,44.0,41.0,45.0,42.0,7,7.4744,0,7.6512,0,0,0,0,0,0,7.4704,0,7.4776
1776185425.6397493,8.3664,-0.9189385972527975,0.0,0.0,-1.3740371154572082,0.0,-1.3740371039734864,0.0,45.0,45.0,42.0,44.0,41.0,45.0,42.0,8,7.4624,0,7.4648,0,0,0,0,0,0,7.472,0,7.6376
1776185425.691079,8.3664,-0.9215598253077415,0.0,0.0,-1.377956373148064,0.0,-1.3779563618940167,0.0,45.0,45.0,42.0,44.0,41.0,45.0,42.0,0,7.6088,0,8.0152,0,0,0,0,0,0,7.9704,0,8.0208
1776185425.6911843,8.3664,-0.9215598253077415,0.0,0.0,-1.377956373148064,0.0,-1.3779563618940167,0.0,45.0,45.0,42.0,44.0,41.0,45.0,42.0,1,0,0,0,7.7872,0,0,7.6248,0,7.7776,0,0,0
1776185425.6912613,8.3664,-0.9215598253077415,0.0,0.0,-1.377956373148064,0.0,-1.3779563618940167,0.0,45.0,45.0,42.0,44.0,41.0,45.0,42.0,2,7.692,0,7.7712,0,0,0,0,0,0,7.6584,0,7.6024
1776185425.69134,8.3664,-0.9215598253077415,0.0,0.0,-1.377956373148064,0.0,-1.3779563618940167,0.0,45.0,45.0,42.0,44.0,41.0,45.0,42.0,3,0,0,0,7.4888,0,0,7.2032,0,7.896,0,0,0
1776185425.6914134,8.3664,-0.9215598253077415,0.0,0.0,-1.377956373148064,0.0,-1.3779563618940167,0.0,45.0,45.0,42.0,44.0,41.0,45.0,42.0,4,8.3664,0,7.4952,0,0,0,0,0,0,7.496,0,7.4904
1776185425.6914861,8.3664,-0.9215598253077415,0.0,0.0,-1.377956373148064,0.0,-1.3779563618940167,0.0,45.0,45.0,42.0,44.0,41.0,45.0,42.0,5,0,0,0,7.4824,0,0,7.2824,0,7.748,0,0,0
1776185425.691552,8.3664,-0.9215598253077415,0.0,0.0,-1.377956373148064,0.0,-1.3779563618940167,0.0,45.0,45.0,42.0,44.0,41.0,45.0,42.0,6,7.9504,0,7.5488,0,0,0,0,0,0,8.344,0,7.4664
1776185425.6916265,8.3664,-0.9215598253077415,0.0,0.0,-1.377956373148064,0.0,-1.3779563618940167,0.0,45.0,45.0,42.0,44.0,41.0,45.0,42.0,7,7.4744,0,7.6512,0,0,0,0,0,0,7.4704,0,7.4776
1776185425.6917005,8.3664,-0.9215598253077415,0.0,0.0,-1.377956373148064,0.0,-1.3779563618940167,0.0,45.0,45.0,42.0,44.0,41.0,45.0,42.0,8,7.4624,0,7.4648,0,0,0,0,0,0,7.472,0,7.6376
1776185425.7437298,8.3664,-0.9241286288015866,0.0,0.0,-1.3817972456851026,0.0,-1.3817972346561365,0.0,45.0,45.0,42.0,44.0,41.0,45.0,42.0,0,7.608,0,8.016,0,0,0,0,0,0,7.9704,0,8.0216
1776185425.7438805,8.3664,-0.9241286288015866,0.0,0.0,-1.3817972456851026,0.0,-1.3817972346561365,0.0,45.0,45.0,42.0,44.0,41.0,45.0,42.0,1,0,0,0,7.7864,0,0,7.6256,0,7.7784,0,0,0
1776185425.7440028,8.3664,-0.9241286288015866,0.0,0.0,-1.3817972456851026,0.0,-1.3817972346561365,0.0,45.0,45.0,42.0,44.0,41.0,45.0,42.0,2,7.6912,0,7.772,0,0,0,0,0,0,7.6584,0,7.6024
1776185425.7441127,8.3664,-0.9241286288015866,0.0,0.0,-1.3817972456851026,0.0,-1.3817972346561365,0.0,45.0,45.0,42.0,44.0,41.0,45.0,42.0,3,0,0,0,7.4888,0,0,7.2016,0,7.8984,0,0,0
1776185425.7442167,8.3664,-0.9241286288015866,0.0,0.0,-1.3817972456851026,0.0,-1.3817972346561365,0.0,45.0,45.0,42.0,44.0,41.0,45.0,42.0,4,8.3664,0,7.4952,0,0,0,0,0,0,7.496,0,7.4904
1776185425.7445388,8.3664,-0.9241286288015866,0.0,0.0,-1.3817972456851026,0.0,-1.3817972346561365,0.0,45.0,45.0,42.0,44.0,41.0,45.0,42.0,5,0,0,0,7.4816,0,0,7.2824,0,7.7472,0,0,0
1776185425.744682,8.3664,-0.9241286288015866,0.0,0.0,-1.3817972456851026,0.0,-1.3817972346561365,0.0,45.0,45.0,42.0,44.0,41.0,45.0,42.0,6,7.9496,0,7.5496,0,0,0,0,0,0,8.344,0,7.4672
1776185425.744872,8.3664,-0.9241286288015866,0.0,0.0,-1.3817972456851026,0.0,-1.3817972346561365,0.0,45.0,45.0,42.0,44.0,41.0,45.0,42.0,7,7.4744,0,7.6512,0,0,0,0,0,0,7.4696,0,7.4792
1776185425.7449694,8.3664,-0.9241286288015866,0.0,0.0,-1.3817972456851026,0.0,-1.3817972346561365,0.0,45.0,45.0,42.0,44.0,41.0,45.0,42.0,8,7.464,0,7.4656,0,0,0,0,0,0,7.4712,0,7.6376
1776185425.7969892,8.3664,-0.926646056225555,0.0,0.0,-1.3855613007714005,0.0,-1.3855612899630136,0.0,45.0,45.0,42.0,44.0,41.0,45.0,42.0,0,7.608,0,8.016,0,0,0,0,0,0,7.9704,0,8.0216
1776185425.797131,8.3664,-0.926646056225555,0.0,0.0,-1.3855613007714005,0.0,-1.3855612899630136,0.0,45.0,45.0,42.0,44.0,41.0,45.0,42.0,1,0,0,0,7.7864,0,0,7.6256,0,7.7784,0,0,0
1776185425.797245,8.3664,-0.926646056225555,0.0,0.0,-1.3855613007714005,0.0,-1.3855612899630136,0.0,45.0,45.0,42.0,44.0,41.0,45.0,42.0,2,7.6912,0,7.772,0,0,0,0,0,0,7.6584,0,7.6024
1776185425.7973435,8.3664,-0.926646056225555,0.0,0.0,-1.3855613007714005,0.0,-1.3855612899630136,0.0,45.0,45.0,42.0,44.0,41.0,45.0,42.0,3,0,0,0,7.4888,0,0,7.2016,0,7.8984,0,0,0
1776185425.7974381,8.3664,-0.926646056225555,0.0,0.0,-1.3855613007714005,0.0,-1.3855612899630136,0.0,45.0,45.0,42.0,44.0,41.0,45.0,42.0,4,8.3664,0,7.4952,0,0,0,0,0,0,7.496,0,7.4904
1776185425.7975338,8.3664,-0.926646056225555,0.0,0.0,-1.3855613007714005,0.0,-1.3855612899630136,0.0,45.0,45.0,42.0,44.0,41.0,45.0,42.0,5,0,0,0,7.4816,0,0,7.2824,0,7.7472,0,0,0
1776185425.797628,8.3664,-0.926646056225555,0.0,0.0,-1.3855613007714005,0.0,-1.3855612899630136,0.0,45.0,45.0,42.0,44.0,41.0,45.0,42.0,6,7.9496,0,7.5496,0,0,0,0,0,0,8.344,0,7.4672
1776185425.7977252,8.3664,-0.926646056225555,0.0,0.0,-1.3855613007714005,0.0,-1.3855612899630136,0.0,45.0,45.0,42.0,44.0,41.0,45.0,42.0,7,7.4744,0,7.6512,0,0,0,0,0,0,7.4696,0,7.4792
1776185425.7978215,8.3664,-0.926646056225555,0.0,0.0,-1.3855613007714005,0.0,-1.3855612899630136,0.0,45.0,45.0,42.0,44.0,41.0,45.0,42.0,8,7.464,0,7.4656,0,0,0,0,0,0,7.4712,0,7.6376
1776185425.849488,8.3656,-0.9291131351010439,0.0,0.0,-1.3892500747559724,0.0,-1.3892500641637533,0.0,45.0,45.0,42.0,44.0,41.0,45.0,42.0,0,7.608,0,8.016,0,0,0,0,0,0,7.9704,0,8.0216
1776185425.849621,8.3656,-0.9291131351010439,0.0,0.0,-1.3892500747559724,0.0,-1.3892500641637533,0.0,45.0,45.0,42.0,44.0,41.0,45.0,42.0,1,0,0,0,7.7864,0,0,7.624,0,7.7776,0,0,0
1776185425.8497021,8.3656,-0.9291131351010439,0.0,0.0,-1.3892500747559724,0.0,-1.3892500641637533,0.0,45.0,45.0,42.0,44.0,41.0,45.0,42.0,2,7.6928,0,7.7728,0,0,0,0,0,0,7.6584,0,7.6016
1776185425.8497548,8.3656,-0.9291131351010439,0.0,0.0,-1.3892500747559724,0.0,-1.3892500641637533,0.0,45.0,45.0,42.0,44.0,41.0,45.0,42.0,3,0,0,0,7.488,0,0,7.2024,0,7.8968,0,0,0
1776185425.8498502,8.3656,-0.9291131351010439,0.0,0.0,-1.3892500747559724,0.0,-1.3892500641637533,0.0,45.0,45.0,42.0,44.0,41.0,45.0,42.0,4,8.3656,0,7.4952,0,0,0,0,0,0,7.496,0,7.4904
1776185425.849965,8.3656,-0.9291131351010439,0.0,0.0,-1.3892500747559724,0.0,-1.3892500641637533,0.0,45.0,45.0,42.0,44.0,41.0,45.0,42.0,5,0,0,0,7.4816,0,0,7.2816,0,7.7464,0,0,0
1776185425.8500748,8.3656,-0.9291131351010439,0.0,0.0,-1.3892500747559724,0.0,-1.3892500641637533,0.0,45.0,45.0,42.0,44.0,41.0,45.0,42.0,6,7.9496,0,7.5504,0,0,0,0,0,0,8.344,0,7.4664
1776185425.8501916,8.3656,-0.9291131351010439,0.0,0.0,-1.3892500747559724,0.0,-1.3892500641637533,0.0,45.0,45.0,42.0,44.0,41.0,45.0,42.0,7,7.4752,0,7.652,0,0,0,0,0,0,7.4704,0,7.48
1776185425.8503351,8.3656,-0.9291131351010439,0.0,0.0,-1.3892500747559724,0.0,-1.3892500641637533,0.0,45.0,45.0,42.0,44.0,41.0,45.0,42.0,8,7.464,0,7.4656,0,0,0,0,0,0,7.472,0,7.6368
1776185425.901698,8.3656,-0.931530872399023,0.0,0.0,-1.392865073260853,0.0,-1.3928650628804782,0.0,45.0,45.0,42.0,44.0,41.0,45.0,42.0,0,7.608,0,8.016,0,0,0,0,0,0,7.9704,0,8.0216
1776185425.901779,8.3656,-0.931530872399023,0.0,0.0,-1.392865073260853,0.0,-1.3928650628804782,0.0,45.0,45.0,42.0,44.0,41.0,45.0,42.0,1,0,0,0,7.7864,0,0,7.624,0,7.7776,0,0,0
1776185425.9018586,8.3656,-0.931530872399023,0.0,0.0,-1.392865073260853,0.0,-1.3928650628804782,0.0,45.0,45.0,42.0,44.0,41.0,45.0,42.0,2,7.6928,0,7.7728,0,0,0,0,0,0,7.6584,0,7.6016
1776185425.9019592,8.3656,-0.931530872399023,0.0,0.0,-1.392865073260853,0.0,-1.3928650628804782,0.0,45.0,45.0,42.0,44.0,41.0,45.0,42.0,3,0,0,0,7.488,0,0,7.2024,0,7.8968,0,0,0
1776185425.9020398,8.3656,-0.931530872399023,0.0,0.0,-1.392865073260853,0.0,-1.3928650628804782,0.0,45.0,45.0,42.0,44.0,41.0,45.0,42.0,4,8.3656,0,7.4952,0,0,0,0,0,0,7.496,0,7.4904
1776185425.9021087,8.3656,-0.931530872399023,0.0,0.0,-1.392865073260853,0.0,-1.3928650628804782,0.0,45.0,45.0,42.0,44.0,41.0,45.0,42.0,5,0,0,0,7.4816,0,0,7.2816,0,7.7464,0,0,0
1776185425.9021552,8.3656,-0.931530872399023,0.0,0.0,-1.392865073260853,0.0,-1.3928650628804782,0.0,45.0,45.0,42.0,44.0,41.0,45.0,42.0,6,7.9496,0,7.5504,0,0,0,0,0,0,8.344,0,7.4664
1776185425.9022124,8.3656,-0.931530872399023,0.0,0.0,-1.392865073260853,0.0,-1.3928650628804782,0.0,45.0,45.0,42.0,44.0,41.0,45.0,42.0,7,7.4752,0,7.652,0,0,0,0,0,0,7.4704,0,7.48
1776185425.902304,8.3656,-0.931530872399023,0.0,0.0,-1.392865073260853,0.0,-1.3928650628804782,0.0,45.0,45.0,42.0,44.0,41.0,45.0,42.0,8,7.464,0,7.4656,0,0,0,0,0,0,7.472,0,7.6368
1776185425.9550202,8.3664,-0.9339002549510426,0.0,0.0,-1.3964077717956358,0.0,-1.3964077616228687,0.0,45.0,45.0,42.0,44.0,41.0,45.0,42.0,0,7.608,0,8.016,0,0,0,0,0,0,7.9696,0,8.0224
1776185425.9551806,8.3664,-0.9339002549510426,0.0,0.0,-1.3964077717956358,0.0,-1.3964077616228687,0.0,45.0,45.0,42.0,44.0,41.0,45.0,42.0,1,0,0,0,7.7872,0,0,7.6248,0,7.7784,0,0,0
1776185425.9553008,8.3664,-0.9339002549510426,0.0,0.0,-1.3964077717956358,0.0,-1.3964077616228687,0.0,45.0,45.0,42.0,44.0,41.0,45.0,42.0,2,7.692,0,7.7728,0,0,0,0,0,0,7.6584,0,7.6016
1776185425.9554214,8.3664,-0.9339002549510426,0.0,0.0,-1.3964077717956358,0.0,-1.3964077616228687,0.0,45.0,45.0,42.0,44.0,41.0,45.0,42.0,3,0,0,0,7.4888,0,0,7.2024,0,7.8976,0,0,0
1776185425.9555402,8.3664,-0.9339002549510426,0.0,0.0,-1.3964077717956358,0.0,-1.3964077616228687,0.0,45.0,45.0,42.0,44.0,41.0,45.0,42.0,4,8.3664,0,7.4944,0,0,0,0,0,0,7.4976,0,7.4904
1776185425.9556541,8.3664,-0.9339002549510426,0.0,0.0,-1.3964077717956358,0.0,-1.3964077616228687,0.0,45.0,45.0,42.0,44.0,41.0,45.0,42.0,5,0,0,0,7.4824,0,0,7.2808,0,7.7464,0,0,0
1776185425.9557748,8.3664,-0.9339002549510426,0.0,0.0,-1.3964077717956358,0.0,-1.3964077616228687,0.0,45.0,45.0,42.0,44.0,41.0,45.0,42.0,6,7.9512,0,7.5496,0,0,0,0,0,0,8.3432,0,7.4664
1776185425.9558902,8.3664,-0.9339002549510426,0.0,0.0,-1.3964077717956358,0.0,-1.3964077616228687,0.0,45.0,45.0,42.0,44.0,41.0,45.0,42.0,7,7.4752,0,7.652,0,0,0,0,0,0,7.4704,0,7.48
1776185425.9560099,8.3664,-0.9339002549510426,0.0,0.0,-1.3964077717956358,0.0,-1.3964077616228687,0.0,45.0,45.0,42.0,44.0,41.0,45.0,42.0,8,7.4632,0,7.4656,0,0,0,0,0,0,7.472,0,7.6368
1776185426.0071986,8.3664,-0.9362222498520217,0.0,0.0,-1.3998796163597231,0.0,-1.3998796063904113,0.0,45.0,45.0,42.0,44.0,41.0,45.0,42.0,0,7.608,0,8.016,0,0,0,0,0,0,7.9696,0,8.0224
1776185426.0072722,8.3664,-0.9362222498520217,0.0,0.0,-1.3998796163597231,0.0,-1.3998796063904113,0.0,45.0,45.0,42.0,44.0,41.0,45.0,42.0,1,0,0,0,7.7872,0,0,7.6248,0,7.7784,0,0,0
1776185426.0073307,8.3664,-0.9362222498520217,0.0,0.0,-1.3998796163597231,0.0,-1.3998796063904113,0.0,45.0,45.0,42.0,44.0,41.0,45.0,42.0,2,7.692,0,7.7728,0,0,0,0,0,0,7.6584,0,7.6016
1776185426.0073814,8.3664,-0.9362222498520217,0.0,0.0,-1.3998796163597231,0.0,-1.3998796063904113,0.0,45.0,45.0,42.0,44.0,41.0,45.0,42.0,3,0,0,0,7.4888,0,0,7.2024,0,7.8976,0,0,0
1776185426.0074317,8.3664,-0.9362222498520217,0.0,0.0,-1.3998796163597231,0.0,-1.3998796063904113,0.0,45.0,45.0,42.0,44.0,41.0,45.0,42.0,4,8.3664,0,7.4944,0,0,0,0,0,0,7.4976,0,7.4904
1776185426.0075743,8.3664,-0.9362222498520217,0.0,0.0,-1.3998796163597231,0.0,-1.3998796063904113,0.0,45.0,45.0,42.0,44.0,41.0,45.0,42.0,5,0,0,0,7.4824,0,0,7.2808,0,7.7464,0,0,0
1776185426.0076296,8.3664,-0.9362222498520217,0.0,0.0,-1.3998796163597231,0.0,-1.3998796063904113,0.0,45.0,45.0,42.0,44.0,41.0,45.0,42.0,6,7.9512,0,7.5496,0,0,0,0,0,0,8.3432,0,7.4664
1776185426.0076795,8.3664,-0.9362222498520217,0.0,0.0,-1.3998796163597231,0.0,-1.3998796063904113,0.0,45.0,45.0,42.0,44.0,41.0,45.0,42.0,7,7.4752,0,7.652,0,0,0,0,0,0,7.4704,0,7.48
1776185426.0077283,8.3664,-0.9362222498520217,0.0,0.0,-1.3998796163597231,0.0,-1.3998796063904113,0.0,45.0,45.0,42.0,44.0,41.0,45.0,42.0,8,7.4632,0,7.4656,0,0,0,0,0,0,7.472,0,7.6368
1776185426.0583508,8.3664,-0.9384978048549814,0.0,0.0,-1.4032820240325288,0.0,-1.403282014262603,0.0,45.0,45.0,42.0,44.0,41.0,45.0,42.0,0,7.608,0,8.016,0,0,0,0,0,0,7.9696,0,8.0224
1776185426.0583773,8.3664,-0.9384978048549814,0.0,0.0,-1.4032820240325288,0.0,-1.403282014262603,0.0,45.0,45.0,42.0,44.0,41.0,45.0,42.0,1,0,0,0,7.7872,0,0,7.6248,0,7.7784,0,0,0
1776185426.0583942,8.3664,-0.9384978048549814,0.0,0.0,-1.4032820240325288,0.0,-1.403282014262603,0.0,45.0,45.0,42.0,44.0,41.0,45.0,42.0,2,7.692,0,7.7728,0,0,0,0,0,0,7.6584,0,7.6016
1776185426.0584097,8.3664,-0.9384978048549814,0.0,0.0,-1.4032820240325288,0.0,-1.403282014262603,0.0,45.0,45.0,42.0,44.0,41.0,45.0,42.0,3,0,0,0,7.4888,0,0,7.2024,0,7.8976,0,0,0
1776185426.0584242,8.3664,-0.9384978048549814,0.0,0.0,-1.4032820240325288,0.0,-1.403282014262603,0.0,45.0,45.0,42.0,44.0,41.0,45.0,42.0,4,8.3664,0,7.4944,0,0,0,0,0,0,7.4976,0,7.4904
1776185426.0584393,8.3664,-0.9384978048549814,0.0,0.0,-1.4032820240325288,0.0,-1.403282014262603,0.0,45.0,45.0,42.0,44.0,41.0,45.0,42.0,5,0,0,0,7.4824,0,0,7.2808,0,7.7464,0,0,0
1776185426.0584538,8.3664,-0.9384978048549814,0.0,0.0,-1.4032820240325288,0.0,-1.403282014262603,0.0,45.0,45.0,42.0,44.0,41.0,45.0,42.0,6,7.9512,0,7.5496,0,0,0,0,0,0,8.3432,0,7.4664
1776185426.0584688,8.3664,-0.9384978048549814,0.0,0.0,-1.4032820240325288,0.0,-1.403282014262603,0.0,45.0,45.0,42.0,44.0,41.0,45.0,42.0,7,7.4752,0,7.652,0,0,0,0,0,0,7.4704,0,7.48
1776185426.0584836,8.3664,-0.9384978048549814,0.0,0.0,-1.4032820240325288,0.0,-1.403282014262603,0.0,45.0,45.0,42.0,44.0,41.0,45.0,42.0,8,7.4632,0,7.4656,0,0,0,0,0,0,7.472,0,7.6368
1776185426.1098485,8.3664,-0.9407278487578817,0.0,0.0,-1.4066163835518781,0.0,-1.406616373977351,0.0,45.0,45.0,42.0,44.0,41.0,45.0,42.0,0,7.608,0,8.016,0,0,0,0,0,0,7.972,0,8.0216
1776185426.1099806,8.3664,-0.9407278487578817,0.0,0.0,-1.4066163835518781,0.0,-1.406616373977351,0.0,45.0,45.0,42.0,44.0,41.0,45.0,42.0,1,0,0,0,7.7864,0,0,7.6256,0,7.7768,0,0,0
1776185426.1100674,8.3664,-0.9407278487578817,0.0,0.0,-1.4066163835518781,0.0,-1.406616373977351,0.0,45.0,45.0,42.0,44.0,41.0,45.0,42.0,2,7.692,0,7.7712,0,0,0,0,0,0,7.6592,0,7.6024
1776185426.1101506,8.3664,-0.9407278487578817,0.0,0.0,-1.4066163835518781,0.0,-1.406616373977351,0.0,45.0,45.0,42.0,44.0,41.0,45.0,42.0,3,0,0,0,7.4888,0,0,7.2008,0,7.8968,0,0,0
1776185426.1102314,8.3664,-0.9407278487578817,0.0,0.0,-1.4066163835518781,0.0,-1.406616373977351,0.0,45.0,45.0,42.0,44.0,41.0,45.0,42.0,4,8.3664,0,7.4952,0,0,0,0,0,0,7.4968,0,7.4912
1776185426.1103146,8.3664,-0.9407278487578817,0.0,0.0,-1.4066163835518781,0.0,-1.406616373977351,0.0,45.0,45.0,42.0,44.0,41.0,45.0,42.0,5,0,0,0,7.4824,0,0,7.2808,0,7.7472,0,0,0
1776185426.1104066,8.3664,-0.9407278487578817,0.0,0.0,-1.4066163835518781,0.0,-1.406616373977351,0.0,45.0,45.0,42.0,44.0,41.0,45.0,42.0,6,7.9496,0,7.5496,0,0,0,0,0,0,8.344,0,7.4664
1776185426.1105042,8.3664,-0.9407278487578817,0.0,0.0,-1.4066163835518781,0.0,-1.406616373977351,0.0,45.0,45.0,42.0,44.0,41.0,45.0,42.0,7,7.4752,0,7.652,0,0,0,0,0,0,7.4712,0,7.48
1776185426.1105864,8.3664,-0.9407278487578817,0.0,0.0,-1.4066163835518781,0.0,-1.406616373977351,0.0,45.0,45.0,42.0,44.0,41.0,45.0,42.0,8,7.464,0,7.4648,0,0,0,0,0,0,7.4712,0,7.6384
1776185426.1618376,8.3664,-0.9429132917827241,0.0,0.0,-1.4098840558808405,0.0,-1.409884046497804,0.0,45.0,45.0,42.0,44.0,41.0,45.0,42.0,0,7.608,0,8.016,0,0,0,0,0,0,7.972,0,8.0216
1776185426.1619232,8.3664,-0.9429132917827241,0.0,0.0,-1.4098840558808405,0.0,-1.409884046497804,0.0,45.0,45.0,42.0,44.0,41.0,45.0,42.0,1,0,0,0,7.7864,0,0,7.6256,0,7.7768,0,0,0
1776185426.1619759,8.3664,-0.9429132917827241,0.0,0.0,-1.4098840558808405,0.0,-1.409884046497804,0.0,45.0,45.0,42.0,44.0,41.0,45.0,42.0,2,7.692,0,7.7712,0,0,0,0,0,0,7.6592,0,7.6024
1776185426.1620252,8.3664,-0.9429132917827241,0.0,0.0,-1.4098840558808405,0.0,-1.409884046497804,0.0,45.0,45.0,42.0,44.0,41.0,45.0,42.0,3,0,0,0,7.4888,0,0,7.2008,0,7.8968,0,0,0
1776185426.1620727,8.3664,-0.9429132917827241,0.0,0.0,-1.4098840558808405,0.0,-1.409884046497804,0.0,45.0,45.0,42.0,44.0,41.0,45.0,42.0,4,8.3664,0,7.4952,0,0,0,0,0,0,7.4968,0,7.4912
1776185426.162121,8.3664,-0.9429132917827241,0.0,0.0,-1.4098840558808405,0.0,-1.409884046497804,0.0,45.0,45.0,42.0,44.0,41.0,45.0,42.0,5,0,0,0,7.4824,0,0,7.2808,0,7.7472,0,0,0
1776185426.1621673,8.3664,-0.9429132917827241,0.0,0.0,-1.4098840558808405,0.0,-1.409884046497804,0.0,45.0,45.0,42.0,44.0,41.0,45.0,42.0,6,7.9496,0,7.5496,0,0,0,0,0,0,8.344,0,7.4664
1776185426.162215,8.3664,-0.9429132917827241,0.0,0.0,-1.4098840558808405,0.0,-1.409884046497804,0.0,45.0,45.0,42.0,44.0,41.0,45.0,42.0,7,7.4752,0,7.652,0,0,0,0,0,0,7.4712,0,7.48
1776185426.162262,8.3664,-0.9429132917827241,0.0,0.0,-1.4098840558808405,0.0,-1.409884046497804,0.0,45.0,45.0,42.0,44.0,41.0,45.0,42.0,8,7.464,0,7.4648,0,0,0,0,0,0,7.4712,0,7.6384
1776185426.2137194,8.3664,-0.9450550259470696,0.0,0.0,-1.4130863747632236,0.0,-1.4130863655678478,0.0,45.0,45.0,42.0,44.0,41.0,45.0,42.0,0,7.6088,0,8.0152,0,0,0,0,0,0,7.9704,0,8.0208
1776185426.2137992,8.3664,-0.9450550259470696,0.0,0.0,-1.4130863747632236,0.0,-1.4130863655678478,0.0,45.0,45.0,42.0,44.0,41.0,45.0,42.0,1,0,0,0,7.7864,0,0,7.6264,0,7.7784,0,0,0
1776185426.2138512,8.3664,-0.9450550259470696,0.0,0.0,-1.4130863747632236,0.0,-1.4130863655678478,0.0,45.0,45.0,42.0,44.0,41.0,45.0,42.0,2,7.6928,0,7.7728,0,0,0,0,0,0,7.6592,0,7.6024
1776185426.2139003,8.3664,-0.9450550259470696,0.0,0.0,-1.4130863747632236,0.0,-1.4130863655678478,0.0,45.0,45.0,42.0,44.0,41.0,45.0,42.0,3,0,0,0,7.4896,0,0,7.2016,0,7.8976,0,0,0
1776185426.2139475,8.3664,-0.9450550259470696,0.0,0.0,-1.4130863747632236,0.0,-1.4130863655678478,0.0,45.0,45.0,42.0,44.0,41.0,45.0,42.0,4,8.3664,0,7.4952,0,0,0,0,0,0,7.4952,0,7.4904
1776185426.213995,8.3664,-0.9450550259470696,0.0,0.0,-1.4130863747632236,0.0,-1.4130863655678478,0.0,45.0,45.0,42.0,44.0,41.0,45.0,42.0,5,0,0,0,7.4816,0,0,7.2824,0,7.7456,0,0,0
1776185426.2140715,8.3664,-0.9450550259470696,0.0,0.0,-1.4130863747632236,0.0,-1.4130863655678478,0.0,45.0,45.0,42.0,44.0,41.0,45.0,42.0,6,7.9512,0,7.5496,0,0,0,0,0,0,8.344,0,7.4664
1776185426.2141461,8.3664,-0.9450550259470696,0.0,0.0,-1.4130863747632236,0.0,-1.4130863655678478,0.0,45.0,45.0,42.0,44.0,41.0,45.0,42.0,7,7.4752,0,7.652,0,0,0,0,0,0,7.4712,0,7.4792
1776185426.2141948,8.3664,-0.9450550259470696,0.0,0.0,-1.4130863747632236,0.0,-1.4130863655678478,0.0,45.0,45.0,42.0,44.0,41.0,45.0,42.0,8,7.464,0,7.4656,0,0,0,0,0,0,7.4712,0,7.6368
1776185426.2654135,8.3664,-0.9471539254281282,0.0,0.0,-1.4162246472679592,0.0,-1.416224638256491,0.0,45.0,45.0,42.0,44.0,41.0,45.0,42.0,0,7.6088,0,8.0152,0,0,0,0,0,0,7.9704,0,8.0208
1776185426.2654953,8.3664,-0.9471539254281282,0.0,0.0,-1.4162246472679592,0.0,-1.416224638256491,0.0,45.0,45.0,42.0,44.0,41.0,45.0,42.0,1,0,0,0,7.7864,0,0,7.6264,0,7.7784,0,0,0
1776185426.265546,8.3664,-0.9471539254281282,0.0,0.0,-1.4162246472679592,0.0,-1.416224638256491,0.0,45.0,45.0,42.0,44.0,41.0,45.0,42.0,2,7.6928,0,7.7728,0,0,0,0,0,0,7.6592,0,7.6024
1776185426.265596,8.3664,-0.9471539254281282,0.0,0.0,-1.4162246472679592,0.0,-1.416224638256491,0.0,45.0,45.0,42.0,44.0,41.0,45.0,42.0,3,0,0,0,7.4896,0,0,7.2016,0,7.8976,0,0,0
1776185426.265642,8.3664,-0.9471539254281282,0.0,0.0,-1.4162246472679592,0.0,-1.416224638256491,0.0,45.0,45.0,42.0,44.0,41.0,45.0,42.0,4,8.3664,0,7.4952,0,0,0,0,0,0,7.4952,0,7.4904
1776185426.265812,8.3664,-0.9471539254281282,0.0,0.0,-1.4162246472679592,0.0,-1.416224638256491,0.0,45.0,45.0,42.0,44.0,41.0,45.0,42.0,5,0,0,0,7.4816,0,0,7.2824,0,7.7456,0,0,0
1776185426.265862,8.3664,-0.9471539254281282,0.0,0.0,-1.4162246472679592,0.0,-1.416224638256491,0.0,45.0,45.0,42.0,44.0,41.0,45.0,42.0,6,7.9512,0,7.5496,0,0,0,0,0,0,8.344,0,7.4664
1776185426.2659113,8.3664,-0.9471539254281282,0.0,0.0,-1.4162246472679592,0.0,-1.416224638256491,0.0,45.0,45.0,42.0,44.0,41.0,45.0,42.0,7,7.4752,0,7.652,0,0,0,0,0,0,7.4712,0,7.4792
1776185426.2659721,8.3664,-0.9471539254281282,0.0,0.0,-1.4162246472679592,0.0,-1.416224638256491,0.0,45.0,45.0,42.0,44.0,41.0,45.0,42.0,8,7.464,0,7.4656,0,0,0,0,0,0,7.4712,0,7.6368
1776185426.3175285,8.3664,-0.9492108469195656,0.0,0.0,-1.4193001543226,0.0,-1.4193001454913612,0.0,45.0,45.0,42.0,44.0,41.0,45.0,42.0,0,7.608,0,8.0176,0,0,0,0,0,0,7.9696,0,8.0208
1776185426.317624,8.3664,-0.9492108469195656,0.0,0.0,-1.4193001543226,0.0,-1.4193001454913612,0.0,45.0,45.0,42.0,44.0,41.0,45.0,42.0,1,0,0,0,7.7864,0,0,7.6256,0,7.7784,0,0,0
1776185426.3177,8.3664,-0.9492108469195656,0.0,0.0,-1.4193001543226,0.0,-1.4193001454913612,0.0,45.0,45.0,42.0,44.0,41.0,45.0,42.0,2,7.692,0,7.772,0,0,0,0,0,0,7.6592,0,7.6024
1776185426.3177495,8.3664,-0.9492108469195656,0.0,0.0,-1.4193001543226,0.0,-1.4193001454913612,0.0,45.0,45.0,42.0,44.0,41.0,45.0,42.0,3,0,0,0,7.4896,0,0,7.2032,0,7.8968,0,0,0
1776185426.3177958,8.3664,-0.9492108469195656,0.0,0.0,-1.4193001543226,0.0,-1.4193001454913612,0.0,45.0,45.0,42.0,44.0,41.0,45.0,42.0,4,8.3664,0,7.496,0,0,0,0,0,0,7.496,0,7.4896
1776185426.317842,8.3664,-0.9492108469195656,0.0,0.0,-1.4193001543226,0.0,-1.4193001454913612,0.0,45.0,45.0,42.0,44.0,41.0,45.0,42.0,5,0,0,0,7.48,0,0,7.2808,0,7.748,0,0,0
1776185426.3178885,8.3664,-0.9492108469195656,0.0,0.0,-1.4193001543226,0.0,-1.4193001454913612,0.0,45.0,45.0,42.0,44.0,41.0,45.0,42.0,6,7.9504,0,7.5488,0,0,0,0,0,0,8.3448,0,7.4672
1776185426.3179374,8.3664,-0.9492108469195656,0.0,0.0,-1.4193001543226,0.0,-1.4193001454913612,0.0,45.0,45.0,42.0,44.0,41.0,45.0,42.0,7,7.476,0,7.6504,0,0,0,0,0,0,7.4712,0,7.4792
1776185426.3179843,8.3664,-0.9492108469195656,0.0,0.0,-1.4193001543226,0.0,-1.4193001454913612,0.0,45.0,45.0,42.0,44.0,41.0,45.0,42.0,8,7.464,0,7.4656,0,0,0,0,0,0,7.4728,0,7.6376
1776185426.3699467,8.3664,-0.9512266299811742,0.0,0.0,-1.4223141512361481,0.0,-1.422314142581534,0.0,45.0,45.0,42.0,44.0,41.0,45.0,42.0,0,7.608,0,8.0176,0,0,0,0,0,0,7.9696,0,8.0208
1776185426.3700953,8.3664,-0.9512266299811742,0.0,0.0,-1.4223141512361481,0.0,-1.422314142581534,0.0,45.0,45.0,42.0,44.0,41.0,45.0,42.0,1,0,0,0,7.7864,0,0,7.6256,0,7.7784,0,0,0
1776185426.370187,8.3664,-0.9512266299811742,0.0,0.0,-1.4223141512361481,0.0,-1.422314142581534,0.0,45.0,45.0,42.0,44.0,41.0,45.0,42.0,2,7.692,0,7.772,0,0,0,0,0,0,7.6592,0,7.6024
1776185426.3702688,8.3664,-0.9512266299811742,0.0,0.0,-1.4223141512361481,0.0,-1.422314142581534,0.0,45.0,45.0,42.0,44.0,41.0,45.0,42.0,3,0,0,0,7.4896,0,0,7.2032,0,7.8968,0,0,0
1776185426.3704195,8.3664,-0.9512266299811742,0.0,0.0,-1.4223141512361481,0.0,-1.422314142581534,0.0,45.0,45.0,42.0,44.0,41.0,45.0,42.0,4,8.3664,0,7.496,0,0,0,0,0,0,7.496,0,7.4896
1776185426.3705518,8.3664,-0.9512266299811742,0.0,0.0,-1.4223141512361481,0.0,-1.422314142581534,0.0,45.0,45.0,42.0,44.0,41.0,45.0,42.0,5,0,0,0,7.48,0,0,7.2808,0,7.748,0,0,0
1776185426.3706825,8.3664,-0.9512266299811742,0.0,0.0,-1.4223141512361481,0.0,-1.422314142581534,0.0,45.0,45.0,42.0,44.0,41.0,45.0,42.0,6,7.9504,0,7.5488,0,0,0,0,0,0,8.3448,0,7.4672
1776185426.3708227,8.3664,-0.9512266299811742,0.0,0.0,-1.4223141512361481,0.0,-1.422314142581534,0.0,45.0,45.0,42.0,44.0,41.0,45.0,42.0,7,7.476,0,7.6504,0,0,0,0,0,0,7.4712,0,7.4792
1776185426.3709257,8.3664,-0.9512266299811742,0.0,0.0,-1.4223141512361481,0.0,-1.422314142581534,0.0,45.0,45.0,42.0,44.0,41.0,45.0,42.0,8,7.464,0,7.4656,0,0,0,0,0,0,7.4728,0,7.6376
1776185426.4220662,8.3664,-0.9532020973815507,0.0,0.0,-1.4252678682114253,0.0,-1.4252678597299033,0.0,45.0,45.0,42.0,44.0,41.0,45.0,42.0,0,7.608,0,8.0176,0,0,0,0,0,0,7.9696,0,8.0208
1776185426.42216,8.3664,-0.9532020973815507,0.0,0.0,-1.4252678682114253,0.0,-1.4252678597299033,0.0,45.0,45.0,42.0,44.0,41.0,45.0,42.0,1,0,0,0,7.7864,0,0,7.6256,0,7.7784,0,0,0
1776185426.4222128,8.3664,-0.9532020973815507,0.0,0.0,-1.4252678682114253,0.0,-1.4252678597299033,0.0,45.0,45.0,42.0,44.0,41.0,45.0,42.0,2,7.692,0,7.772,0,0,0,0,0,0,7.6592,0,7.6024
1776185426.42231,8.3664,-0.9532020973815507,0.0,0.0,-1.4252678682114253,0.0,-1.4252678597299033,0.0,45.0,45.0,42.0,44.0,41.0,45.0,42.0,3,0,0,0,7.4896,0,0,7.2032,0,7.8968,0,0,0
1776185426.4223578,8.3664,-0.9532020973815507,0.0,0.0,-1.4252678682114253,0.0,-1.4252678597299033,0.0,45.0,45.0,42.0,44.0,41.0,45.0,42.0,4,8.3664,0,7.496,0,0,0,0,0,0,7.496,0,7.4896
1776185426.4224055,8.3664,-0.9532020973815507,0.0,0.0,-1.4252678682114253,0.0,-1.4252678597299033,0.0,45.0,45.0,42.0,44.0,41.0,45.0,42.0,5,0,0,0,7.48,0,0,7.2808,0,7.748,0,0,0
1776185426.4224513,8.3664,-0.9532020973815507,0.0,0.0,-1.4252678682114253,0.0,-1.4252678597299033,0.0,45.0,45.0,42.0,44.0,41.0,45.0,42.0,6,7.9504,0,7.5488,0,0,0,0,0,0,8.3448,0,7.4672
1776185426.4224987,8.3664,-0.9532020973815507,0.0,0.0,-1.4252678682114253,0.0,-1.4252678597299033,0.0,45.0,45.0,42.0,44.0,41.0,45.0,42.0,7,7.476,0,7.6504,0,0,0,0,0,0,7.4712,0,7.4792
1776185426.4225457,8.3664,-0.9532020973815507,0.0,0.0,-1.4252678682114253,0.0,-1.4252678597299033,0.0,45.0,45.0,42.0,44.0,41.0,45.0,42.0,8,7.464,0,7.4656,0,0,0,0,0,0,7.4728,0,7.6376
1776185426.4740882,8.3648,-0.9551380554339197,0.0,0.0,-1.4281625108471967,0.0,-1.4281625025353053,0.0,45.0,45.0,42.0,44.0,41.0,45.0,42.0,0,7.608,0,8.0152,0,0,0,0,0,0,7.9704,0,8.0208
1776185426.4742146,8.3648,-0.9551380554339197,0.0,0.0,-1.4281625108471967,0.0,-1.4281625025353053,0.0,45.0,45.0,42.0,44.0,41.0,45.0,42.0,1,0,0,0,7.7872,0,0,7.6256,0,7.7784,0,0,0
1776185426.4743078,8.3648,-0.9551380554339197,0.0,0.0,-1.4281625108471967,0.0,-1.4281625025353053,0.0,45.0,45.0,42.0,44.0,41.0,45.0,42.0,2,7.692,0,7.772,0,0,0,0,0,0,7.6584,0,7.6016
1776185426.4744098,8.3648,-0.9551380554339197,0.0,0.0,-1.4281625108471967,0.0,-1.4281625025353053,0.0,45.0,45.0,42.0,44.0,41.0,45.0,42.0,3,0,0,0,7.4888,0,0,7.2032,0,7.8976,0,0,0
1776185426.4744956,8.3648,-0.9551380554339197,0.0,0.0,-1.4281625108471967,0.0,-1.4281625025353053,0.0,45.0,45.0,42.0,44.0,41.0,45.0,42.0,4,8.3648,0,7.4952,0,0,0,0,0,0,7.496,0,7.4904
1776185426.4745746,8.3648,-0.9551380554339197,0.0,0.0,-1.4281625108471967,0.0,-1.4281625025353053,0.0,45.0,45.0,42.0,44.0,41.0,45.0,42.0,5,0,0,0,7.4808,0,0,7.2808,0,7.748,0,0,0
1776185426.4746635,8.3648,-0.9551380554339197,0.0,0.0,-1.4281625108471967,0.0,-1.4281625025353053,0.0,45.0,45.0,42.0,44.0,41.0,45.0,42.0,6,7.9504,0,7.5496,0,0,0,0,0,0,8.344,0,7.4656
1776185426.4747336,8.3648,-0.9551380554339197,0.0,0.0,-1.4281625108471967,0.0,-1.4281625025353053,0.0,45.0,45.0,42.0,44.0,41.0,45.0,42.0,7,7.4752,0,7.652,0,0,0,0,0,0,7.4704,0,7.4784
1776185426.474781,8.3648,-0.9551380554339197,0.0,0.0,-1.4281625108471967,0.0,-1.4281625025353053,0.0,45.0,45.0,42.0,44.0,41.0,45.0,42.0,8,7.464,0,7.4648,0,0,0,0,0,0,7.472,0,7.6376
1776185426.5263534,8.3648,-0.9570352943252414,0.0,0.0,-1.4309992606302528,0.0,-1.4309992524845991,0.0,45.0,45.0,42.0,44.0,41.0,45.0,42.0,0,7.608,0,8.0152,0,0,0,0,0,0,7.9704,0,8.0208
1776185426.5264401,8.3648,-0.9570352943252414,0.0,0.0,-1.4309992606302528,0.0,-1.4309992524845991,0.0,45.0,45.0,42.0,44.0,41.0,45.0,42.0,1,0,0,0,7.7872,0,0,7.6256,0,7.7784,0,0,0
1776185426.5265346,8.3648,-0.9570352943252414,0.0,0.0,-1.4309992606302528,0.0,-1.4309992524845991,0.0,45.0,45.0,42.0,44.0,41.0,45.0,42.0,2,7.692,0,7.772,0,0,0,0,0,0,7.6584,0,7.6016
1776185426.5266192,8.3648,-0.9570352943252414,0.0,0.0,-1.4309992606302528,0.0,-1.4309992524845991,0.0,45.0,45.0,42.0,44.0,41.0,45.0,42.0,3,0,0,0,7.4888,0,0,7.2032,0,7.8976,0,0,0
