time,pressure,joint0,joint1,joint2,joint3,joint4,joint5,joint6,motor_temp0,motor_temp1,motor_temp2,motor_temp3,motor_temp4,motor_temp5,motor_temp6,sensor_id,p0,p1,p2,p3,p4,p5,p6,p7,p8,p9,p10,p11
1776184396.4125373,8.4472,-6.498316065073175e-07,-0.6885168332139582,0.0349992976825321,-0.03140151647783792,-0.035000852162066505,-0.03140081350732595,-0.035001104740744124,46.0,45.0,42.0,45.0,42.0,46.0,44.0,0,7.6136,0,8.0256,0,0,0,0,0,0,7.968,0,8.0024
1776184396.412738,8.4472,-6.498316065073175e-07,-0.6885168332139582,0.0349992976825321,-0.03140151647783792,-0.035000852162066505,-0.03140081350732595,-0.035001104740744124,46.0,45.0,42.0,45.0,42.0,46.0,44.0,1,0,0,0,7.6776,0,0,7.5456,0,7.7,0,0,0
1776184396.412828,8.4472,-6.498316065073175e-07,-0.6885168332139582,0.0349992976825321,-0.03140151647783792,-0.035000852162066505,-0.03140081350732595,-0.035001104740744124,46.0,45.0,42.0,45.0,42.0,46.0,44.0,2,7.76,0,7.816,0,0,0,0,0,0,7.6864,0,7.6456
1776184396.412906,8.4472,-6.498316065073175e-07,-0.6885168332139582,0.0349992976825321,-0.03140151647783792,-0.035000852162066505,-0.03140081350732595,-0.035001104740744124,46.0,45.0,42.0,45.0,42.0,46.0,44.0,3,0,0,0,7.5064,0,0,7.2288,0,7.9304,0,0,0
1776184396.4129803,8.4472,-6.498316065073175e-07,-0.6885168332139582,0.0349992976825321,-0.03140151647783792,-0.035000852162066505,-0.03140081350732595,-0.035001104740744124,46.0,45.0,42.0,45.0,42.0,46.0,44.0,4,8.4472,0,7.5768,0,0,0,0,0,0,7.5656,0,7.5584
1776184396.4130557,8.4472,-6.498316065073175e-07,-0.6885168332139582,0.0349992976825321,-0.03140151647783792,-0.035000852162066505,-0.03140081350732595,-0.035001104740744124,46.0,45.0,42.0,45.0,42.0,46.0,44.0,5,0,0,0,7.504,0,0,7.3312,0,7.7792,0,0,0
1776184396.4131286,8.4472,-6.498316065073175e-07,-0.6885168332139582,0.0349992976825321,-0.03140151647783792,-0.035000852162066505,-0.03140081350732595,-0.035001104740744124,46.0,45.0,42.0,45.0,42.0,46.0,44.0,6,7.9832,0,7.6072,0,0,0,0,0,0,8.4008,0,7.516
1776184396.4132051,8.4472,-6.498316065073175e-07,-0.6885168332139582,0.0349992976825321,-0.03140151647783792,-0.035000852162066505,-0.03140081350732595,-0.035001104740744124,46.0,45.0,42.0,45.0,42.0,46.0,44.0,7,7.5008,0,7.6712,0,0,0,0,0,0,7.5144,0,7.528
1776184396.41328,8.4472,-6.498316065073175e-07,-0.6885168332139582,0.0349992976825321,-0.03140151647783792,-0.035000852162066505,-0.03140081350732595,-0.035001104740744124,46.0,45.0,42.0,45.0,42.0,46.0,44.0,8,7.5176,0,7.5168,0,0,0,0,0,0,7.5216,0,7.6688
1776184396.4639015,8.4464,-6.498316065073175e-07,-0.653746496549679,0.06929931172888146,-0.062173486148281165,-0.06930083511882518,-0.06217279723717943,-0.06930108264592924,46.0,45.0,42.0,45.0,42.0,46.0,44.0,0,7.6152,0,8.0264,0,0,0,0,0,0,7.9672,0,8.0016
1776184396.4639406,8.4464,-6.498316065073175e-07,-0.653746496549679,0.06929931172888146,-0.062173486148281165,-0.06930083511882518,-0.06217279723717943,-0.06930108264592924,46.0,45.0,42.0,45.0,42.0,46.0,44.0,1,0,0,0,7.6776,0,0,7.5456,0,7.7,0,0,0
1776184396.4639637,8.4464,-6.498316065073175e-07,-0.653746496549679,0.06929931172888146,-0.062173486148281165,-0.06930083511882518,-0.06217279723717943,-0.06930108264592924,46.0,45.0,42.0,45.0,42.0,46.0,44.0,2,7.7608,0,7.8168,0,0,0,0,0,0,7.6872,0,7.6456
1776184396.4639852,8.4464,-6.498316065073175e-07,-0.653746496549679,0.06929931172888146,-0.062173486148281165,-0.06930083511882518,-0.06217279723717943,-0.06930108264592924,46.0,45.0,42.0,45.0,42.0,46.0,44.0,3,0,0,0,7.5064,0,0,7.2288,0,7.9304,0,0,0
1776184396.4640057,8.4464,-6.498316065073175e-07,-0.653746496549679,0.06929931172888146,-0.062173486148281165,-0.06930083511882518,-0.06217279723717943,-0.06930108264592924,46.0,45.0,42.0,45.0,42.0,46.0,44.0,4,8.4464,0,7.5768,0,0,0,0,0,0,7.5656,0,7.5592
1776184396.4640265,8.4464,-6.498316065073175e-07,-0.653746496549679,0.06929931172888146,-0.062173486148281165,-0.06930083511882518,-0.06217279723717943,-0.06930108264592924,46.0,45.0,42.0,45.0,42.0,46.0,44.0,5,0,0,0,7.5048,0,0,7.3312,0,7.7792,0,0,0
1776184396.4640465,8.4464,-6.498316065073175e-07,-0.653746496549679,0.06929931172888146,-0.062173486148281165,-0.06930083511882518,-0.06217279723717943,-0.06930108264592924,46.0,45.0,42.0,45.0,42.0,46.0,44.0,6,7.9824,0,7.608,0,0,0,0,0,0,8.4,0,7.516
1776184396.4640665,8.4464,-6.498316065073175e-07,-0.653746496549679,0.06929931172888146,-0.062173486148281165,-0.06930083511882518,-0.06217279723717943,-0.06930108264592924,46.0,45.0,42.0,45.0,42.0,46.0,44.0,7,7.5008,0,7.6704,0,0,0,0,0,0,7.5136,0,7.5264
1776184396.4640868,8.4464,-6.498316065073175e-07,-0.653746496549679,0.06929931172888146,-0.062173486148281165,-0.06930083511882518,-0.06217279723717943,-0.06930108264592924,46.0,45.0,42.0,45.0,42.0,46.0,44.0,8,7.5184,0,7.5176,0,0,0,0,0,0,7.5216,0,7.6688
1776184396.5145342,8.4464,-6.498316065073175e-07,-0.6196715666186854,0.10291332549430383,-0.09233001642531555,-0.10291481841644867,-0.09232934129243583,-0.10291506099301065,46.0,45.0,42.0,45.0,42.0,46.0,44.0,0,7.6152,0,8.0264,0,0,0,0,0,0,7.9672,0,8.0016
1776184396.5145633,8.4464,-6.498316065073175e-07,-0.6196715666186854,0.10291332549430383,-0.09233001642531555,-0.10291481841644867,-0.09232934129243583,-0.10291506099301065,46.0,45.0,42.0,45.0,42.0,46.0,44.0,1,0,0,0,7.6776,0,0,7.5456,0,7.7,0,0,0
1776184396.514581,8.4464,-6.498316065073175e-07,-0.6196715666186854,0.10291332549430383,-0.09233001642531555,-0.10291481841644867,-0.09232934129243583,-0.10291506099301065,46.0,45.0,42.0,45.0,42.0,46.0,44.0,2,7.7608,0,7.8168,0,0,0,0,0,0,7.6872,0,7.6456
1776184396.5145984,8.4464,-6.498316065073175e-07,-0.6196715666186854,0.10291332549430383,-0.09233001642531555,-0.10291481841644867,-0.09232934129243583,-0.10291506099301065,46.0,45.0,42.0,45.0,42.0,46.0,44.0,3,0,0,0,7.5064,0,0,7.2288,0,7.9304,0,0,0
1776184396.5146222,8.4464,-6.498316065073175e-07,-0.6196715666186854,0.10291332549430383,-0.09233001642531555,-0.10291481841644867,-0.09232934129243583,-0.10291506099301065,46.0,45.0,42.0,45.0,42.0,46.0,44.0,4,8.4464,0,7.5768,0,0,0,0,0,0,7.5656,0,7.5592
1776184396.5146391,8.4464,-6.498316065073175e-07,-0.6196715666186854,0.10291332549430383,-0.09233001642531555,-0.10291481841644867,-0.09232934129243583,-0.10291506099301065,46.0,45.0,42.0,45.0,42.0,46.0,44.0,5,0,0,0,7.5048,0,0,7.3312,0,7.7792,0,0,0
1776184396.514655,8.4464,-6.498316065073175e-07,-0.6196715666186854,0.10291332549430383,-0.09233001642531555,-0.10291481841644867,-0.09232934129243583,-0.10291506099301065,46.0,45.0,42.0,45.0,42.0,46.0,44.0,6,7.9824,0,7.608,0,0,0,0,0,0,8.4,0,7.516
1776184396.5146716,8.4464,-6.498316065073175e-07,-0.6196715666186854,0.10291332549430383,-0.09233001642531555,-0.10291481841644867,-0.09232934129243583,-0.10291506099301065,46.0,45.0,42.0,45.0,42.0,46.0,44.0,7,7.5008,0,7.6704,0,0,0,0,0,0,7.5136,0,7.5264
1776184396.5146883,8.4464,-6.498316065073175e-07,-0.6196715666186854,0.10291332549430383,-0.09233001642531555,-0.10291481841644867,-0.09232934129243583,-0.10291506099301065,46.0,45.0,42.0,45.0,42.0,46.0,44.0,8,7.5184,0,7.5176,0,0,0,0,0,0,7.5216,0,7.6688
1776184396.5656853,8.448,-6.498316065073175e-07,-0.5862781352863117,0.13585505898441774,-0.12188341609680924,-0.1358565220481197,-0.12188275446658713,-0.13585675977315043,46.0,45.0,42.0,45.0,42.0,46.0,44.0,0,7.6144,0,8.0264,0,0,0,0,0,0,7.9672,0,8.0008
1776184396.5657885,8.448,-6.498316065073175e-07,-0.5862781352863117,0.13585505898441774,-0.12188341609680924,-0.1358565220481197,-0.12188275446658713,-0.13585675977315043,46.0,45.0,42.0,45.0,42.0,46.0,44.0,1,0,0,0,7.6784,0,0,7.5456,0,7.6992,0,0,0
1776184396.5658507,8.448,-6.498316065073175e-07,-0.5862781352863117,0.13585505898441774,-0.12188341609680924,-0.1358565220481197,-0.12188275446658713,-0.13585675977315043,46.0,45.0,42.0,45.0,42.0,46.0,44.0,2,7.76,0,7.8184,0,0,0,0,0,0,7.6872,0,7.6448
1776184396.5659084,8.448,-6.498316065073175e-07,-0.5862781352863117,0.13585505898441774,-0.12188341609680924,-0.1358565220481197,-0.12188275446658713,-0.13585675977315043,46.0,45.0,42.0,45.0,42.0,46.0,44.0,3,0,0,0,7.5056,0,0,7.2312,0,7.9288,0,0,0
1776184396.565964,8.448,-6.498316065073175e-07,-0.5862781352863117,0.13585505898441774,-0.12188341609680924,-0.1358565220481197,-0.12188275446658713,-0.13585675977315043,46.0,45.0,42.0,45.0,42.0,46.0,44.0,4,8.448,0,7.5768,0,0,0,0,0,0,7.5672,0,7.5584
1776184396.566151,8.448,-6.498316065073175e-07,-0.5862781352863117,0.13585505898441774,-0.12188341609680924,-0.1358565220481197,-0.12188275446658713,-0.13585675977315043,46.0,45.0,42.0,45.0,42.0,46.0,44.0,5,0,0,0,7.5048,0,0,7.3288,0,7.7792,0,0,0
1776184396.566212,8.448,-6.498316065073175e-07,-0.5862781352863117,0.13585505898441774,-0.12188341609680924,-0.1358565220481197,-0.12188275446658713,-0.13585675977315043,46.0,45.0,42.0,45.0,42.0,46.0,44.0,6,7.9824,0,7.608,0,0,0,0,0,0,8.4008,0,7.516
1776184396.5663202,8.448,-6.498316065073175e-07,-0.5862781352863117,0.13585505898441774,-0.12188341609680924,-0.1358565220481197,-0.12188275446658713,-0.13585675977315043,46.0,45.0,42.0,45.0,42.0,46.0,44.0,7,7.5008,0,7.6704,0,0,0,0,0,0,7.5152,0,7.5272
1776184396.5663784,8.448,-6.498316065073175e-07,-0.5862781352863117,0.13585505898441774,-0.12188341609680924,-0.1358565220481197,-0.12188275446658713,-0.13585675977315043,46.0,45.0,42.0,45.0,42.0,46.0,44.0,8,7.5176,0,7.5176,0,0,0,0,0,0,7.5216,0,7.668
1776184396.61703,8.448,-6.498316065073175e-07,-0.5535525725805854,0.1681379578047294,-0.15084574777487306,-0.16813939160715732,-0.15084509937725538,-0.1681396245776874,46.0,45.0,42.0,45.0,42.0,46.0,44.0,0,7.6144,0,8.0264,0,0,0,0,0,0,7.9672,0,8.0008
1776184396.6170774,8.448,-6.498316065073175e-07,-0.5535525725805854,0.1681379578047294,-0.15084574777487306,-0.16813939160715732,-0.15084509937725538,-0.1681396245776874,46.0,45.0,42.0,45.0,42.0,46.0,44.0,1,0,0,0,7.6784,0,0,7.5456,0,7.6992,0,0,0
1776184396.6171064,8.448,-6.498316065073175e-07,-0.5535525725805854,0.1681379578047294,-0.15084574777487306,-0.16813939160715732,-0.15084509937725538,-0.1681396245776874,46.0,45.0,42.0,45.0,42.0,46.0,44.0,2,7.76,0,7.8184,0,0,0,0,0,0,7.6872,0,7.6448
1776184396.6171348,8.448,-6.498316065073175e-07,-0.5535525725805854,0.1681379578047294,-0.15084574777487306,-0.16813939160715732,-0.15084509937725538,-0.1681396245776874,46.0,45.0,42.0,45.0,42.0,46.0,44.0,3,0,0,0,7.5056,0,0,7.2312,0,7.9288,0,0,0
1776184396.617161,8.448,-6.498316065073175e-07,-0.5535525725805854,0.1681379578047294,-0.15084574777487306,-0.16813939160715732,-0.15084509937725538,-0.1681396245776874,46.0,45.0,42.0,45.0,42.0,46.0,44.0,4,8.448,0,7.5768,0,0,0,0,0,0,7.5672,0,7.5584
1776184396.6171873,8.448,-6.498316065073175e-07,-0.5535525725805854,0.1681379578047294,-0.15084574777487306,-0.16813939160715732,-0.15084509937725538,-0.1681396245776874,46.0,45.0,42.0,45.0,42.0,46.0,44.0,5,0,0,0,7.5048,0,0,7.3288,0,7.7792,0,0,0
1776184396.6172132,8.448,-6.498316065073175e-07,-0.5535525725805854,0.1681379578047294,-0.15084574777487306,-0.16813939160715732,-0.15084509937725538,-0.1681396245776874,46.0,45.0,42.0,45.0,42.0,46.0,44.0,6,7.9824,0,7.608,0,0,0,0,0,0,8.4008,0,7.516
1776184396.61724,8.448,-6.498316065073175e-07,-0.5535525725805854,0.1681379578047294,-0.15084574777487306,-0.16813939160715732,-0.15084509937725538,-0.1681396245776874,46.0,45.0,42.0,45.0,42.0,46.0,44.0,7,7.5008,0,7.6704,0,0,0,0,0,0,7.5152,0,7.5272
1776184396.6172664,8.448,-6.498316065073175e-07,-0.5535525725805854,0.1681379578047294,-0.15084574777487306,-0.16813939160715732,-0.15084509937725538,-0.1681396245776874,46.0,45.0,42.0,45.0,42.0,46.0,44.0,8,7.5176,0,7.5176,0,0,0,0,0,0,7.5216,0,7.668
1776184396.668132,8.448,-6.498316065073175e-07,-0.5214815211289737,0.1997751986486348,-0.1792288328193756,-0.19977660377501416,-0.17922819738971027,-0.19977683208613367,46.0,45.0,42.0,45.0,42.0,46.0,44.0,0,7.6144,0,8.0264,0,0,0,0,0,0,7.9672,0,8.0008
1776184396.6682243,8.448,-6.498316065073175e-07,-0.5214815211289737,0.1997751986486348,-0.1792288328193756,-0.19977660377501416,-0.17922819738971027,-0.19977683208613367,46.0,45.0,42.0,45.0,42.0,46.0,44.0,1,0,0,0,7.6784,0,0,7.5456,0,7.6992,0,0,0
1776184396.6682851,8.448,-6.498316065073175e-07,-0.5214815211289737,0.1997751986486348,-0.1792288328193756,-0.19977660377501416,-0.17922819738971027,-0.19977683208613367,46.0,45.0,42.0,45.0,42.0,46.0,44.0,2,7.76,0,7.8184,0,0,0,0,0,0,7.6872,0,7.6448
1776184396.6683433,8.448,-6.498316065073175e-07,-0.5214815211289737,0.1997751986486348,-0.1792288328193756,-0.19977660377501416,-0.17922819738971027,-0.19977683208613367,46.0,45.0,42.0,45.0,42.0,46.0,44.0,3,0,0,0,7.5056,0,0,7.2312,0,7.9288,0,0,0
1776184396.6683981,8.448,-6.498316065073175e-07,-0.5214815211289737,0.1997751986486348,-0.1792288328193756,-0.19977660377501416,-0.17922819738971027,-0.19977683208613367,46.0,45.0,42.0,45.0,42.0,46.0,44.0,4,8.448,0,7.5768,0,0,0,0,0,0,7.5672,0,7.5584
1776184396.6684544,8.448,-6.498316065073175e-07,-0.5214815211289737,0.1997751986486348,-0.1792288328193756,-0.19977660377501416,-0.17922819738971027,-0.19977683208613367,46.0,45.0,42.0,45.0,42.0,46.0,44.0,5,0,0,0,7.5048,0,0,7.3288,0,7.7792,0,0,0
1776184396.6685088,8.448,-6.498316065073175e-07,-0.5214815211289737,0.1997751986486348,-0.1792288328193756,-0.19977660377501416,-0.17922819738971027,-0.19977683208613367,46.0,45.0,42.0,45.0,42.0,46.0,44.0,6,7.9824,0,7.608,0,0,0,0,0,0,8.4008,0,7.516
1776184396.6685643,8.448,-6.498316065073175e-07,-0.5214815211289737,0.1997751986486348,-0.1792288328193756,-0.19977660377501416,-0.17922819738971027,-0.19977683208613367,46.0,45.0,42.0,45.0,42.0,46.0,44.0,7,7.5008,0,7.6704,0,0,0,0,0,0,7.5152,0,7.5272
1776184396.6686199,8.448,-6.498316065073175e-07,-0.5214815211289737,0.1997751986486348,-0.1792288328193756,-0.19977660377501416,-0.17922819738971027,-0.19977683208613367,46.0,45.0,42.0,45.0,42.0,46.0,44.0,8,7.5176,0,7.5176,0,0,0,0,0,0,7.5216,0,7.668
1776184396.7191818,8.4464,-6.498316065073175e-07,-0.49005189070639427,0.23077969467566212,-0.20704425616298808,-0.23078107169951387,-0.20704363344191606,-0.230781295444411,46.0,45.0,42.0,45.0,42.0,46.0,44.0,0,7.6136,0,8.0256,0,0,0,0,0,0,7.968,0,8.0032
1776184396.7192197,8.4464,-6.498316065073175e-07,-0.49005189070639427,0.23077969467566212,-0.20704425616298808,-0.23078107169951387,-0.20704363344191606,-0.230781295444411,46.0,45.0,42.0,45.0,42.0,46.0,44.0,1,0,0,0,7.6784,0,0,7.5456,0,7.7,0,0,0
1776184396.7192373,8.4464,-6.498316065073175e-07,-0.49005189070639427,0.23077969467566212,-0.20704425616298808,-0.23078107169951387,-0.20704363344191606,-0.230781295444411,46.0,45.0,42.0,45.0,42.0,46.0,44.0,2,7.76,0,7.8168,0,0,0,0,0,0,7.6864,0,7.6448
1776184396.7192545,8.4464,-6.498316065073175e-07,-0.49005189070639427,0.23077969467566212,-0.20704425616298808,-0.23078107169951387,-0.20704363344191606,-0.230781295444411,46.0,45.0,42.0,45.0,42.0,46.0,44.0,3,0,0,0,7.5056,0,0,7.2304,0,7.932,0,0,0
1776184396.7192702,8.4464,-6.498316065073175e-07,-0.49005189070639427,0.23077969467566212,-0.20704425616298808,-0.23078107169951387,-0.20704363344191606,-0.230781295444411,46.0,45.0,42.0,45.0,42.0,46.0,44.0,4,8.4464,0,7.5768,0,0,0,0,0,0,7.5656,0,7.56
1776184396.7192862,8.4464,-6.498316065073175e-07,-0.49005189070639427,0.23077969467566212,-0.20704425616298808,-0.23078107169951387,-0.20704363344191606,-0.230781295444411,46.0,45.0,42.0,45.0,42.0,46.0,44.0,5,0,0,0,7.5048,0,0,7.3296,0,7.78,0,0,0
1776184396.719302,8.4464,-6.498316065073175e-07,-0.49005189070639427,0.23077969467566212,-0.20704425616298808,-0.23078107169951387,-0.20704363344191606,-0.230781295444411,46.0,45.0,42.0,45.0,42.0,46.0,44.0,6,7.9832,0,7.608,0,0,0,0,0,0,8.3992,0,7.5152
1776184396.7193177,8.4464,-6.498316065073175e-07,-0.49005189070639427,0.23077969467566212,-0.20704425616298808,-0.23078107169951387,-0.20704363344191606,-0.230781295444411,46.0,45.0,42.0,45.0,42.0,46.0,44.0,7,7.5016,0,7.6704,0,0,0,0,0,0,7.5152,0,7.5272
1776184396.7193336,8.4464,-6.498316065073175e-07,-0.49005189070639427,0.23077969467566212,-0.20704425616298808,-0.23078107169951387,-0.20704363344191606,-0.230781295444411,46.0,45.0,42.0,45.0,42.0,46.0,44.0,8,7.516,0,7.5168,0,0,0,0,0,0,7.5216,0,7.6688
1776184396.769948,8.4464,-6.498316065073175e-07,-0.45925085289226636,0.26116410078214886,-0.23430337103972831,-0.26116545026552357,-0.23430276077307774,-0.2611656695355228,46.0,45.0,42.0,45.0,42.0,46.0,44.0,0,7.6136,0,8.0256,0,0,0,0,0,0,7.968,0,8.0032
1776184396.770016,8.4464,-6.498316065073175e-07,-0.45925085289226636,0.26116410078214886,-0.23430337103972831,-0.26116545026552357,-0.23430276077307774,-0.2611656695355228,46.0,45.0,42.0,45.0,42.0,46.0,44.0,1,0,0,0,7.6784,0,0,7.5456,0,7.7,0,0,0
1776184396.770036,8.4464,-6.498316065073175e-07,-0.45925085289226636,0.26116410078214886,-0.23430337103972831,-0.26116545026552357,-0.23430276077307774,-0.2611656695355228,46.0,45.0,42.0,45.0,42.0,46.0,44.0,2,7.76,0,7.8168,0,0,0,0,0,0,7.6864,0,7.6448
1776184396.7700534,8.4464,-6.498316065073175e-07,-0.45925085289226636,0.26116410078214886,-0.23430337103972831,-0.26116545026552357,-0.23430276077307774,-0.2611656695355228,46.0,45.0,42.0,45.0,42.0,46.0,44.0,3,0,0,0,7.5056,0,0,7.2304,0,7.932,0,0,0
1776184396.7700703,8.4464,-6.498316065073175e-07,-0.45925085289226636,0.26116410078214886,-0.23430337103972831,-0.26116545026552357,-0.23430276077307774,-0.2611656695355228,46.0,45.0,42.0,45.0,42.0,46.0,44.0,4,8.4464,0,7.5768,0,0,0,0,0,0,7.5656,0,7.56
1776184396.7700956,8.4464,-6.498316065073175e-07,-0.45925085289226636,0.26116410078214886,-0.23430337103972831,-0.26116545026552357,-0.23430276077307774,-0.2611656695355228,46.0,45.0,42.0,45.0,42.0,46.0,44.0,5,0,0,0,7.5048,0,0,7.3296,0,7.78,0,0,0
1776184396.770122,8.4464,-6.498316065073175e-07,-0.45925085289226636,0.26116410078214886,-0.23430337103972831,-0.26116545026552357,-0.23430276077307774,-0.2611656695355228,46.0,45.0,42.0,45.0,42.0,46.0,44.0,6,7.9832,0,7.608,0,0,0,0,0,0,8.3992,0,7.5152
1776184396.7701395,8.4464,-6.498316065073175e-07,-0.45925085289226636,0.26116410078214886,-0.23430337103972831,-0.26116545026552357,-0.23430276077307774,-0.2611656695355228,46.0,45.0,42.0,45.0,42.0,46.0,44.0,7,7.5016,0,7.6704,0,0,0,0,0,0,7.5152,0,7.5272
1776184396.7701566,8.4464,-6.498316065073175e-07,-0.45925085289226636,0.26116410078214886,-0.23430337103972831,-0.26116545026552357,-0.23430276077307774,-0.2611656695355228,46.0,45.0,42.0,45.0,42.0,46.0,44.0,8,7.516,0,7.5168,0,0,0,0,0,0,7.5216,0,7.6688
1776184396.8219967,8.4464,-6.498316065073175e-07,-0.42906583583442104,0.2909408187665059,-0.26101730361893377,-0.2909421412602131,-0.2610167055576162,-0.29094235614481234,46.0,45.0,42.0,45.0,42.0,46.0,44.0,0,7.6136,0,8.0256,0,0,0,0,0,0,7.968,0,8.0032
1776184396.8221762,8.4464,-6.498316065073175e-07,-0.42906583583442104,0.2909408187665059,-0.26101730361893377,-0.2909421412602131,-0.2610167055576162,-0.29094235614481234,46.0,45.0,42.0,45.0,42.0,46.0,44.0,1,0,0,0,7.6784,0,0,7.5456,0,7.7,0,0,0
1776184396.82228,8.4464,-6.498316065073175e-07,-0.42906583583442104,0.2909408187665059,-0.26101730361893377,-0.2909421412602131,-0.2610167055576162,-0.29094235614481234,46.0,45.0,42.0,45.0,42.0,46.0,44.0,2,7.76,0,7.8168,0,0,0,0,0,0,7.6864,0,7.6448
1776184396.822391,8.4464,-6.498316065073175e-07,-0.42906583583442104,0.2909408187665059,-0.26101730361893377,-0.2909421412602131,-0.2610167055576162,-0.29094235614481234,46.0,45.0,42.0,45.0,42.0,46.0,44.0,3,0,0,0,7.5056,0,0,7.2304,0,7.932,0,0,0
1776184396.8225362,8.4464,-6.498316065073175e-07,-0.42906583583442104,0.2909408187665059,-0.26101730361893377,-0.2909421412602131,-0.2610167055576162,-0.29094235614481234,46.0,45.0,42.0,45.0,42.0,46.0,44.0,4,8.4464,0,7.5768,0,0,0,0,0,0,7.5656,0,7.56
1776184396.8226674,8.4464,-6.498316065073175e-07,-0.42906583583442104,0.2909408187665059,-0.26101730361893377,-0.2909421412602131,-0.2610167055576162,-0.29094235614481234,46.0,45.0,42.0,45.0,42.0,46.0,44.0,5,0,0,0,7.5048,0,0,7.3296,0,7.78,0,0,0
1776184396.822798,8.4464,-6.498316065073175e-07,-0.42906583583442104,0.2909408187665059,-0.26101730361893377,-0.2909421412602131,-0.2610167055576162,-0.29094235614481234,46.0,45.0,42.0,45.0,42.0,46.0,44.0,6,7.9832,0,7.608,0,0,0,0,0,0,8.3992,0,7.5152
1776184396.8229384,8.4464,-6.498316065073175e-07,-0.42906583583442104,0.2909408187665059,-0.26101730361893377,-0.2909421412602131,-0.2610167055576162,-0.29094235614481234,46.0,45.0,42.0,45.0,42.0,46.0,44.0,7,7.5016,0,7.6704,0,0,0,0,0,0,7.5152,0,7.5272
1776184396.8230646,8.4464,-6.498316065073175e-07,-0.42906583583442104,0.2909408187665059,-0.26101730361893377,-0.2909421412602131,-0.2610167055576162,-0.29094235614481234,46.0,45.0,42.0,45.0,42.0,46.0,44.0,8,7.516,0,7.5168,0,0,0,0,0,0,7.5216,0,7.6688
1776184396.873585,8.4472,-6.498316065073175e-07,-0.39948451911773264,0.3201220023911758,-0.2871969575465551,-0.32012329843500886,-0.28719637144646387,-0.3201235090219161,46.0,45.0,42.0,45.0,42.0,46.0,44.0,0,7.6152,0,8.0256,0,0,0,0,0,0,7.968,0,8.0016
1776184396.8736145,8.4472,-6.498316065073175e-07,-0.39948451911773264,0.3201220023911758,-0.2871969575465551,-0.32012329843500886,-0.28719637144646387,-0.3201235090219161,46.0,45.0,42.0,45.0,42.0,46.0,44.0,1,0,0,0,7.6784,0,0,7.544,0,7.6984,0,0,0
1776184396.8736317,8.4472,-6.498316065073175e-07,-0.39948451911773264,0.3201220023911758,-0.2871969575465551,-0.32012329843500886,-0.28719637144646387,-0.3201235090219161,46.0,45.0,42.0,45.0,42.0,46.0,44.0,2,7.76,0,7.816,0,0,0,0,0,0,7.6872,0,7.6456
1776184396.8736484,8.4472,-6.498316065073175e-07,-0.39948451911773264,0.3201220023911758,-0.2871969575465551,-0.32012329843500886,-0.28719637144646387,-0.3201235090219161,46.0,45.0,42.0,45.0,42.0,46.0,44.0,3,0,0,0,7.5064,0,0,7.228,0,7.9312,0,0,0
1776184396.8736641,8.4472,-6.498316065073175e-07,-0.39948451911773264,0.3201220023911758,-0.2871969575465551,-0.32012329843500886,-0.28719637144646387,-0.3201235090219161,46.0,45.0,42.0,45.0,42.0,46.0,44.0,4,8.4472,0,7.5776,0,0,0,0,0,0,7.5656,0,7.5592
1776184396.87368,8.4472,-6.498316065073175e-07,-0.39948451911773264,0.3201220023911758,-0.2871969575465551,-0.32012329843500886,-0.28719637144646387,-0.3201235090219161,46.0,45.0,42.0,45.0,42.0,46.0,44.0,5,0,0,0,7.5048,0,0,7.3312,0,7.7808,0,0,0
1776184396.8736959,8.4472,-6.498316065073175e-07,-0.39948451911773264,0.3201220023911758,-0.2871969575465551,-0.32012329843500886,-0.28719637144646387,-0.3201235090219161,46.0,45.0,42.0,45.0,42.0,46.0,44.0,6,7.9832,0,7.6072,0,0,0,0,0,0,8.4,0,7.5168
1776184396.8737116,8.4472,-6.498316065073175e-07,-0.39948451911773264,0.3201220023911758,-0.2871969575465551,-0.32012329843500886,-0.28719637144646387,-0.3201235090219161,46.0,45.0,42.0,45.0,42.0,46.0,44.0,7,7.5016,0,7.6704,0,0,0,0,0,0,7.5144,0,7.5264
1776184396.8737276,8.4472,-6.498316065073175e-07,-0.39948451911773264,0.3201220023911758,-0.2871969575465551,-0.32012329843500886,-0.28719637144646387,-0.3201235090219161,46.0,45.0,42.0,45.0,42.0,46.0,44.0,8,7.516,0,7.5168,0,0,0,0,0,0,7.5208,0,7.6696
1776184396.9244337,8.4472,-6.498316065073175e-07,-0.370494828735378,0.3487195623433523,-0.312853018395624,-0.3487208324663087,-0.3128524440175346,-0.34872103884147776,46.0,45.0,42.0,45.0,42.0,46.0,44.0,0,7.6152,0,8.0256,0,0,0,0,0,0,7.968,0,8.0016
1776184396.9244711,8.4472,-6.498316065073175e-07,-0.370494828735378,0.3487195623433523,-0.312853018395624,-0.3487208324663087,-0.3128524440175346,-0.34872103884147776,46.0,45.0,42.0,45.0,42.0,46.0,44.0,1,0,0,0,7.6784,0,0,7.544,0,7.6984,0,0,0
1776184396.9244971,8.4472,-6.498316065073175e-07,-0.370494828735378,0.3487195623433523,-0.312853018395624,-0.3487208324663087,-0.3128524440175346,-0.34872103884147776,46.0,45.0,42.0,45.0,42.0,46.0,44.0,2,7.76,0,7.816,0,0,0,0,0,0,7.6872,0,7.6456
1776184396.9245226,8.4472,-6.498316065073175e-07,-0.370494828735378,0.3487195623433523,-0.312853018395624,-0.3487208324663087,-0.3128524440175346,-0.34872103884147776,46.0,45.0,42.0,45.0,42.0,46.0,44.0,3,0,0,0,7.5064,0,0,7.228,0,7.9312,0,0,0
1776184396.924548,8.4472,-6.498316065073175e-07,-0.370494828735378,0.3487195623433523,-0.312853018395624,-0.3487208324663087,-0.3128524440175346,-0.34872103884147776,46.0,45.0,42.0,45.0,42.0,46.0,44.0,4,8.4472,0,7.5776,0,0,0,0,0,0,7.5656,0,7.5592
1776184396.924573,8.4472,-6.498316065073175e-07,-0.370494828735378,0.3487195623433523,-0.312853018395624,-0.3487208324663087,-0.3128524440175346,-0.34872103884147776,46.0,45.0,42.0,45.0,42.0,46.0,44.0,5,0,0,0,7.5048,0,0,7.3312,0,7.7808,0,0,0
1776184396.9246376,8.4472,-6.498316065073175e-07,-0.370494828735378,0.3487195623433523,-0.312853018395624,-0.3487208324663087,-0.3128524440175346,-0.34872103884147776,46.0,45.0,42.0,45.0,42.0,46.0,44.0,6,7.9832,0,7.6072,0,0,0,0,0,0,8.4,0,7.5168
1776184396.9246645,8.4472,-6.498316065073175e-07,-0.370494828735378,0.3487195623433523,-0.312853018395624,-0.3487208324663087,-0.3128524440175346,-0.34872103884147776,46.0,45.0,42.0,45.0,42.0,46.0,44.0,7,7.5016,0,7.6704,0,0,0,0,0,0,7.5144,0,7.5264
1776184396.9247031,8.4472,-6.498316065073175e-07,-0.370494828735378,0.3487195623433523,-0.312853018395624,-0.3487208324663087,-0.3128524440175346,-0.34872103884147776,46.0,45.0,42.0,45.0,42.0,46.0,44.0,8,7.516,0,7.5168,0,0,0,0,0,0,7.5208,0,7.6696
1776184396.9752665,8.4464,-6.498316065073175e-07,-0.34208493216067043,0.3767451710964852,-0.33799595802771154,-0.37674641581698254,-0.3379953951371839,-0.3767466180646482,46.0,45.0,42.0,45.0,42.0,46.0,44.0,0,7.6144,0,8.0256,0,0,0,0,0,0,7.968,0,8.0008
1776184396.9753036,8.4464,-6.498316065073175e-07,-0.34208493216067043,0.3767451710964852,-0.33799595802771154,-0.37674641581698254,-0.3379953951371839,-0.3767466180646482,46.0,45.0,42.0,45.0,42.0,46.0,44.0,1,0,0,0,7.676,0,0,7.544,0,7.6984,0,0,0
1776184396.9753354,8.4464,-6.498316065073175e-07,-0.34208493216067043,0.3767451710964852,-0.33799595802771154,-0.37674641581698254,-0.3379953951371839,-0.3767466180646482,46.0,45.0,42.0,45.0,42.0,46.0,44.0,2,7.7608,0,7.816,0,0,0,0,0,0,7.6864,0,7.6456
1776184396.975367,8.4464,-6.498316065073175e-07,-0.34208493216067043,0.3767451710964852,-0.33799595802771154,-0.37674641581698254,-0.3379953951371839,-0.3767466180646482,46.0,45.0,42.0,45.0,42.0,46.0,44.0,3,0,0,0,7.5064,0,0,7.228,0,7.9296,0,0,0
1776184396.9754007,8.4464,-6.498316065073175e-07,-0.34208493216067043,0.3767451710964852,-0.33799595802771154,-0.37674641581698254,-0.3379953951371839,-0.3767466180646482,46.0,45.0,42.0,45.0,42.0,46.0,44.0,4,8.4464,0,7.5768,0,0,0,0,0,0,7.5664,0,7.5584
1776184396.975433,8.4464,-6.498316065073175e-07,-0.34208493216067043,0.3767451710964852,-0.33799595802771154,-0.37674641581698254,-0.3379953951371839,-0.3767466180646482,46.0,45.0,42.0,45.0,42.0,46.0,44.0,5,0,0,0,7.5056,0,0,7.328,0,7.7816,0,0,0
1776184396.9754639,8.4464,-6.498316065073175e-07,-0.34208493216067043,0.3767451710964852,-0.33799595802771154,-0.37674641581698254,-0.3379953951371839,-0.3767466180646482,46.0,45.0,42.0,45.0,42.0,46.0,44.0,6,7.984,0,7.608,0,0,0,0,0,0,8.4016,0,7.5168
1776184396.975496,8.4464,-6.498316065073175e-07,-0.34208493216067043,0.3767451710964852,-0.33799595802771154,-0.37674641581698254,-0.3379953951371839,-0.3767466180646482,46.0,45.0,42.0,45.0,42.0,46.0,44.0,7,7.5016,0,7.6704,0,0,0,0,0,0,7.5152,0,7.5272
1776184396.9755251,8.4464,-6.498316065073175e-07,-0.34208493216067043,0.3767451710964852,-0.33799595802771154,-0.37674641581698254,-0.3379953951371839,-0.3767466180646482,46.0,45.0,42.0,45.0,42.0,46.0,44.0,8,7.5176,0,7.5176,0,0,0,0,0,0,7.5224,0,7.6696
1776184397.0263572,8.4464,-6.498316065073175e-07,-0.31424323351745703,0.4042102676745555,-0.36263603886715734,-0.4042114875006429,-0.3626354872344402,-0.40421168570335525,46.0,45.0,42.0,45.0,42.0,46.0,44.0,0,7.6144,0,8.0256,0,0,0,0,0,0,7.968,0,8.0008
1776184397.0264075,8.4464,-6.498316065073175e-07,-0.31424323351745703,0.4042102676745555,-0.36263603886715734,-0.4042114875006429,-0.3626354872344402,-0.40421168570335525,46.0,45.0,42.0,45.0,42.0,46.0,44.0,1,0,0,0,7.676,0,0,7.544,0,7.6984,0,0,0
1776184397.0264385,8.4464,-6.498316065073175e-07,-0.31424323351745703,0.4042102676745555,-0.36263603886715734,-0.4042114875006429,-0.3626354872344402,-0.40421168570335525,46.0,45.0,42.0,45.0,42.0,46.0,44.0,2,7.7608,0,7.816,0,0,0,0,0,0,7.6864,0,7.6456
1776184397.0264668,8.4464,-6.498316065073175e-07,-0.31424323351745703,0.4042102676745555,-0.36263603886715734,-0.4042114875006429,-0.3626354872344402,-0.40421168570335525,46.0,45.0,42.0,45.0,42.0,46.0,44.0,3,0,0,0,7.5064,0,0,7.228,0,7.9296,0,0,0
1776184397.0265572,8.4464,-6.498316065073175e-07,-0.31424323351745703,0.4042102676745555,-0.36263603886715734,-0.4042114875006429,-0.3626354872344402,-0.40421168570335525,46.0,45.0,42.0,45.0,42.0,46.0,44.0,4,8.4464,0,7.5768,0,0,0,0,0,0,7.5664,0,7.5584
1776184397.0265853,8.4464,-6.498316065073175e-07,-0.31424323351745703,0.4042102676745555,-0.36263603886715734,-0.4042114875006429,-0.3626354872344402,-0.40421168570335525,46.0,45.0,42.0,45.0,42.0,46.0,44.0,5,0,0,0,7.5056,0,0,7.328,0,7.7816,0,0,0
1776184397.0266123,8.4464,-6.498316065073175e-07,-0.31424323351745703,0.4042102676745555,-0.36263603886715734,-0.4042114875006429,-0.3626354872344402,-0.40421168570335525,46.0,45.0,42.0,45.0,42.0,46.0,44.0,6,7.984,0,7.608,0,0,0,0,0,0,8.4016,0,7.5168
1776184397.02664,8.4464,-6.498316065073175e-07,-0.31424323351745703,0.4042102676745555,-0.36263603886715734,-0.4042114875006429,-0.3626354872344402,-0.40421168570335525,46.0,45.0,42.0,45.0,42.0,46.0,44.0,7,7.5016,0,7.6704,0,0,0,0,0,0,7.5152,0,7.5272
1776184397.0266676,8.4464,-6.498316065073175e-07,-0.31424323351745703,0.4042102676745555,-0.36263603886715734,-0.4042114875006429,-0.3626354872344402,-0.40421168570335525,46.0,45.0,42.0,45.0,42.0,46.0,44.0,8,7.5176,0,7.5176,0,0,0,0,0,0,7.5224,0,7.6696
1776184397.0775433,8.4456,-6.498316065073175e-07,-0.2869583688471079,0.4311260623210644,-0.3867833180898142,-0.43112725775063004,-0.38678277748975143,-0.43112745198928815,46.0,45.0,42.0,45.0,42.0,46.0,44.0,0,7.6152,0,8.0264,0,0,0,0,0,0,7.9672,0,8.0016
1776184397.0776145,8.4456,-6.498316065073175e-07,-0.2869583688471079,0.4311260623210644,-0.3867833180898142,-0.43112725775063004,-0.38678277748975143,-0.43112745198928815,46.0,45.0,42.0,45.0,42.0,46.0,44.0,1,0,0,0,7.676,0,0,7.5432,0,7.6984,0,0,0
1776184397.0776591,8.4456,-6.498316065073175e-07,-0.2869583688471079,0.4311260623210644,-0.3867833180898142,-0.43112725775063004,-0.38678277748975143,-0.43112745198928815,46.0,45.0,42.0,45.0,42.0,46.0,44.0,2,7.7616,0,7.816,0,0,0,0,0,0,7.688,0,7.6448
1776184397.0777009,8.4456,-6.498316065073175e-07,-0.2869583688471079,0.4311260623210644,-0.3867833180898142,-0.43112725775063004,-0.38678277748975143,-0.43112745198928815,46.0,45.0,42.0,45.0,42.0,46.0,44.0,3,0,0,0,7.5056,0,0,7.2288,0,7.932,0,0,0
1776184397.0777414,8.4456,-6.498316065073175e-07,-0.2869583688471079,0.4311260623210644,-0.3867833180898142,-0.43112725775063004,-0.38678277748975143,-0.43112745198928815,46.0,45.0,42.0,45.0,42.0,46.0,44.0,4,8.4456,0,7.5768,0,0,0,0,0,0,7.5664,0,7.5592
1776184397.0777817,8.4456,-6.498316065073175e-07,-0.2869583688471079,0.4311260623210644,-0.3867833180898142,-0.43112725775063004,-0.38678277748975143,-0.43112745198928815,46.0,45.0,42.0,45.0,42.0,46.0,44.0,5,0,0,0,7.5048,0,0,7.328,0,7.7816,0,0,0
1776184397.0778215,8.4456,-6.498316065073175e-07,-0.2869583688471079,0.4311260623210644,-0.3867833180898142,-0.43112725775063004,-0.38678277748975143,-0.43112745198928815,46.0,45.0,42.0,45.0,42.0,46.0,44.0,6,7.9832,0,7.6072,0,0,0,0,0,0,8.4,0,7.5168
1776184397.0778623,8.4456,-6.498316065073175e-07,-0.2869583688471079,0.4311260623210644,-0.3867833180898142,-0.43112725775063004,-0.38678277748975143,-0.43112745198928815,46.0,45.0,42.0,45.0,42.0,46.0,44.0,7,7.5016,0,7.6696,0,0,0,0,0,0,7.5152,0,7.5272
1776184397.077902,8.4456,-6.498316065073175e-07,-0.2869583688471079,0.4311260623210644,-0.3867833180898142,-0.43112725775063004,-0.38678277748975143,-0.43112745198928815,46.0,45.0,42.0,45.0,42.0,46.0,44.0,8,7.516,0,7.5168,0,0,0,0,0,0,7.5208,0,7.6688
1776184397.1286178,8.4456,-6.498316065073175e-07,-0.26021920147016575,0.4575035410746431,-0.4104476517280179,-0.4575047125956174,-0.4104471219399564,-0.45750490294950236,46.0,45.0,42.0,45.0,42.0,46.0,44.0,0,7.6152,0,8.0264,0,0,0,0,0,0,7.9672,0,8.0016
1776184397.1287355,8.4456,-6.498316065073175e-07,-0.26021920147016575,0.4575035410746431,-0.4104476517280179,-0.4575047125956174,-0.4104471219399564,-0.45750490294950236,46.0,45.0,42.0,45.0,42.0,46.0,44.0,1,0,0,0,7.676,0,0,7.5432,0,7.6984,0,0,0
1776184397.1289086,8.4456,-6.498316065073175e-07,-0.26021920147016575,0.4575035410746431,-0.4104476517280179,-0.4575047125956174,-0.4104471219399564,-0.45750490294950236,46.0,45.0,42.0,45.0,42.0,46.0,44.0,2,7.7616,0,7.816,0,0,0,0,0,0,7.688,0,7.6448
1776184397.1289973,8.4456,-6.498316065073175e-07,-0.26021920147016575,0.4575035410746431,-0.4104476517280179,-0.4575047125956174,-0.4104471219399564,-0.45750490294950236,46.0,45.0,42.0,45.0,42.0,46.0,44.0,3,0,0,0,7.5056,0,0,7.2288,0,7.932,0,0,0
1776184397.1290414,8.4456,-6.498316065073175e-07,-0.26021920147016575,0.4575035410746431,-0.4104476517280179,-0.4575047125956174,-0.4104471219399564,-0.45750490294950236,46.0,45.0,42.0,45.0,42.0,46.0,44.0,4,8.4456,0,7.5768,0,0,0,0,0,0,7.5664,0,7.5592
1776184397.1290824,8.4456,-6.498316065073175e-07,-0.26021920147016575,0.4575035410746431,-0.4104476517280179,-0.4575047125956174,-0.4104471219399564,-0.45750490294950236,46.0,45.0,42.0,45.0,42.0,46.0,44.0,5,0,0,0,7.5048,0,0,7.328,0,7.7816,0,0,0
1776184397.1291218,8.4456,-6.498316065073175e-07,-0.26021920147016575,0.4575035410746431,-0.4104476517280179,-0.4575047125956174,-0.4104471219399564,-0.45750490294950236,46.0,45.0,42.0,45.0,42.0,46.0,44.0,6,7.9832,0,7.6072,0,0,0,0,0,0,8.4,0,7.5168
1776184397.1291625,8.4456,-6.498316065073175e-07,-0.26021920147016575,0.4575035410746431,-0.4104476517280179,-0.4575047125956174,-0.4104471219399564,-0.45750490294950236,46.0,45.0,42.0,45.0,42.0,46.0,44.0,7,7.5016,0,7.6696,0,0,0,0,0,0,7.5152,0,7.5272
1776184397.129203,8.4456,-6.498316065073175e-07,-0.26021920147016575,0.4575035410746431,-0.4104476517280179,-0.4575047125956174,-0.4104471219399564,-0.45750490294950236,46.0,45.0,42.0,45.0,42.0,46.0,44.0,8,7.516,0,7.5168,0,0,0,0,0,0,7.5208,0,7.6688
1776184397.1802175,8.4464,-6.498316065073175e-07,-0.23401481744076244,0.48335347025315023,-0.43363869869345756,-0.4833546183437051,-0.4336381795011573,-0.4833548048905123,46.0,45.0,42.0,45.0,42.0,46.0,44.0,0,7.6136,0,8.0248,0,0,0,0,0,0,7.9672,0,8.0008
1776184397.1802871,8.4464,-6.498316065073175e-07,-0.23401481744076244,0.48335347025315023,-0.43363869869345756,-0.4833546183437051,-0.4336381795011573,-0.4833548048905123,46.0,45.0,42.0,45.0,42.0,46.0,44.0,1,0,0,0,7.676,0,0,7.544,0,7.6968,0,0,0
1776184397.1803312,8.4464,-6.498316065073175e-07,-0.23401481744076244,0.48335347025315023,-0.43363869869345756,-0.4833546183437051,-0.4336381795011573,-0.4833548048905123,46.0,45.0,42.0,45.0,42.0,46.0,44.0,2,7.76,0,7.816,0,0,0,0,0,0,7.6864,0,7.6448
1776184397.1803734,8.4464,-6.498316065073175e-07,-0.23401481744076244,0.48335347025315023,-0.43363869869345756,-0.4833546183437051,-0.4336381795011573,-0.4833548048905123,46.0,45.0,42.0,45.0,42.0,46.0,44.0,3,0,0,0,7.5072,0,0,7.228,0,7.9296,0,0,0
1776184397.1804142,8.4464,-6.498316065073175e-07,-0.23401481744076244,0.48335347025315023,-0.43363869869345756,-0.4833546183437051,-0.4336381795011573,-0.4833548048905123,46.0,45.0,42.0,45.0,42.0,46.0,44.0,4,8.4464,0,7.5768,0,0,0,0,0,0,7.5648,0,7.5584
1776184397.1804552,8.4464,-6.498316065073175e-07,-0.23401481744076244,0.48335347025315023,-0.43363869869345756,-0.4833546183437051,-0.4336381795011573,-0.4833548048905123,46.0,45.0,42.0,45.0,42.0,46.0,44.0,5,0,0,0,7.5048,0,0,7.3264,0,7.7808,0,0,0
1776184397.1804948,8.4464,-6.498316065073175e-07,-0.23401481744076244,0.48335347025315023,-0.43363869869345756,-0.4833546183437051,-0.4336381795011573,-0.4833548048905123,46.0,45.0,42.0,45.0,42.0,46.0,44.0,6,7.9824,0,7.608,0,0,0,0,0,0,8.4016,0,7.5168
1776184397.180535,8.4464,-6.498316065073175e-07,-0.23401481744076244,0.48335347025315023,-0.43363869869345756,-0.4833546183437051,-0.4336381795011573,-0.4833548048905123,46.0,45.0,42.0,45.0,42.0,46.0,44.0,7,7.5016,0,7.6704,0,0,0,0,0,0,7.5144,0,7.5272
1776184397.1805751,8.4464,-6.498316065073175e-07,-0.23401481744076244,0.48335347025315023,-0.43363869869345756,-0.4833546183437051,-0.4336381795011573,-0.4833548048905123,46.0,45.0,42.0,45.0,42.0,46.0,44.0,8,7.5176,0,7.516,0,0,0,0,0,0,7.5216,0,7.6696
1776184397.2318373,8.4464,-6.498316065073175e-07,-0.2083345210919472,0.5086864008480873,-0.4563659247195884,-0.508687525976831,-0.45636541591113416,-0.5086877087927021,46.0,45.0,42.0,45.0,42.0,46.0,44.0,0,7.6136,0,8.0248,0,0,0,0,0,0,7.9672,0,8.0008
1776184397.2319415,8.4464,-6.498316065073175e-07,-0.2083345210919472,0.5086864008480873,-0.4563659247195884,-0.508687525976831,-0.45636541591113416,-0.5086877087927021,46.0,45.0,42.0,45.0,42.0,46.0,44.0,1,0,0,0,7.676,0,0,7.544,0,7.6968,0,0,0
1776184397.23201,8.4464,-6.498316065073175e-07,-0.2083345210919472,0.5086864008480873,-0.4563659247195884,-0.508687525976831,-0.45636541591113416,-0.5086877087927021,46.0,45.0,42.0,45.0,42.0,46.0,44.0,2,7.76,0,7.816,0,0,0,0,0,0,7.6864,0,7.6448
1776184397.2320755,8.4464,-6.498316065073175e-07,-0.2083345210919472,0.5086864008480873,-0.4563659247195884,-0.508687525976831,-0.45636541591113416,-0.5086877087927021,46.0,45.0,42.0,45.0,42.0,46.0,44.0,3,0,0,0,7.5072,0,0,7.228,0,7.9296,0,0,0
1776184397.2321382,8.4464,-6.498316065073175e-07,-0.2083345210919472,0.5086864008480873,-0.4563659247195884,-0.508687525976831,-0.45636541591113416,-0.5086877087927021,46.0,45.0,42.0,45.0,42.0,46.0,44.0,4,8.4464,0,7.5768,0,0,0,0,0,0,7.5648,0,7.5584
1776184397.2322004,8.4464,-6.498316065073175e-07,-0.2083345210919472,0.5086864008480873,-0.4563659247195884,-0.508687525976831,-0.45636541591113416,-0.5086877087927021,46.0,45.0,42.0,45.0,42.0,46.0,44.0,5,0,0,0,7.5048,0,0,7.3264,0,7.7808,0,0,0
1776184397.232286,8.4464,-6.498316065073175e-07,-0.2083345210919472,0.5086864008480873,-0.4563659247195884,-0.508687525976831,-0.45636541591113416,-0.5086877087927021,46.0,45.0,42.0,45.0,42.0,46.0,44.0,6,7.9824,0,7.608,0,0,0,0,0,0,8.4016,0,7.5168
1776184397.2324228,8.4464,-6.498316065073175e-07,-0.2083345210919472,0.5086864008480873,-0.4563659247195884,-0.508687525976831,-0.45636541591113416,-0.5086877087927021,46.0,45.0,42.0,45.0,42.0,46.0,44.0,7,7.5016,0,7.6704,0,0,0,0,0,0,7.5144,0,7.5272
1776184397.2325268,8.4464,-6.498316065073175e-07,-0.2083345210919472,0.5086864008480873,-0.4563659247195884,-0.508687525976831,-0.45636541591113416,-0.5086877087927021,46.0,45.0,42.0,45.0,42.0,46.0,44.0,8,7.5176,0,7.516,0,0,0,0,0,0,7.5216,0,7.6696
1776184397.2834609,8.4464,-6.498316065073175e-07,-0.18316783067010825,0.5335126728311255,-0.47863860622519666,-0.5335137754572944,-0.4786381075929115,-0.533513954616848,46.0,45.0,42.0,45.0,42.0,46.0,44.0,0,7.6136,0,8.0248,0,0,0,0,0,0,7.9672,0,8.0008
1776184397.2835693,8.4464,-6.498316065073175e-07,-0.18316783067010825,0.5335126728311255,-0.47863860622519666,-0.5335137754572944,-0.4786381075929115,-0.533513954616848,46.0,45.0,42.0,45.0,42.0,46.0,44.0,1,0,0,0,7.676,0,0,7.544,0,7.6968,0,0,0
1776184397.2836356,8.4464,-6.498316065073175e-07,-0.18316783067010825,0.5335126728311255,-0.47863860622519666,-0.5335137754572944,-0.4786381075929115,-0.533513954616848,46.0,45.0,42.0,45.0,42.0,46.0,44.0,2,7.76,0,7.816,0,0,0,0,0,0,7.6864,0,7.6448
1776184397.2836788,8.4464,-6.498316065073175e-07,-0.18316783067010825,0.5335126728311255,-0.47863860622519666,-0.5335137754572944,-0.4786381075929115,-0.533513954616848,46.0,45.0,42.0,45.0,42.0,46.0,44.0,3,0,0,0,7.5072,0,0,7.228,0,7.9296,0,0,0
1776184397.2837186,8.4464,-6.498316065073175e-07,-0.18316783067010825,0.5335126728311255,-0.47863860622519666,-0.5335137754572944,-0.4786381075929115,-0.533513954616848,46.0,45.0,42.0,45.0,42.0,46.0,44.0,4,8.4464,0,7.5768,0,0,0,0,0,0,7.5648,0,7.5584
1776184397.283759,8.4464,-6.498316065073175e-07,-0.18316783067010825,0.5335126728311255,-0.47863860622519666,-0.5335137754572944,-0.4786381075929115,-0.533513954616848,46.0,45.0,42.0,45.0,42.0,46.0,44.0,5,0,0,0,7.5048,0,0,7.3264,0,7.7808,0,0,0
1776184397.2837982,8.4464,-6.498316065073175e-07,-0.18316783067010825,0.5335126728311255,-0.47863860622519666,-0.5335137754572944,-0.4786381075929115,-0.533513954616848,46.0,45.0,42.0,45.0,42.0,46.0,44.0,6,7.9824,0,7.608,0,0,0,0,0,0,8.4016,0,7.5168
1776184397.2839231,8.4464,-6.498316065073175e-07,-0.18316783067010825,0.5335126728311255,-0.47863860622519666,-0.5335137754572944,-0.4786381075929115,-0.533513954616848,46.0,45.0,42.0,45.0,42.0,46.0,44.0,7,7.5016,0,7.6704,0,0,0,0,0,0,7.5144,0,7.5272
1776184397.2840014,8.4464,-6.498316065073175e-07,-0.18316783067010825,0.5335126728311255,-0.47863860622519666,-0.5335137754572944,-0.4786381075929115,-0.533513954616848,46.0,45.0,42.0,45.0,42.0,46.0,44.0,8,7.5176,0,7.516,0,0,0,0,0,0,7.5216,0,7.6696
1776184397.3356516,8.4464,-6.498316065073175e-07,-0.1585044740567061,0.557842419374503,-0.5004658341006927,-0.5578434999481485,-0.5004653454410533,-0.5578436755245111,46.0,45.0,42.0,45.0,42.0,46.0,44.0,0,7.6136,0,8.0256,0,0,0,0,0,0,7.9664,0,8.0016
1776184397.3358092,8.4464,-6.498316065073175e-07,-0.1585044740567061,0.557842419374503,-0.5004658341006927,-0.5578434999481485,-0.5004653454410533,-0.5578436755245111,46.0,45.0,42.0,45.0,42.0,46.0,44.0,1,0,0,0,7.6736,0,0,7.5432,0,7.6976,0,0,0
1776184397.3359594,8.4464,-6.498316065073175e-07,-0.1585044740567061,0.557842419374503,-0.5004658341006927,-0.5578434999481485,-0.5004653454410533,-0.5578436755245111,46.0,45.0,42.0,45.0,42.0,46.0,44.0,2,7.7608,0,7.8168,0,0,0,0,0,0,7.6872,0,7.6448
1776184397.3361096,8.4464,-6.498316065073175e-07,-0.1585044740567061,0.557842419374503,-0.5004658341006927,-0.5578434999481485,-0.5004653454410533,-0.5578436755245111,46.0,45.0,42.0,45.0,42.0,46.0,44.0,3,0,0,0,7.5064,0,0,7.2288,0,7.9296,0,0,0
1776184397.336184,8.4464,-6.498316065073175e-07,-0.1585044740567061,0.557842419374503,-0.5004658341006927,-0.5578434999481485,-0.5004653454410533,-0.5578436755245111,46.0,45.0,42.0,45.0,42.0,46.0,44.0,4,8.4464,0,7.576,0,0,0,0,0,0,7.5656,0,7.5584
1776184397.336259,8.4464,-6.498316065073175e-07,-0.1585044740567061,0.557842419374503,-0.5004658341006927,-0.5578434999481485,-0.5004653454410533,-0.5578436755245111,46.0,45.0,42.0,45.0,42.0,46.0,44.0,5,0,0,0,7.504,0,0,7.3264,0,7.7792,0,0,0
1776184397.3363297,8.4464,-6.498316065073175e-07,-0.1585044740567061,0.557842419374503,-0.5004658341006927,-0.5578434999481485,-0.5004653454410533,-0.5578436755245111,46.0,45.0,42.0,45.0,42.0,46.0,44.0,6,7.984,0,7.6072,0,0,0,0,0,0,8.4016,0,7.516
1776184397.336403,8.4464,-6.498316065073175e-07,-0.1585044740567061,0.557842419374503,-0.5004658341006927,-0.5578434999481485,-0.5004653454410533,-0.5578436755245111,46.0,45.0,42.0,45.0,42.0,46.0,44.0,7,7.5016,0,7.6704,0,0,0,0,0,0,7.5144,0,7.5272
1776184397.3364751,8.4464,-6.498316065073175e-07,-0.1585044740567061,0.557842419374503,-0.5004658341006927,-0.5578434999481485,-0.5004653454410533,-0.5578436755245111,46.0,45.0,42.0,45.0,42.0,46.0,44.0,8,7.5168,0,7.516,0,0,0,0,0,0,7.5208,0,7.668
1776184397.388253,8.4464,-6.498316065073175e-07,-0.13433438457557195,0.5816855709870129,-0.5218565174186788,-0.5816866299491855,-0.5218560385322322,-0.5816868020140209,46.0,45.0,42.0,45.0,42.0,46.0,44.0,0,7.6136,0,8.0256,0,0,0,0,0,0,7.9664,0,8.0016
1776184397.38844,8.4464,-6.498316065073175e-07,-0.13433438457557195,0.5816855709870129,-0.5218565174186788,-0.5816866299491855,-0.5218560385322322,-0.5816868020140209,46.0,45.0,42.0,45.0,42.0,46.0,44.0,1,0,0,0,7.6736,0,0,7.5432,0,7.6976,0,0,0
1776184397.3885689,8.4464,-6.498316065073175e-07,-0.13433438457557195,0.5816855709870129,-0.5218565174186788,-0.5816866299491855,-0.5218560385322322,-0.5816868020140209,46.0,45.0,42.0,45.0,42.0,46.0,44.0,2,7.7608,0,7.8168,0,0,0,0,0,0,7.6872,0,7.6448
1776184397.3887596,8.4464,-6.498316065073175e-07,-0.13433438457557195,0.5816855709870129,-0.5218565174186788,-0.5816866299491855,-0.5218560385322322,-0.5816868020140209,46.0,45.0,42.0,45.0,42.0,46.0,44.0,3,0,0,0,7.5064,0,0,7.2288,0,7.9296,0,0,0
1776184397.3889198,8.4464,-6.498316065073175e-07,-0.13433438457557195,0.5816855709870129,-0.5218565174186788,-0.5816866299491855,-0.5218560385322322,-0.5816868020140209,46.0,45.0,42.0,45.0,42.0,46.0,44.0,4,8.4464,0,7.576,0,0,0,0,0,0,7.5656,0,7.5584
1776184397.3890595,8.4464,-6.498316065073175e-07,-0.13433438457557195,0.5816855709870129,-0.5218565174186788,-0.5816866299491855,-0.5218560385322322,-0.5816868020140209,46.0,45.0,42.0,45.0,42.0,46.0,44.0,5,0,0,0,7.504,0,0,7.3264,0,7.7792,0,0,0
1776184397.3891551,8.4464,-6.498316065073175e-07,-0.13433438457557195,0.5816855709870129,-0.5218565174186788,-0.5816866299491855,-0.5218560385322322,-0.5816868020140209,46.0,45.0,42.0,45.0,42.0,46.0,44.0,6,7.984,0,7.6072,0,0,0,0,0,0,8.4016,0,7.516
1776184397.3892314,8.4464,-6.498316065073175e-07,-0.13433438457557195,0.5816855709870129,-0.5218565174186788,-0.5816866299491855,-0.5218560385322322,-0.5816868020140209,46.0,45.0,42.0,45.0,42.0,46.0,44.0,7,7.5016,0,7.6704,0,0,0,0,0,0,7.5144,0,7.5272
1776184397.3893044,8.4464,-6.498316065073175e-07,-0.13433438457557195,0.5816855709870129,-0.5218565174186788,-0.5816866299491855,-0.5218560385322322,-0.5816868020140209,46.0,45.0,42.0,45.0,42.0,46.0,44.0,8,7.5168,0,7.516,0,0,0,0,0,0,7.5208,0,7.668
1776184397.4401972,8.4464,-6.498316065073175e-07,-0.11064769688406051,0.6050518595672727,-0.5428193870703052,-0.6050528973502018,-0.5428189177615875,-0.6050530659737405,46.0,45.0,42.0,45.0,42.0,46.0,44.0,0,7.6136,0,8.0264,0,0,0,0,0,0,7.9672,0,8.0016
1776184397.4402726,8.4464,-6.498316065073175e-07,-0.11064769688406051,0.6050518595672727,-0.5428193870703052,-0.6050528973502018,-0.5428189177615875,-0.6050530659737405,46.0,45.0,42.0,45.0,42.0,46.0,44.0,1,0,0,0,7.6744,0,0,7.5432,0,7.6968,0,0,0
1776184397.440326,8.4464,-6.498316065073175e-07,-0.11064769688406051,0.6050518595672727,-0.5428193870703052,-0.6050528973502018,-0.5428189177615875,-0.6050530659737405,46.0,45.0,42.0,45.0,42.0,46.0,44.0,2,7.7616,0,7.8168,0,0,0,0,0,0,7.6872,0,7.6456
1776184397.4403806,8.4464,-6.498316065073175e-07,-0.11064769688406051,0.6050518595672727,-0.5428193870703052,-0.6050528973502018,-0.5428189177615875,-0.6050530659737405,46.0,45.0,42.0,45.0,42.0,46.0,44.0,3,0,0,0,7.5072,0,0,7.228,0,7.9288,0,0,0
1776184397.4404352,8.4464,-6.498316065073175e-07,-0.11064769688406051,0.6050518595672727,-0.5428193870703052,-0.6050528973502018,-0.5428189177615875,-0.6050530659737405,46.0,45.0,42.0,45.0,42.0,46.0,44.0,4,8.4464,0,7.576,0,0,0,0,0,0,7.5664,0,7.5584
1776184397.4404907,8.4464,-6.498316065073175e-07,-0.11064769688406051,0.6050518595672727,-0.5428193870703052,-0.6050528973502018,-0.5428189177615875,-0.6050530659737405,46.0,45.0,42.0,45.0,42.0,46.0,44.0,5,0,0,0,7.5048,0,0,7.3256,0,7.7784,0,0,0
1776184397.4405444,8.4464,-6.498316065073175e-07,-0.11064769688406051,0.6050518595672727,-0.5428193870703052,-0.6050528973502018,-0.5428189177615875,-0.6050530659737405,46.0,45.0,42.0,45.0,42.0,46.0,44.0,6,7.9832,0,7.6072,0,0,0,0,0,0,8.4016,0,7.516
1776184397.4405994,8.4464,-6.498316065073175e-07,-0.11064769688406051,0.6050518595672727,-0.5428193870703052,-0.6050528973502018,-0.5428189177615875,-0.6050530659737405,46.0,45.0,42.0,45.0,42.0,46.0,44.0,7,7.5016,0,7.6704,0,0,0,0,0,0,7.5152,0,7.5272
1776184397.440654,8.4464,-6.498316065073175e-07,-0.11064769688406051,0.6050518595672727,-0.5428193870703052,-0.6050528973502018,-0.5428189177615875,-0.6050530659737405,46.0,45.0,42.0,45.0,42.0,46.0,44.0,8,7.5168,0,7.5152,0,0,0,0,0,0,7.5216,0,7.6688
1776184397.4918325,8.4464,-6.498316065073175e-07,-0.08743474294637929,0.6279508223759273,-0.5633629993288991,-0.6279518394031978,-0.5633625394063558,-0.6279520046542657,46.0,45.0,42.0,45.0,42.0,46.0,44.0,0,7.6136,0,8.0264,0,0,0,0,0,0,7.9672,0,8.0016
1776184397.4919186,8.4464,-6.498316065073175e-07,-0.08743474294637929,0.6279508223759273,-0.5633629993288991,-0.6279518394031978,-0.5633625394063558,-0.6279520046542657,46.0,45.0,42.0,45.0,42.0,46.0,44.0,1,0,0,0,7.6744,0,0,7.5432,0,7.6968,0,0,0
1776184397.4919724,8.4464,-6.498316065073175e-07,-0.08743474294637929,0.6279508223759273,-0.5633629993288991,-0.6279518394031978,-0.5633625394063558,-0.6279520046542657,46.0,45.0,42.0,45.0,42.0,46.0,44.0,2,7.7616,0,7.8168,0,0,0,0,0,0,7.6872,0,7.6456
1776184397.4920237,8.4464,-6.498316065073175e-07,-0.08743474294637929,0.6279508223759273,-0.5633629993288991,-0.6279518394031978,-0.5633625394063558,-0.6279520046542657,46.0,45.0,42.0,45.0,42.0,46.0,44.0,3,0,0,0,7.5072,0,0,7.228,0,7.9288,0,0,0
1776184397.4921665,8.4464,-6.498316065073175e-07,-0.08743474294637929,0.6279508223759273,-0.5633629993288991,-0.6279518394031978,-0.5633625394063558,-0.6279520046542657,46.0,45.0,42.0,45.0,42.0,46.0,44.0,4,8.4464,0,7.576,0,0,0,0,0,0,7.5664,0,7.5584
1776184397.49222,8.4464,-6.498316065073175e-07,-0.08743474294637929,0.6279508223759273,-0.5633629993288991,-0.6279518394031978,-0.5633625394063558,-0.6279520046542657,46.0,45.0,42.0,45.0,42.0,46.0,44.0,5,0,0,0,7.5048,0,0,7.3256,0,7.7784,0,0,0
1776184397.4922683,8.4464,-6.498316065073175e-07,-0.08743474294637929,0.6279508223759273,-0.5633629993288991,-0.6279518394031978,-0.5633625394063558,-0.6279520046542657,46.0,45.0,42.0,45.0,42.0,46.0,44.0,6,7.9832,0,7.6072,0,0,0,0,0,0,8.4016,0,7.516
1776184397.4923427,8.4464,-6.498316065073175e-07,-0.08743474294637929,0.6279508223759273,-0.5633629993288991,-0.6279518394031978,-0.5633625394063558,-0.6279520046542657,46.0,45.0,42.0,45.0,42.0,46.0,44.0,7,7.5016,0,7.6704,0,0,0,0,0,0,7.5152,0,7.5272
1776184397.4924362,8.4464,-6.498316065073175e-07,-0.08743474294637929,0.6279508223759273,-0.5633629993288991,-0.6279518394031978,-0.5633625394063558,-0.6279520046542657,46.0,45.0,42.0,45.0,42.0,46.0,44.0,8,7.5168,0,7.5152,0,0,0,0,0,0,7.5216,0,7.6688
1776184397.5439992,8.4464,-6.498316065073175e-07,-0.06468604808745171,0.6503918059284087,-0.5834957393423211,-0.6503928026151338,-0.5834952886182287,-0.6503929645611803,46.0,45.0,42.0,45.0,42.0,46.0,44.0,0,7.6136,0,8.0264,0,0,0,0,0,0,7.9672,0,8.0016
1776184397.544192,8.4464,-6.498316065073175e-07,-0.06468604808745171,0.6503918059284087,-0.5834957393423211,-0.6503928026151338,-0.5834952886182287,-0.6503929645611803,46.0,45.0,42.0,45.0,42.0,46.0,44.0,1,0,0,0,7.6744,0,0,7.5432,0,7.6968,0,0,0
1776184397.544269,8.4464,-6.498316065073175e-07,-0.06468604808745171,0.6503918059284087,-0.5834957393423211,-0.6503928026151338,-0.5834952886182287,-0.6503929645611803,46.0,45.0,42.0,45.0,42.0,46.0,44.0,2,7.7616,0,7.8168,0,0,0,0,0,0,7.6872,0,7.6456
1776184397.5443661,8.4464,-6.498316065073175e-07,-0.06468604808745171,0.6503918059284087,-0.5834957393423211,-0.6503928026151338,-0.5834952886182287,-0.6503929645611803,46.0,45.0,42.0,45.0,42.0,46.0,44.0,3,0,0,0,7.5072,0,0,7.228,0,7.9288,0,0,0
1776184397.5444674,8.4464,-6.498316065073175e-07,-0.06468604808745171,0.6503918059284087,-0.5834957393423211,-0.6503928026151338,-0.5834952886182287,-0.6503929645611803,46.0,45.0,42.0,45.0,42.0,46.0,44.0,4,8.4464,0,7.576,0,0,0,0,0,0,7.5664,0,7.5584
1776184397.5445683,8.4464,-6.498316065073175e-07,-0.06468604808745171,0.6503918059284087,-0.5834957393423211,-0.6503928026151338,-0.5834952886182287,-0.6503929645611803,46.0,45.0,42.0,45.0,42.0,46.0,44.0,5,0,0,0,7.5048,0,0,7.3256,0,7.7784,0,0,0
1776184397.5446684,8.4464,-6.498316065073175e-07,-0.06468604808745171,0.6503918059284087,-0.5834957393423211,-0.6503928026151338,-0.5834952886182287,-0.6503929645611803,46.0,45.0,42.0,45.0,42.0,46.0,44.0,6,7.9832,0,7.6072,0,0,0,0,0,0,8.4016,0,7.516
1776184397.5448418,8.4464,-6.498316065073175e-07,-0.06468604808745171,0.6503918059284087,-0.5834957393423211,-0.6503928026151338,-0.5834952886182287,-0.6503929645611803,46.0,45.0,42.0,45.0,42.0,46.0,44.0,7,7.5016,0,7.6704,0,0,0,0,0,0,7.5152,0,7.5272
1776184397.5449522,8.4464,-6.498316065073175e-07,-0.06468604808745171,0.6503918059284087,-0.5834957393423211,-0.6503928026151338,-0.5834952886182287,-0.6503929645611803,46.0,45.0,42.0,45.0,42.0,46.0,44.0,8,7.5168,0,7.5152,0,0,0,0,0,0,7.5216,0,7.6688
1776184397.5965083,8.4464,-6.498316065073175e-07,-0.04239232712570268,0.6723839698098405,-0.6032258245554747,-0.6723849465628311,-0.6032253828458641,-0.6723851052699568,46.0,45.0,42.0,45.0,42.0,46.0,44.0,0,7.6128,0,8.0256,0,0,0,0,0,0,7.968,0,8.0016
1776184397.5966132,8.4464,-6.498316065073175e-07,-0.04239232712570268,0.6723839698098405,-0.6032258245554747,-0.6723849465628311,-0.6032253828458641,-0.6723851052699568,46.0,45.0,42.0,45.0,42.0,46.0,44.0,1,0,0,0,7.6736,0,0,7.5416,0,7.696,0,0,0
1776184397.5966828,8.4464,-6.498316065073175e-07,-0.04239232712570268,0.6723839698098405,-0.6032258245554747,-0.6723849465628311,-0.6032253828458641,-0.6723851052699568,46.0,45.0,42.0,45.0,42.0,46.0,44.0,2,7.76,0,7.816,0,0,0,0,0,0,7.688,0,7.6448
1776184397.5968013,8.4464,-6.498316065073175e-07,-0.04239232712570268,0.6723839698098405,-0.6032258245554747,-0.6723849465628311,-0.6032253828458641,-0.6723851052699568,46.0,45.0,42.0,45.0,42.0,46.0,44.0,3,0,0,0,7.5064,0,0,7.2272,0,7.928,0,0,0
1776184397.596865,8.4464,-6.498316065073175e-07,-0.04239232712570268,0.6723839698098405,-0.6032258245554747,-0.6723849465628311,-0.6032253828458641,-0.6723851052699568,46.0,45.0,42.0,45.0,42.0,46.0,44.0,4,8.4464,0,7.576,0,0,0,0,0,0,7.5648,0,7.5592
1776184397.596928,8.4464,-6.498316065073175e-07,-0.04239232712570268,0.6723839698098405,-0.6032258245554747,-0.6723849465628311,-0.6032253828458641,-0.6723851052699568,46.0,45.0,42.0,45.0,42.0,46.0,44.0,5,0,0,0,7.5048,0,0,7.3272,0,7.7784,0,0,0
1776184397.596989,8.4464,-6.498316065073175e-07,-0.04239232712570268,0.6723839698098405,-0.6032258245554747,-0.6723849465628311,-0.6032253828458641,-0.6723851052699568,46.0,45.0,42.0,45.0,42.0,46.0,44.0,6,7.9832,0,7.6072,0,0,0,0,0,0,8.4,0,7.516
1776184397.5970998,8.4464,-6.498316065073175e-07,-0.04239232712570268,0.6723839698098405,-0.6032258245554747,-0.6723849465628311,-0.6032253828458641,-0.6723851052699568,46.0,45.0,42.0,45.0,42.0,46.0,44.0,7,7.5024,0,7.672,0,0,0,0,0,0,7.5144,0,7.5272
1776184397.5971649,8.4464,-6.498316065073175e-07,-0.04239232712570268,0.6723839698098405,-0.6032258245554747,-0.6723849465628311,-0.6032253828458641,-0.6723851052699568,46.0,45.0,42.0,45.0,42.0,46.0,44.0,8,7.5168,0,7.516,0,0,0,0,0,0,7.5208,0,7.6688
1776184397.6488783,8.4464,-6.498316065073175e-07,-0.020544480583188623,0.6939362904136437,-0.6225613080643652,-0.6939372476315745,-0.6225608751889469,-0.6939374031645577,46.0,45.0,42.0,45.0,42.0,46.0,44.0,0,7.6128,0,8.0256,0,0,0,0,0,0,7.968,0,8.0016
1776184397.6489859,8.4464,-6.498316065073175e-07,-0.020544480583188623,0.6939362904136437,-0.6225613080643652,-0.6939372476315745,-0.6225608751889469,-0.6939374031645577,46.0,45.0,42.0,45.0,42.0,46.0,44.0,1,0,0,0,7.6736,0,0,7.5416,0,7.696,0,0,0
1776184397.649055,8.4464,-6.498316065073175e-07,-0.020544480583188623,0.6939362904136437,-0.6225613080643652,-0.6939372476315745,-0.6225608751889469,-0.6939374031645577,46.0,45.0,42.0,45.0,42.0,46.0,44.0,2,7.76,0,7.816,0,0,0,0,0,0,7.688,0,7.6448
1776184397.6491199,8.4464,-6.498316065073175e-07,-0.020544480583188623,0.6939362904136437,-0.6225613080643652,-0.6939372476315745,-0.6225608751889469,-0.6939374031645577,46.0,45.0,42.0,45.0,42.0,46.0,44.0,3,0,0,0,7.5064,0,0,7.2272,0,7.928,0,0,0
1776184397.6491826,8.4464,-6.498316065073175e-07,-0.020544480583188623,0.6939362904136437,-0.6225613080643652,-0.6939372476315745,-0.6225608751889469,-0.6939374031645577,46.0,45.0,42.0,45.0,42.0,46.0,44.0,4,8.4464,0,7.576,0,0,0,0,0,0,7.5648,0,7.5592
1776184397.6492455,8.4464,-6.498316065073175e-07,-0.020544480583188623,0.6939362904136437,-0.6225613080643652,-0.6939372476315745,-0.6225608751889469,-0.6939374031645577,46.0,45.0,42.0,45.0,42.0,46.0,44.0,5,0,0,0,7.5048,0,0,7.3272,0,7.7784,0,0,0
1776184397.6493073,8.4464,-6.498316065073175e-07,-0.020544480583188623,0.6939362904136437,-0.6225613080643652,-0.6939372476315745,-0.6225608751889469,-0.6939374031645577,46.0,45.0,42.0,45.0,42.0,46.0,44.0,6,7.9832,0,7.6072,0,0,0,0,0,0,8.4,0,7.516
1776184397.6493707,8.4464,-6.498316065073175e-07,-0.020544480583188623,0.6939362904136437,-0.6225613080643652,-0.6939372476315745,-0.6225608751889469,-0.6939374031645577,46.0,45.0,42.0,45.0,42.0,46.0,44.0,7,7.5024,0,7.672,0,0,0,0,0,0,7.5144,0,7.5272
1776184397.6494586,8.4464,-6.498316065073175e-07,-0.020544480583188623,0.6939362904136437,-0.6225613080643652,-0.6939372476315745,-0.6225608751889469,-0.6939374031645577,46.0,45.0,42.0,45.0,42.0,46.0,44.0,8,7.5168,0,7.516,0,0,0,0,0,0,7.5208,0,7.6688
1776184397.7011695,8.4464,-6.498316065073175e-07,0.0008664090284751513,0.7150575646053708,-0.6415100819030779,-0.715058502678943,-0.641509657685168,-0.7150586551012665,46.0,45.0,42.0,45.0,42.0,46.0,44.0,0,7.6136,0,8.0256,0,0,0,0,0,0,7.9672,0,8.0008
1776184397.7012756,8.4464,-6.498316065073175e-07,0.0008664090284751513,0.7150575646053708,-0.6415100819030779,-0.715058502678943,-0.641509657685168,-0.7150586551012665,46.0,45.0,42.0,45.0,42.0,46.0,44.0,1,0,0,0,7.6744,0,0,7.5416,0,7.6952,0,0,0
1776184397.7013466,8.4464,-6.498316065073175e-07,0.0008664090284751513,0.7150575646053708,-0.6415100819030779,-0.715058502678943,-0.641509657685168,-0.7150586551012665,46.0,45.0,42.0,45.0,42.0,46.0,44.0,2,7.76,0,7.8176,0,0,0,0,0,0,7.688,0,7.6456
1776184397.701413,8.4464,-6.498316065073175e-07,0.0008664090284751513,0.7150575646053708,-0.6415100819030779,-0.715058502678943,-0.641509657685168,-0.7150586551012665,46.0,45.0,42.0,45.0,42.0,46.0,44.0,3,0,0,0,7.5064,0,0,7.2264,0,7.928,0,0,0
1776184397.7014751,8.4464,-6.498316065073175e-07,0.0008664090284751513,0.7150575646053708,-0.6415100819030779,-0.715058502678943,-0.641509657685168,-0.7150586551012665,46.0,45.0,42.0,45.0,42.0,46.0,44.0,4,8.4464,0,7.5768,0,0,0,0,0,0,7.5664,0,7.56
1776184397.7015707,8.4464,-6.498316065073175e-07,0.0008664090284751513,0.7150575646053708,-0.6415100819030779,-0.715058502678943,-0.641509657685168,-0.7150586551012665,46.0,45.0,42.0,45.0,42.0,46.0,44.0,5,0,0,0,7.5048,0,0,7.3224,0,7.7784,0,0,0
1776184397.7016776,8.4464,-6.498316065073175e-07,0.0008664090284751513,0.7150575646053708,-0.6415100819030779,-0.715058502678943,-0.641509657685168,-0.7150586551012665,46.0,45.0,42.0,45.0,42.0,46.0,44.0,6,7.9832,0,7.6072,0,0,0,0,0,0,8.4008,0,7.5168
1776184397.7017446,8.4464,-6.498316065073175e-07,0.0008664090284751513,0.7150575646053708,-0.6415100819030779,-0.715058502678943,-0.641509657685168,-0.7150586551012665,46.0,45.0,42.0,45.0,42.0,46.0,44.0,7,7.5008,0,7.6712,0,0,0,0,0,0,7.5152,0,7.5256
1776184397.7018082,8.4464,-6.498316065073175e-07,0.0008664090284751513,0.7150575646053708,-0.6415100819030779,-0.715058502678943,-0.641509657685168,-0.7150586551012665,46.0,45.0,42.0,45.0,42.0,46.0,44.0,8,7.5176,0,7.5168,0,0,0,0,0,0,7.5216,0,7.6688
1776184397.7533839,8.4464,-6.498316065073175e-07,0.021849080847905652,0.7357564133132635,-0.6600798802650163,-0.7357573326253641,-0.6600794645314646,-0.7357574819992412,46.0,45.0,42.0,45.0,42.0,46.0,44.0,0,7.6136,0,8.0256,0,0,0,0,0,0,7.9672,0,8.0008
1776184397.7535489,8.4464,-6.498316065073175e-07,0.021849080847905652,0.7357564133132635,-0.6600798802650163,-0.7357573326253641,-0.6600794645314646,-0.7357574819992412,46.0,45.0,42.0,45.0,42.0,46.0,44.0,1,0,0,0,7.6744,0,0,7.5416,0,7.6952,0,0,0
1776184397.7537098,8.4464,-6.498316065073175e-07,0.021849080847905652,0.7357564133132635,-0.6600798802650163,-0.7357573326253641,-0.6600794645314646,-0.7357574819992412,46.0,45.0,42.0,45.0,42.0,46.0,44.0,2,7.76,0,7.8176,0,0,0,0,0,0,7.688,0,7.6456
1776184397.7537792,8.4464,-6.498316065073175e-07,0.021849080847905652,0.7357564133132635,-0.6600798802650163,-0.7357573326253641,-0.6600794645314646,-0.7357574819992412,46.0,45.0,42.0,45.0,42.0,46.0,44.0,3,0,0,0,7.5064,0,0,7.2264,0,7.928,0,0,0
1776184397.7538426,8.4464,-6.498316065073175e-07,0.021849080847905652,0.7357564133132635,-0.6600798802650163,-0.7357573326253641,-0.6600794645314646,-0.7357574819992412,46.0,45.0,42.0,45.0,42.0,46.0,44.0,4,8.4464,0,7.5768,0,0,0,0,0,0,7.5664,0,7.56
1776184397.753906,8.4464,-6.498316065073175e-07,0.021849080847905652,0.7357564133132635,-0.6600798802650163,-0.7357573326253641,-0.6600794645314646,-0.7357574819992412,46.0,45.0,42.0,45.0,42.0,46.0,44.0,5,0,0,0,7.5048,0,0,7.3224,0,7.7784,0,0,0
1776184397.7539673,8.4464,-6.498316065073175e-07,0.021849080847905652,0.7357564133132635,-0.6600798802650163,-0.7357573326253641,-0.6600794645314646,-0.7357574819992412,46.0,45.0,42.0,45.0,42.0,46.0,44.0,6,7.9832,0,7.6072,0,0,0,0,0,0,8.4008,0,7.5168
1776184397.7540314,8.4464,-6.498316065073175e-07,0.021849080847905652,0.7357564133132635,-0.6600798802650163,-0.7357573326253641,-0.6600794645314646,-0.7357574819992412,46.0,45.0,42.0,45.0,42.0,46.0,44.0,7,7.5008,0,7.6712,0,0,0,0,0,0,7.5152,0,7.5256
1776184397.7540941,8.4464,-6.498316065073175e-07,0.021849080847905652,0.7357564133132635,-0.6600798802650163,-0.7357573326253641,-0.6600794645314646,-0.7357574819992412,46.0,45.0,42.0,45.0,42.0,46.0,44.0,8,7.5176,0,7.5168,0,0,0,0,0,0,7.5216,0,7.6688
1776184397.8067257,8.4464,-6.498316065073175e-07,0.04241209923094754,0.7560412850469982,-0.678278282659716,-0.7560421859728569,-0.6782778752408353,-0.7560423323592563,46.0,45.0,42.0,45.0,42.0,46.0,44.0,0,7.6136,0,8.0256,0,0,0,0,0,0,7.9672,0,8.0008
1776184397.8068352,8.4464,-6.498316065073175e-07,0.04241209923094754,0.7560412850469982,-0.678278282659716,-0.7560421859728569,-0.6782778752408353,-0.7560423323592563,46.0,45.0,42.0,45.0,42.0,46.0,44.0,1,0,0,0,7.6744,0,0,7.5416,0,7.6952,0,0,0
1776184397.8069637,8.4464,-6.498316065073175e-07,0.04241209923094754,0.7560412850469982,-0.678278282659716,-0.7560421859728569,-0.6782778752408353,-0.7560423323592563,46.0,45.0,42.0,45.0,42.0,46.0,44.0,2,7.76,0,7.8176,0,0,0,0,0,0,7.688,0,7.6456
1776184397.807139,8.4464,-6.498316065073175e-07,0.04241209923094754,0.7560412850469982,-0.678278282659716,-0.7560421859728569,-0.6782778752408353,-0.7560423323592563,46.0,45.0,42.0,45.0,42.0,46.0,44.0,3,0,0,0,7.5064,0,0,7.2264,0,7.928,0,0,0
1776184397.8072035,8.4464,-6.498316065073175e-07,0.04241209923094754,0.7560412850469982,-0.678278282659716,-0.7560421859728569,-0.6782778752408353,-0.7560423323592563,46.0,45.0,42.0,45.0,42.0,46.0,44.0,4,8.4464,0,7.5768,0,0,0,0,0,0,7.5664,0,7.56
1776184397.8072672,8.4464,-6.498316065073175e-07,0.04241209923094754,0.7560412850469982,-0.678278282659716,-0.7560421859728569,-0.6782778752408353,-0.7560423323592563,46.0,45.0,42.0,45.0,42.0,46.0,44.0,5,0,0,0,7.5048,0,0,7.3224,0,7.7784,0,0,0
1776184397.8073287,8.4464,-6.498316065073175e-07,0.04241209923094754,0.7560412850469982,-0.678278282659716,-0.7560421859728569,-0.6782778752408353,-0.7560423323592563,46.0,45.0,42.0,45.0,42.0,46.0,44.0,6,7.9832,0,7.6072,0,0,0,0,0,0,8.4008,0,7.5168
1776184397.8073924,8.4464,-6.498316065073175e-07,0.04241209923094754,0.7560412850469982,-0.678278282659716,-0.7560421859728569,-0.6782778752408353,-0.7560423323592563,46.0,45.0,42.0,45.0,42.0,46.0,44.0,7,7.5008,0,7.6712,0,0,0,0,0,0,7.5152,0,7.5256
1776184397.8074539,8.4464,-6.498316065073175e-07,0.04241209923094754,0.7560412850469982,-0.678278282659716,-0.7560421859728569,-0.6782778752408353,-0.7560423323592563,46.0,45.0,42.0,45.0,42.0,46.0,44.0,8,7.5176,0,7.5168,0,0,0,0,0,0,7.5216,0,7.6688
1776184397.858725,8.4464,-6.498316065073175e-07,0.0625638572463286,0.7759204593460582,-0.6961127170065217,-0.7759213422533997,-0.6961123177360186,-0.7759214857120712,46.0,45.0,42.0,45.0,42.0,46.0,44.0,0,7.6144,0,8.0248,0,0,0,0,0,0,7.968,0,8.0008
1776184397.8588285,8.4464,-6.498316065073175e-07,0.0625638572463286,0.7759204593460582,-0.6961127170065217,-0.7759213422533997,-0.6961123177360186,-0.7759214857120712,46.0,45.0,42.0,45.0,42.0,46.0,44.0,1,0,0,0,7.6712,0,0,7.5416,0,7.6952,0,0,0
1776184397.8588972,8.4464,-6.498316065073175e-07,0.0625638572463286,0.7759204593460582,-0.6961127170065217,-0.7759213422533997,-0.6961123177360186,-0.7759214857120712,46.0,45.0,42.0,45.0,42.0,46.0,44.0,2,7.76,0,7.8176,0,0,0,0,0,0,7.6856,0,7.6448
1776184397.858961,8.4464,-6.498316065073175e-07,0.0625638572463286,0.7759204593460582,-0.6961127170065217,-0.7759213422533997,-0.6961123177360186,-0.7759214857120712,46.0,45.0,42.0,45.0,42.0,46.0,44.0,3,0,0,0,7.5064,0,0,7.2272,0,7.9264,0,0,0
1776184397.8590238,8.4464,-6.498316065073175e-07,0.0625638572463286,0.7759204593460582,-0.6961127170065217,-0.7759213422533997,-0.6961123177360186,-0.7759214857120712,46.0,45.0,42.0,45.0,42.0,46.0,44.0,4,8.4464,0,7.576,0,0,0,0,0,0,7.5656,0,7.5584
1776184397.8591876,8.4464,-6.498316065073175e-07,0.0625638572463286,0.7759204593460582,-0.6961127170065217,-0.7759213422533997,-0.6961123177360186,-0.7759214857120712,46.0,45.0,42.0,45.0,42.0,46.0,44.0,5,0,0,0,7.504,0,0,7.3224,0,7.7768,0,0,0
1776184397.8594306,8.4464,-6.498316065073175e-07,0.0625638572463286,0.7759204593460582,-0.6961127170065217,-0.7759213422533997,-0.6961123177360186,-0.7759214857120712,46.0,45.0,42.0,45.0,42.0,46.0,44.0,6,7.984,0,7.6072,0,0,0,0,0,0,8.4008,0,7.5168
1776184397.859563,8.4464,-6.498316065073175e-07,0.0625638572463286,0.7759204593460582,-0.6961127170065217,-0.7759213422533997,-0.6961123177360186,-0.7759214857120712,46.0,45.0,42.0,45.0,42.0,46.0,44.0,7,7.5024,0,7.6704,0,0,0,0,0,0,7.5144,0,7.5264
1776184397.859629,8.4464,-6.498316065073175e-07,0.0625638572463286,0.7759204593460582,-0.6961127170065217,-0.7759213422533997,-0.6961123177360186,-0.7759214857120712,46.0,45.0,42.0,45.0,42.0,46.0,44.0,8,7.5184,0,7.5168,0,0,0,0,0,0,7.5216,0,7.6688
1776184397.9111338,8.4464,-6.498316065073175e-07,0.08231258010140202,0.7954020501591371,-0.7135904626663913,-0.7954029154083317,-0.7135900713812982,-0.7954030559978298,46.0,45.0,42.0,45.0,42.0,46.0,44.0,0,7.6144,0,8.0248,0,0,0,0,0,0,7.968,0,8.0008
1776184397.9113107,8.4464,-6.498316065073175e-07,0.08231258010140202,0.7954020501591371,-0.7135904626663913,-0.7954029154083317,-0.7135900713812982,-0.7954030559978298,46.0,45.0,42.0,45.0,42.0,46.0,44.0,1,0,0,0,7.6712,0,0,7.5416,0,7.6952,0,0,0
1776184397.9113922,8.4464,-6.498316065073175e-07,0.08231258010140202,0.7954020501591371,-0.7135904626663913,-0.7954029154083317,-0.7135900713812982,-0.7954030559978298,46.0,45.0,42.0,45.0,42.0,46.0,44.0,2,7.76,0,7.8176,0,0,0,0,0,0,7.6856,0,7.6448
1776184397.911482,8.4464,-6.498316065073175e-07,0.08231258010140202,0.7954020501591371,-0.7135904626663913,-0.7954029154083317,-0.7135900713812982,-0.7954030559978298,46.0,45.0,42.0,45.0,42.0,46.0,44.0,3,0,0,0,7.5064,0,0,7.2272,0,7.9264,0,0,0
1776184397.9115584,8.4464,-6.498316065073175e-07,0.08231258010140202,0.7954020501591371,-0.7135904626663913,-0.7954029154083317,-0.7135900713812982,-0.7954030559978298,46.0,45.0,42.0,45.0,42.0,46.0,44.0,4,8.4464,0,7.576,0,0,0,0,0,0,7.5656,0,7.5584
1776184397.9116867,8.4464,-6.498316065073175e-07,0.08231258010140202,0.7954020501591371,-0.7135904626663913,-0.7954029154083317,-0.7135900713812982,-0.7954030559978298,46.0,45.0,42.0,45.0,42.0,46.0,44.0,5,0,0,0,7.504,0,0,7.3224,0,7.7768,0,0,0
1776184397.911779,8.4464,-6.498316065073175e-07,0.08231258010140202,0.7954020501591371,-0.7135904626663913,-0.7954029154083317,-0.7135900713812982,-0.7954030559978298,46.0,45.0,42.0,45.0,42.0,46.0,44.0,6,7.984,0,7.6072,0,0,0,0,0,0,8.4008,0,7.5168
1776184397.9119022,8.4464,-6.498316065073175e-07,0.08231258010140202,0.7954020501591371,-0.7135904626663913,-0.7954029154083317,-0.7135900713812982,-0.7954030559978298,46.0,45.0,42.0,45.0,42.0,46.0,44.0,7,7.5024,0,7.6704,0,0,0,0,0,0,7.5144,0,7.5264
1776184397.9119754,8.4464,-6.498316065073175e-07,0.08231258010140202,0.7954020501591371,-0.7135904626663913,-0.7954029154083317,-0.7135900713812982,-0.7954030559978298,46.0,45.0,42.0,45.0,42.0,46.0,44.0,8,7.5184,0,7.5168,0,0,0,0,0,0,7.5216,0,7.6688
1776184397.9632683,8.4456,-6.498316065073175e-07,0.10166632849937399,0.8144940091559544,-0.7307186534130634,-0.8144948571001651,-0.7307182699536722,-0.8144949948778732,46.0,45.0,42.0,45.0,42.0,46.0,44.0,0,7.6136,0,8.0256,0,0,0,0,0,0,7.9672,0,8.0008
1776184397.9633746,8.4456,-6.498316065073175e-07,0.10166632849937399,0.8144940091559544,-0.7307186534130634,-0.8144948571001651,-0.7307182699536722,-0.8144949948778732,46.0,45.0,42.0,45.0,42.0,46.0,44.0,1,0,0,0,7.672,0,0,7.5416,0,7.696,0,0,0
1776184397.9634447,8.4456,-6.498316065073175e-07,0.10166632849937399,0.8144940091559544,-0.7307186534130634,-0.8144948571001651,-0.7307182699536722,-0.8144949948778732,46.0,45.0,42.0,45.0,42.0,46.0,44.0,2,7.7608,0,7.816,0,0,0,0,0,0,7.6864,0,7.6448
1776184397.9635105,8.4456,-6.498316065073175e-07,0.10166632849937399,0.8144940091559544,-0.7307186534130634,-0.8144948571001651,-0.7307182699536722,-0.8144949948778732,46.0,45.0,42.0,45.0,42.0,46.0,44.0,3,0,0,0,7.5064,0,0,7.2264,0,7.9264,0,0,0
1776184397.9635735,8.4456,-6.498316065073175e-07,0.10166632849937399,0.8144940091559544,-0.7307186534130634,-0.8144948571001651,-0.7307182699536722,-0.8144949948778732,46.0,45.0,42.0,45.0,42.0,46.0,44.0,4,8.4456,0,7.5744,0,0,0,0,0,0,7.5648,0,7.5576
1776184397.9636552,8.4456,-6.498316065073175e-07,0.10166632849937399,0.8144940091559544,-0.7307186534130634,-0.8144948571001651,-0.7307182699536722,-0.8144949948778732,46.0,45.0,42.0,45.0,42.0,46.0,44.0,5,0,0,0,7.5048,0,0,7.3224,0,7.7768,0,0,0
1776184397.9637609,8.4456,-6.498316065073175e-07,0.10166632849937399,0.8144940091559544,-0.7307186534130634,-0.8144948571001651,-0.7307182699536722,-0.8144949948778732,46.0,45.0,42.0,45.0,42.0,46.0,44.0,6,7.9832,0,7.6072,0,0,0,0,0,0,8.4008,0,7.5168
1776184397.9638867,8.4456,-6.498316065073175e-07,0.10166632849937399,0.8144940091559544,-0.7307186534130634,-0.8144948571001651,-0.7307182699536722,-0.8144949948778732,46.0,45.0,42.0,45.0,42.0,46.0,44.0,7,7.5008,0,7.6704,0,0,0,0,0,0,7.5144,0,7.5264
1776184397.96398,8.4456,-6.498316065073175e-07,0.10166632849937399,0.8144940091559544,-0.7307186534130634,-0.8144948571001651,-0.7307182699536722,-0.8144949948778732,46.0,45.0,42.0,45.0,42.0,46.0,44.0,8,7.5168,0,7.516,0,0,0,0,0,0,7.5216,0,7.6688
1776184398.0154903,8.4456,-6.498316065073175e-07,0.1206330019293865,0.8332041289728352,-0.7475042803448021,-0.8332049599581618,-0.7475039045545987,-0.8332050949803158,46.0,45.0,42.0,45.0,42.0,46.0,44.0,0,7.6136,0,8.0256,0,0,0,0,0,0,7.9672,0,8.0008
1776184398.0155969,8.4456,-6.498316065073175e-07,0.1206330019293865,0.8332041289728352,-0.7475042803448021,-0.8332049599581618,-0.7475039045545987,-0.8332050949803158,46.0,45.0,42.0,45.0,42.0,46.0,44.0,1,0,0,0,7.672,0,0,7.5416,0,7.696,0,0,0
1776184398.0156658,8.4456,-6.498316065073175e-07,0.1206330019293865,0.8332041289728352,-0.7475042803448021,-0.8332049599581618,-0.7475039045545987,-0.8332050949803158,46.0,45.0,42.0,45.0,42.0,46.0,44.0,2,7.7608,0,7.816,0,0,0,0,0,0,7.6864,0,7.6448
1776184398.0157306,8.4456,-6.498316065073175e-07,0.1206330019293865,0.8332041289728352,-0.7475042803448021,-0.8332049599581618,-0.7475039045545987,-0.8332050949803158,46.0,45.0,42.0,45.0,42.0,46.0,44.0,3,0,0,0,7.5064,0,0,7.2264,0,7.9264,0,0,0
1776184398.0157933,8.4456,-6.498316065073175e-07,0.1206330019293865,0.8332041289728352,-0.7475042803448021,-0.8332049599581618,-0.7475039045545987,-0.8332050949803158,46.0,45.0,42.0,45.0,42.0,46.0,44.0,4,8.4456,0,7.5744,0,0,0,0,0,0,7.5648,0,7.5576
1776184398.0158553,8.4456,-6.498316065073175e-07,0.1206330019293865,0.8332041289728352,-0.7475042803448021,-0.8332049599581618,-0.7475039045545987,-0.8332050949803158,46.0,45.0,42.0,45.0,42.0,46.0,44.0,5,0,0,0,7.5048,0,0,7.3224,0,7.7768,0,0,0
1776184398.0159175,8.4456,-6.498316065073175e-07,0.1206330019293865,0.8332041289728352,-0.7475042803448021,-0.8332049599581618,-0.7475039045545987,-0.8332050949803158,46.0,45.0,42.0,45.0,42.0,46.0,44.0,6,7.9832,0,7.6072,0,0,0,0,0,0,8.4008,0,7.5168
1776184398.0159805,8.4456,-6.498316065073175e-07,0.1206330019293865,0.8332041289728352,-0.7475042803448021,-0.8332049599581618,-0.7475039045545987,-0.8332050949803158,46.0,45.0,42.0,45.0,42.0,46.0,44.0,7,7.5008,0,7.6704,0,0,0,0,0,0,7.5144,0,7.5264
1776184398.016043,8.4456,-6.498316065073175e-07,0.1206330019293865,0.8332041289728352,-0.7475042803448021,-0.8332049599581618,-0.7475039045545987,-0.8332050949803158,46.0,45.0,42.0,45.0,42.0,46.0,44.0,8,7.5168,0,7.516,0,0,0,0,0,0,7.5216,0,7.6688
1776184398.067499,8.4456,-6.498316065073175e-07,0.13922034189079877,0.8515400463933785,-0.763954194737906,-0.8515408607589986,-0.7639538264635067,-0.8515409930807095,46.0,45.0,42.0,45.0,42.0,46.0,44.0,0,7.6136,0,8.0248,0,0,0,0,0,0,7.9664,0,8.0
1776184398.067603,8.4456,-6.498316065073175e-07,0.13922034189079877,0.8515400463933785,-0.763954194737906,-0.8515408607589986,-0.7639538264635067,-0.8515409930807095,46.0,45.0,42.0,45.0,42.0,46.0,44.0,1,0,0,0,7.672,0,0,7.5416,0,7.696,0,0,0
1776184398.0676715,8.4456,-6.498316065073175e-07,0.13922034189079877,0.8515400463933785,-0.763954194737906,-0.8515408607589986,-0.7639538264635067,-0.8515409930807095,46.0,45.0,42.0,45.0,42.0,46.0,44.0,2,7.7616,0,7.8168,0,0,0,0,0,0,7.6864,0,7.6448
1776184398.067871,8.4456,-6.498316065073175e-07,0.13922034189079877,0.8515400463933785,-0.763954194737906,-0.8515408607589986,-0.7639538264635067,-0.8515409930807095,46.0,45.0,42.0,45.0,42.0,46.0,44.0,3,0,0,0,7.5064,0,0,7.2256,0,7.9264,0,0,0
1776184398.0680041,8.4456,-6.498316065073175e-07,0.13922034189079877,0.8515400463933785,-0.763954194737906,-0.8515408607589986,-0.7639538264635067,-0.8515409930807095,46.0,45.0,42.0,45.0,42.0,46.0,44.0,4,8.4456,0,7.5752,0,0,0,0,0,0,7.5664,0,7.5592
1776184398.068073,8.4456,-6.498316065073175e-07,0.13922034189079877,0.8515400463933785,-0.763954194737906,-0.8515408607589986,-0.7639538264635067,-0.8515409930807095,46.0,45.0,42.0,45.0,42.0,46.0,44.0,5,0,0,0,7.5048,0,0,7.324,0,7.7752,0,0,0
1776184398.0681343,8.4456,-6.498316065073175e-07,0.13922034189079877,0.8515400463933785,-0.763954194737906,-0.8515408607589986,-0.7639538264635067,-0.8515409930807095,46.0,45.0,42.0,45.0,42.0,46.0,44.0,6,7.984,0,7.6072,0,0,0,0,0,0,8.4016,0,7.5168
1776184398.0681975,8.4456,-6.498316065073175e-07,0.13922034189079877,0.8515400463933785,-0.763954194737906,-0.8515408607589986,-0.7639538264635067,-0.8515409930807095,46.0,45.0,42.0,45.0,42.0,46.0,44.0,7,7.5016,0,7.6704,0,0,0,0,0,0,7.5152,0,7.5264
1776184398.06826,8.4456,-6.498316065073175e-07,0.13922034189079877,0.8515400463933785,-0.763954194737906,-0.8515408607589986,-0.7639538264635067,-0.8515409930807095,46.0,45.0,42.0,45.0,42.0,46.0,44.0,8,7.5168,0,7.516,0,0,0,0,0,0,7.5224,0,7.668
1776184398.1200686,8.4456,-6.498316065073175e-07,0.15743593505298278,0.869509245465511,-0.780075110843148,-0.8695100435438187,-0.7800747499342366,-0.8695101732190953,46.0,45.0,42.0,45.0,42.0,46.0,44.0,0,7.6136,0,8.0248,0,0,0,0,0,0,7.9664,0,8.0
1776184398.1202686,8.4456,-6.498316065073175e-07,0.15743593505298278,0.869509245465511,-0.780075110843148,-0.8695100435438187,-0.7800747499342366,-0.8695101732190953,46.0,45.0,42.0,45.0,42.0,46.0,44.0,1,0,0,0,7.672,0,0,7.5416,0,7.696,0,0,0
1776184398.1204026,8.4456,-6.498316065073175e-07,0.15743593505298278,0.869509245465511,-0.780075110843148,-0.8695100435438187,-0.7800747499342366,-0.8695101732190953,46.0,45.0,42.0,45.0,42.0,46.0,44.0,2,7.7616,0,7.8168,0,0,0,0,0,0,7.6864,0,7.6448
1776184398.1205447,8.4456,-6.498316065073175e-07,0.15743593505298278,0.869509245465511,-0.780075110843148,-0.8695100435438187,-0.7800747499342366,-0.8695101732190953,46.0,45.0,42.0,45.0,42.0,46.0,44.0,3,0,0,0,7.5064,0,0,7.2256,0,7.9264,0,0,0
1776184398.1207893,8.4456,-6.498316065073175e-07,0.15743593505298278,0.869509245465511,-0.780075110843148,-0.8695100435438187,-0.7800747499342366,-0.8695101732190953,46.0,45.0,42.0,45.0,42.0,46.0,44.0,4,8.4456,0,7.5752,0,0,0,0,0,0,7.5664,0,7.5592
1776184398.1209357,8.4456,-6.498316065073175e-07,0.15743593505298278,0.869509245465511,-0.780075110843148,-0.8695100435438187,-0.7800747499342366,-0.8695101732190953,46.0,45.0,42.0,45.0,42.0,46.0,44.0,5,0,0,0,7.5048,0,0,7.324,0,7.7752,0,0,0
1776184398.121117,8.4456,-6.498316065073175e-07,0.15743593505298278,0.869509245465511,-0.780075110843148,-0.8695100435438187,-0.7800747499342366,-0.8695101732190953,46.0,45.0,42.0,45.0,42.0,46.0,44.0,6,7.984,0,7.6072,0,0,0,0,0,0,8.4016,0,7.5168
1776184398.1212816,8.4456,-6.498316065073175e-07,0.15743593505298278,0.869509245465511,-0.780075110843148,-0.8695100435438187,-0.7800747499342366,-0.8695101732190953,46.0,45.0,42.0,45.0,42.0,46.0,44.0,7,7.5016,0,7.6704,0,0,0,0,0,0,7.5152,0,7.5264
1776184398.12143,8.4456,-6.498316065073175e-07,0.15743593505298278,0.869509245465511,-0.780075110843148,-0.8695100435438187,-0.7800747499342366,-0.8695101732190953,46.0,45.0,42.0,45.0,42.0,46.0,44.0,8,7.5168,0,7.516,0,0,0,0,0,0,7.5224,0,7.668
1776184398.1736035,8.4456,-6.498316065073175e-07,0.17528721635192313,0.8871190605562008,-0.795873608626285,-0.8871198426729423,-0.7958732549355519,-0.8871199697547134,46.0,45.0,42.0,45.0,42.0,46.0,44.0,0,7.6136,0,8.0248,0,0,0,0,0,0,7.9664,0,8.0
1776184398.1737418,8.4456,-6.498316065073175e-07,0.17528721635192313,0.8871190605562008,-0.795873608626285,-0.8871198426729423,-0.7958732549355519,-0.8871199697547134,46.0,45.0,42.0,45.0,42.0,46.0,44.0,1,0,0,0,7.672,0,0,7.5416,0,7.696,0,0,0
1776184398.1738718,8.4456,-6.498316065073175e-07,0.17528721635192313,0.8871190605562008,-0.795873608626285,-0.8871198426729423,-0.7958732549355519,-0.8871199697547134,46.0,45.0,42.0,45.0,42.0,46.0,44.0,2,7.7616,0,7.8168,0,0,0,0,0,0,7.6864,0,7.6448
1776184398.1740062,8.4456,-6.498316065073175e-07,0.17528721635192313,0.8871190605562008,-0.795873608626285,-0.8871198426729423,-0.7958732549355519,-0.8871199697547134,46.0,45.0,42.0,45.0,42.0,46.0,44.0,3,0,0,0,7.5064,0,0,7.2256,0,7.9264,0,0,0
1776184398.1741273,8.4456,-6.498316065073175e-07,0.17528721635192313,0.8871190605562008,-0.795873608626285,-0.8871198426729423,-0.7958732549355519,-0.8871199697547134,46.0,45.0,42.0,45.0,42.0,46.0,44.0,4,8.4456,0,7.5752,0,0,0,0,0,0,7.5664,0,7.5592
1776184398.174197,8.4456,-6.498316065073175e-07,0.17528721635192313,0.8871190605562008,-0.795873608626285,-0.8871198426729423,-0.7958732549355519,-0.8871199697547134,46.0,45.0,42.0,45.0,42.0,46.0,44.0,5,0,0,0,7.5048,0,0,7.324,0,7.7752,0,0,0
1776184398.1742597,8.4456,-6.498316065073175e-07,0.17528721635192313,0.8871190605562008,-0.795873608626285,-0.8871198426729423,-0.7958732549355519,-0.8871199697547134,46.0,45.0,42.0,45.0,42.0,46.0,44.0,6,7.984,0,7.6072,0,0,0,0,0,0,8.4016,0,7.5168
1776184398.1743236,8.4456,-6.498316065073175e-07,0.17528721635192313,0.8871190605562008,-0.795873608626285,-0.8871198426729423,-0.7958732549355519,-0.8871199697547134,46.0,45.0,42.0,45.0,42.0,46.0,44.0,7,7.5016,0,7.6704,0,0,0,0,0,0,7.5152,0,7.5264
1776184398.174387,8.4456,-6.498316065073175e-07,0.17528721635192313,0.8871190605562008,-0.795873608626285,-0.8871198426729423,-0.7958732549355519,-0.8871199697547134,46.0,45.0,42.0,45.0,42.0,46.0,44.0,8,7.5168,0,7.516,0,0,0,0,0,0,7.5224,0,7.668
1776184398.2257702,8.4456,-6.498316065073175e-07,0.19278147202488466,0.9043766793450768,-0.8113561364537593,-0.9043774458194834,-0.8113557898368409,-0.9043775703596192,46.0,45.0,42.0,45.0,42.0,46.0,44.0,0,7.6128,0,8.0248,0,0,0,0,0,0,7.9672,0,8.0008
1776184398.22595,8.4456,-6.498316065073175e-07,0.19278147202488466,0.9043766793450768,-0.8113561364537593,-0.9043774458194834,-0.8113557898368409,-0.9043775703596192,46.0,45.0,42.0,45.0,42.0,46.0,44.0,1,0,0,0,7.672,0,0,7.5416,0,7.6944,0,0,0
1776184398.226021,8.4456,-6.498316065073175e-07,0.19278147202488466,0.9043766793450768,-0.8113561364537593,-0.9043774458194834,-0.8113557898368409,-0.9043775703596192,46.0,45.0,42.0,45.0,42.0,46.0,44.0,2,7.7608,0,7.816,0,0,0,0,0,0,7.6872,0,7.6448
1776184398.226087,8.4456,-6.498316065073175e-07,0.19278147202488466,0.9043766793450768,-0.8113561364537593,-0.9043774458194834,-0.8113557898368409,-0.9043775703596192,46.0,45.0,42.0,45.0,42.0,46.0,44.0,3,0,0,0,7.5064,0,0,7.2224,0,7.9224,0,0,0
1776184398.2261493,8.4456,-6.498316065073175e-07,0.19278147202488466,0.9043766793450768,-0.8113561364537593,-0.9043774458194834,-0.8113557898368409,-0.9043775703596192,46.0,45.0,42.0,45.0,42.0,46.0,44.0,4,8.4456,0,7.5752,0,0,0,0,0,0,7.5656,0,7.5592
1776184398.226213,8.4456,-6.498316065073175e-07,0.19278147202488466,0.9043766793450768,-0.8113561364537593,-0.9043774458194834,-0.8113557898368409,-0.9043775703596192,46.0,45.0,42.0,45.0,42.0,46.0,44.0,5,0,0,0,7.5048,0,0,7.3184,0,7.7736,0,0,0
1776184398.2262735,8.4456,-6.498316065073175e-07,0.19278147202488466,0.9043766793450768,-0.8113561364537593,-0.9043774458194834,-0.8113557898368409,-0.9043775703596192,46.0,45.0,42.0,45.0,42.0,46.0,44.0,6,7.984,0,7.608,0,0,0,0,0,0,8.4008,0,7.5168
1776184398.2263365,8.4456,-6.498316065073175e-07,0.19278147202488466,0.9043766793450768,-0.8113561364537593,-0.9043774458194834,-0.8113557898368409,-0.9043775703596192,46.0,45.0,42.0,45.0,42.0,46.0,44.0,7,7.5016,0,7.6712,0,0,0,0,0,0,7.5152,0,7.5256
1776184398.2264009,8.4456,-6.498316065073175e-07,0.19278147202488466,0.9043766793450768,-0.8113561364537593,-0.9043774458194834,-0.8113557898368409,-0.9043775703596192,46.0,45.0,42.0,45.0,42.0,46.0,44.0,8,7.5176,0,7.516,0,0,0,0,0,0,7.5216,0,7.668
1776184398.2782419,8.4456,-6.498316065073175e-07,0.20992584258438696,0.9212891457581753,-0.8265290137246841,-0.9212898969030937,-0.8265286740401041,-0.9212900189524268,46.0,45.0,42.0,45.0,42.0,46.0,44.0,0,7.6128,0,8.0248,0,0,0,0,0,0,7.9672,0,8.0008
1776184398.2784095,8.4456,-6.498316065073175e-07,0.20992584258438696,0.9212891457581753,-0.8265290137246841,-0.9212898969030937,-0.8265286740401041,-0.9212900189524268,46.0,45.0,42.0,45.0,42.0,46.0,44.0,1,0,0,0,7.672,0,0,7.5416,0,7.6944,0,0,0
1776184398.2784817,8.4456,-6.498316065073175e-07,0.20992584258438696,0.9212891457581753,-0.8265290137246841,-0.9212898969030937,-0.8265286740401041,-0.9212900189524268,46.0,45.0,42.0,45.0,42.0,46.0,44.0,2,7.7608,0,7.816,0,0,0,0,0,0,7.6872,0,7.6448
1776184398.278548,8.4456,-6.498316065073175e-07,0.20992584258438696,0.9212891457581753,-0.8265290137246841,-0.9212898969030937,-0.8265286740401041,-0.9212900189524268,46.0,45.0,42.0,45.0,42.0,46.0,44.0,3,0,0,0,7.5064,0,0,7.2224,0,7.9224,0,0,0
1776184398.2786102,8.4456,-6.498316065073175e-07,0.20992584258438696,0.9212891457581753,-0.8265290137246841,-0.9212898969030937,-0.8265286740401041,-0.9212900189524268,46.0,45.0,42.0,45.0,42.0,46.0,44.0,4,8.4456,0,7.5752,0,0,0,0,0,0,7.5656,0,7.5592
1776184398.2786734,8.4456,-6.498316065073175e-07,0.20992584258438696,0.9212891457581753,-0.8265290137246841,-0.9212898969030937,-0.8265286740401041,-0.9212900189524268,46.0,45.0,42.0,45.0,42.0,46.0,44.0,5,0,0,0,7.5048,0,0,7.3184,0,7.7736,0,0,0
1776184398.2787356,8.4456,-6.498316065073175e-07,0.20992584258438696,0.9212891457581753,-0.8265290137246841,-0.9212898969030937,-0.8265286740401041,-0.9212900189524268,46.0,45.0,42.0,45.0,42.0,46.0,44.0,6,7.984,0,7.608,0,0,0,0,0,0,8.4008,0,7.5168
1776184398.278801,8.4456,-6.498316065073175e-07,0.20992584258438696,0.9212891457581753,-0.8265290137246841,-0.9212898969030937,-0.8265286740401041,-0.9212900189524268,46.0,45.0,42.0,45.0,42.0,46.0,44.0,7,7.5016,0,7.6712,0,0,0,0,0,0,7.5152,0,7.5256
1776184398.2788649,8.4456,-6.498316065073175e-07,0.20992584258438696,0.9212891457581753,-0.8265290137246841,-0.9212898969030937,-0.8265286740401041,-0.9212900189524268,46.0,45.0,42.0,45.0,42.0,46.0,44.0,8,7.5176,0,7.516,0,0,0,0,0,0,7.5216,0,7.668
1776184398.3300064,8.4448,-6.498316065073175e-07,0.22672732573269921,0.9378633628430119,-0.8413984334501905,-0.9378640989650319,-0.841398100559302,-0.9378642185733782,46.0,45.0,42.0,45.0,42.0,46.0,44.0,0,7.6152,0,8.0256,0,0,0,0,0,0,7.968,0,8.0008
1776184398.3301094,8.4448,-6.498316065073175e-07,0.22672732573269921,0.9378633628430119,-0.8413984334501905,-0.9378640989650319,-0.841398100559302,-0.9378642185733782,46.0,45.0,42.0,45.0,42.0,46.0,44.0,1,0,0,0,7.6712,0,0,7.5416,0,7.6944,0,0,0
1776184398.3301783,8.4448,-6.498316065073175e-07,0.22672732573269921,0.9378633628430119,-0.8413984334501905,-0.9378640989650319,-0.841398100559302,-0.9378642185733782,46.0,45.0,42.0,45.0,42.0,46.0,44.0,2,7.7608,0,7.8168,0,0,0,0,0,0,7.6864,0,7.6448
1776184398.3302438,8.4448,-6.498316065073175e-07,0.22672732573269921,0.9378633628430119,-0.8413984334501905,-0.9378640989650319,-0.841398100559302,-0.9378642185733782,46.0,45.0,42.0,45.0,42.0,46.0,44.0,3,0,0,0,7.5064,0,0,7.224,0,7.9224,0,0,0
1776184398.3303525,8.4448,-6.498316065073175e-07,0.22672732573269921,0.9378633628430119,-0.8413984334501905,-0.9378640989650319,-0.841398100559302,-0.9378642185733782,46.0,45.0,42.0,45.0,42.0,46.0,44.0,4,8.4448,0,7.5744,0,0,0,0,0,0,7.5664,0,7.5584
1776184398.3304164,8.4448,-6.498316065073175e-07,0.22672732573269921,0.9378633628430119,-0.8413984334501905,-0.9378640989650319,-0.841398100559302,-0.9378642185733782,46.0,45.0,42.0,45.0,42.0,46.0,44.0,5,0,0,0,7.5048,0,0,7.3184,0,7.7744,0,0,0
1776184398.3304772,8.4448,-6.498316065073175e-07,0.22672732573269921,0.9378633628430119,-0.8413984334501905,-0.9378640989650319,-0.841398100559302,-0.9378642185733782,46.0,45.0,42.0,45.0,42.0,46.0,44.0,6,7.9832,0,7.608,0,0,0,0,0,0,8.4008,0,7.5168
1776184398.3305407,8.4448,-6.498316065073175e-07,0.22672732573269921,0.9378633628430119,-0.8413984334501905,-0.9378640989650319,-0.841398100559302,-0.9378642185733782,46.0,45.0,42.0,45.0,42.0,46.0,44.0,7,7.5024,0,7.6704,0,0,0,0,0,0,7.5152,0,7.5264
1776184398.3306024,8.4448,-6.498316065073175e-07,0.22672732573269921,0.9378633628430119,-0.8413984334501905,-0.9378640989650319,-0.841398100559302,-0.9378642185733782,46.0,45.0,42.0,45.0,42.0,46.0,44.0,8,7.5176,0,7.5168,0,0,0,0,0,0,7.5208,0,7.6696
1776184398.382099,8.4448,-6.498316065073175e-07,0.24319277921804522,0.9541060955861517,-0.8559704647811867,-0.9541068169857312,-0.855970138548116,-0.9541069342019106,46.0,45.0,42.0,45.0,42.0,46.0,44.0,0,7.6152,0,8.0256,0,0,0,0,0,0,7.968,0,8.0008
1776184398.382204,8.4448,-6.498316065073175e-07,0.24319277921804522,0.9541060955861517,-0.8559704647811867,-0.9541068169857312,-0.855970138548116,-0.9541069342019106,46.0,45.0,42.0,45.0,42.0,46.0,44.0,1,0,0,0,7.6712,0,0,7.5416,0,7.6944,0,0,0
1776184398.382273,8.4448,-6.498316065073175e-07,0.24319277921804522,0.9541060955861517,-0.8559704647811867,-0.9541068169857312,-0.855970138548116,-0.9541069342019106,46.0,45.0,42.0,45.0,42.0,46.0,44.0,2,7.7608,0,7.8168,0,0,0,0,0,0,7.6864,0,7.6448
1776184398.3823385,8.4448,-6.498316065073175e-07,0.24319277921804522,0.9541060955861517,-0.8559704647811867,-0.9541068169857312,-0.855970138548116,-0.9541069342019106,46.0,45.0,42.0,45.0,42.0,46.0,44.0,3,0,0,0,7.5064,0,0,7.224,0,7.9224,0,0,0
1776184398.382401,8.4448,-6.498316065073175e-07,0.24319277921804522,0.9541060955861517,-0.8559704647811867,-0.9541068169857312,-0.855970138548116,-0.9541069342019106,46.0,45.0,42.0,45.0,42.0,46.0,44.0,4,8.4448,0,7.5744,0,0,0,0,0,0,7.5664,0,7.5584
1776184398.382463,8.4448,-6.498316065073175e-07,0.24319277921804522,0.9541060955861517,-0.8559704647811867,-0.9541068169857312,-0.855970138548116,-0.9541069342019106,46.0,45.0,42.0,45.0,42.0,46.0,44.0,5,0,0,0,7.5048,0,0,7.3184,0,7.7744,0,0,0
1776184398.3825235,8.4448,-6.498316065073175e-07,0.24319277921804522,0.9541060955861517,-0.8559704647811867,-0.9541068169857312,-0.855970138548116,-0.9541069342019106,46.0,45.0,42.0,45.0,42.0,46.0,44.0,6,7.9832,0,7.608,0,0,0,0,0,0,8.4008,0,7.5168
1776184398.3826237,8.4448,-6.498316065073175e-07,0.24319277921804522,0.9541060955861517,-0.8559704647811867,-0.9541068169857312,-0.855970138548116,-0.9541069342019106,46.0,45.0,42.0,45.0,42.0,46.0,44.0,7,7.5024,0,7.6704,0,0,0,0,0,0,7.5152,0,7.5264
1776184398.382695,8.4448,-6.498316065073175e-07,0.24319277921804522,0.9541060955861517,-0.8559704647811867,-0.9541068169857312,-0.855970138548116,-0.9541069342019106,46.0,45.0,42.0,45.0,42.0,46.0,44.0,8,7.5176,0,7.5168,0,0,0,0,0,0,7.5208,0,7.6696
1776184398.4340641,8.4456,-6.498316065073175e-07,0.2593289236336843,0.9700239736744286,-0.8702510554855629,-0.9700246806460165,-0.8702507357771536,-0.9700247955178724,46.0,45.0,42.0,45.0,42.0,46.0,44.0,0,7.6128,0,8.0256,0,0,0,0,0,0,7.9664,0,8.0008
1776184398.4341693,8.4456,-6.498316065073175e-07,0.2593289236336843,0.9700239736744286,-0.8702510554855629,-0.9700246806460165,-0.8702507357771536,-0.9700247955178724,46.0,45.0,42.0,45.0,42.0,46.0,44.0,1,0,0,0,7.672,0,0,7.5408,0,7.6944,0,0,0
1776184398.4342387,8.4456,-6.498316065073175e-07,0.2593289236336843,0.9700239736744286,-0.8702510554855629,-0.9700246806460165,-0.8702507357771536,-0.9700247955178724,46.0,45.0,42.0,45.0,42.0,46.0,44.0,2,7.76,0,7.8152,0,0,0,0,0,0,7.6856,0,7.6456
1776184398.4343038,8.4456,-6.498316065073175e-07,0.2593289236336843,0.9700239736744286,-0.8702510554855629,-0.9700246806460165,-0.8702507357771536,-0.9700247955178724,46.0,45.0,42.0,45.0,42.0,46.0,44.0,3,0,0,0,7.5056,0,0,7.2224,0,7.924,0,0,0
1776184398.4343662,8.4456,-6.498316065073175e-07,0.2593289236336843,0.9700239736744286,-0.8702510554855629,-0.9700246806460165,-0.8702507357771536,-0.9700247955178724,46.0,45.0,42.0,45.0,42.0,46.0,44.0,4,8.4456,0,7.5752,0,0,0,0,0,0,7.5664,0,7.5584
1776184398.4344294,8.4456,-6.498316065073175e-07,0.2593289236336843,0.9700239736744286,-0.8702510554855629,-0.9700246806460165,-0.8702507357771536,-0.9700247955178724,46.0,45.0,42.0,45.0,42.0,46.0,44.0,5,0,0,0,7.5056,0,0,7.3208,0,7.7736,0,0,0
1776184398.434605,8.4456,-6.498316065073175e-07,0.2593289236336843,0.9700239736744286,-0.8702510554855629,-0.9700246806460165,-0.8702507357771536,-0.9700247955178724,46.0,45.0,42.0,45.0,42.0,46.0,44.0,6,7.9832,0,7.6064,0,0,0,0,0,0,8.4008,0,7.516
1776184398.434673,8.4456,-6.498316065073175e-07,0.2593289236336843,0.9700239736744286,-0.8702510554855629,-0.9700246806460165,-0.8702507357771536,-0.9700247955178724,46.0,45.0,42.0,45.0,42.0,46.0,44.0,7,7.5008,0,7.6712,0,0,0,0,0,0,7.5152,0,7.5272
1776184398.4347365,8.4456,-6.498316065073175e-07,0.2593289236336843,0.9700239736744286,-0.8702510554855629,-0.9700246806460165,-0.8702507357771536,-0.9700247955178724,46.0,45.0,42.0,45.0,42.0,46.0,44.0,8,7.5168,0,7.5168,0,0,0,0,0,0,7.5216,0,7.6688
1776184398.4862888,8.4456,-6.498316065073175e-07,0.27514234516101066,0.9856234942009401,-0.8842460343758517,-0.9856241870330962,-0.8842457210616106,-0.9856242996075149,46.0,45.0,42.0,45.0,42.0,46.0,44.0,0,7.6128,0,8.0256,0,0,0,0,0,0,7.9664,0,8.0008
1776184398.4863963,8.4456,-6.498316065073175e-07,0.27514234516101066,0.9856234942009401,-0.8842460343758517,-0.9856241870330962,-0.8842457210616106,-0.9856242996075149,46.0,45.0,42.0,45.0,42.0,46.0,44.0,1,0,0,0,7.672,0,0,7.5408,0,7.6944,0,0,0
1776184398.4864664,8.4456,-6.498316065073175e-07,0.27514234516101066,0.9856234942009401,-0.8842460343758517,-0.9856241870330962,-0.8842457210616106,-0.9856242996075149,46.0,45.0,42.0,45.0,42.0,46.0,44.0,2,7.76,0,7.8152,0,0,0,0,0,0,7.6856,0,7.6456
1776184398.4865336,8.4456,-6.498316065073175e-07,0.27514234516101066,0.9856234942009401,-0.8842460343758517,-0.9856241870330962,-0.8842457210616106,-0.9856242996075149,46.0,45.0,42.0,45.0,42.0,46.0,44.0,3,0,0,0,7.5056,0,0,7.2224,0,7.924,0,0,0
1776184398.4866304,8.4456,-6.498316065073175e-07,0.27514234516101066,0.9856234942009401,-0.8842460343758517,-0.9856241870330962,-0.8842457210616106,-0.9856242996075149,46.0,45.0,42.0,45.0,42.0,46.0,44.0,4,8.4456,0,7.5752,0,0,0,0,0,0,7.5664,0,7.5584
1776184398.4867399,8.4456,-6.498316065073175e-07,0.27514234516101066,0.9856234942009401,-0.8842460343758517,-0.9856241870330962,-0.8842457210616106,-0.9856242996075149,46.0,45.0,42.0,45.0,42.0,46.0,44.0,5,0,0,0,7.5056,0,0,7.3208,0,7.7736,0,0,0
1776184398.486837,8.4456,-6.498316065073175e-07,0.27514234516101066,0.9856234942009401,-0.8842460343758517,-0.9856241870330962,-0.8842457210616106,-0.9856242996075149,46.0,45.0,42.0,45.0,42.0,46.0,44.0,6,7.9832,0,7.6064,0,0,0,0,0,0,8.4008,0,7.516
1776184398.4869864,8.4456,-6.498316065073175e-07,0.27514234516101066,0.9856234942009401,-0.8842460343758517,-0.9856241870330962,-0.8842457210616106,-0.9856242996075149,46.0,45.0,42.0,45.0,42.0,46.0,44.0,7,7.5008,0,7.6712,0,0,0,0,0,0,7.5152,0,7.5272
1776184398.4871006,8.4456,-6.498316065073175e-07,0.27514234516101066,0.9856234942009401,-0.8842460343758517,-0.9856241870330962,-0.8842457210616106,-0.9856242996075149,46.0,45.0,42.0,45.0,42.0,46.0,44.0,8,7.5168,0,7.5168,0,0,0,0,0,0,7.5216,0,7.6688
1776184398.5391307,8.4456,-6.498316065073175e-07,0.29063949825779045,1.0009110243169212,-0.8979611136883346,-1.0009117032924342,-0.8979608066403784,-1.0009118136153645,46.0,45.0,42.0,45.0,42.0,46.0,44.0,0,7.6128,0,8.0256,0,0,0,0,0,0,7.9664,0,8.0008
1776184398.539315,8.4456,-6.498316065073175e-07,0.29063949825779045,1.0009110243169212,-0.8979611136883346,-1.0009117032924342,-0.8979608066403784,-1.0009118136153645,46.0,45.0,42.0,45.0,42.0,46.0,44.0,1,0,0,0,7.672,0,0,7.5408,0,7.6944,0,0,0
1776184398.539439,8.4456,-6.498316065073175e-07,0.29063949825779045,1.0009110243169212,-0.8979611136883346,-1.0009117032924342,-0.8979608066403784,-1.0009118136153645,46.0,45.0,42.0,45.0,42.0,46.0,44.0,2,7.76,0,7.8152,0,0,0,0,0,0,7.6856,0,7.6456
1776184398.5395806,8.4456,-6.498316065073175e-07,0.29063949825779045,1.0009110243169212,-0.8979611136883346,-1.0009117032924342,-0.8979608066403784,-1.0009118136153645,46.0,45.0,42.0,45.0,42.0,46.0,44.0,3,0,0,0,7.5056,0,0,7.2224,0,7.924,0,0,0
1776184398.5396948,8.4456,-6.498316065073175e-07,0.29063949825779045,1.0009110243169212,-0.8979611136883346,-1.0009117032924342,-0.8979608066403784,-1.0009118136153645,46.0,45.0,42.0,45.0,42.0,46.0,44.0,4,8.4456,0,7.5752,0,0,0,0,0,0,7.5664,0,7.5584
1776184398.539798,8.4456,-6.498316065073175e-07,0.29063949825779045,1.0009110243169212,-0.8979611136883346,-1.0009117032924342,-0.8979608066403784,-1.0009118136153645,46.0,45.0,42.0,45.0,42.0,46.0,44.0,5,0,0,0,7.5056,0,0,7.3208,0,7.7736,0,0,0
1776184398.5398984,8.4456,-6.498316065073175e-07,0.29063949825779045,1.0009110243169212,-0.8979611136883346,-1.0009117032924342,-0.8979608066403784,-1.0009118136153645,46.0,45.0,42.0,45.0,42.0,46.0,44.0,6,7.9832,0,7.6064,0,0,0,0,0,0,8.4008,0,7.516
1776184398.540012,8.4456,-6.498316065073175e-07,0.29063949825779045,1.0009110243169212,-0.8979611136883346,-1.0009117032924342,-0.8979608066403784,-1.0009118136153645,46.0,45.0,42.0,45.0,42.0,46.0,44.0,7,7.5008,0,7.6712,0,0,0,0,0,0,7.5152,0,7.5272
1776184398.5401244,8.4456,-6.498316065073175e-07,0.29063949825779045,1.0009110243169212,-0.8979611136883346,-1.0009117032924342,-0.8979608066403784,-1.0009118136153645,46.0,45.0,42.0,45.0,42.0,46.0,44.0,8,7.5168,0,7.5168,0,0,0,0,0,0,7.5216,0,7.6688
1776184398.5918286,8.4448,-6.498316065073175e-07,0.30582670829263464,1.0158928038305828,-0.911401891414568,-1.0158934692265855,-0.9114015905075707,-1.0158935773430573,46.0,45.0,42.0,45.0,42.0,46.0,44.0,0,7.6128,0,8.0248,0,0,0,0,0,0,7.9648,0,8.0
1776184398.5919955,8.4448,-6.498316065073175e-07,0.30582670829263464,1.0158928038305828,-0.911401891414568,-1.0158934692265855,-0.9114015905075707,-1.0158935773430573,46.0,45.0,42.0,45.0,42.0,46.0,44.0,1,0,0,0,7.6712,0,0,7.5408,0,7.6936,0,0,0
1776184398.592118,8.4448,-6.498316065073175e-07,0.30582670829263464,1.0158928038305828,-0.911401891414568,-1.0158934692265855,-0.9114015905075707,-1.0158935773430573,46.0,45.0,42.0,45.0,42.0,46.0,44.0,2,7.7608,0,7.816,0,0,0,0,0,0,7.6864,0,7.6456
1776184398.5922248,8.4448,-6.498316065073175e-07,0.30582670829263464,1.0158928038305828,-0.911401891414568,-1.0158934692265855,-0.9114015905075707,-1.0158935773430573,46.0,45.0,42.0,45.0,42.0,46.0,44.0,3,0,0,0,7.5064,0,0,7.2232,0,7.9224,0,0,0
1776184398.5923429,8.4448,-6.498316065073175e-07,0.30582670829263464,1.0158928038305828,-0.911401891414568,-1.0158934692265855,-0.9114015905075707,-1.0158935773430573,46.0,45.0,42.0,45.0,42.0,46.0,44.0,4,8.4448,0,7.5752,0,0,0,0,0,0,7.5648,0,7.5576
1776184398.5924087,8.4448,-6.498316065073175e-07,0.30582670829263464,1.0158928038305828,-0.911401891414568,-1.0158934692265855,-0.9114015905075707,-1.0158935773430573,46.0,45.0,42.0,45.0,42.0,46.0,44.0,5,0,0,0,7.5048,0,0,7.3192,0,7.7728,0,0,0
1776184398.5925117,8.4448,-6.498316065073175e-07,0.30582670829263464,1.0158928038305828,-0.911401891414568,-1.0158934692265855,-0.9114015905075707,-1.0158935773430573,46.0,45.0,42.0,45.0,42.0,46.0,44.0,6,7.9832,0,7.6072,0,0,0,0,0,0,8.4008,0,7.5168
1776184398.592619,8.4448,-6.498316065073175e-07,0.30582670829263464,1.0158928038305828,-0.911401891414568,-1.0158934692265855,-0.9114015905075707,-1.0158935773430573,46.0,45.0,42.0,45.0,42.0,46.0,44.0,7,7.5008,0,7.6712,0,0,0,0,0,0,7.5144,0,7.5256
1776184398.5927954,8.4448,-6.498316065073175e-07,0.30582670829263464,1.0158928038305828,-0.911401891414568,-1.0158934692265855,-0.9114015905075707,-1.0158935773430573,46.0,45.0,42.0,45.0,42.0,46.0,44.0,8,7.516,0,7.5168,0,0,0,0,0,0,7.5208,0,7.6688
1776184398.644441,8.4448,-6.498316065073175e-07,0.32071017412678193,1.0305749477539712,-0.9245738535862766,-1.0305755998420538,-0.9245735586974193,-1.0305757057961962,46.0,45.0,42.0,45.0,42.0,46.0,44.0,0,7.6128,0,8.0248,0,0,0,0,0,0,7.9648,0,8.0
1776184398.6445982,8.4448,-6.498316065073175e-07,0.32071017412678193,1.0305749477539712,-0.9245738535862766,-1.0305755998420538,-0.9245735586974193,-1.0305757057961962,46.0,45.0,42.0,45.0,42.0,46.0,44.0,1,0,0,0,7.6712,0,0,7.5408,0,7.6936,0,0,0
1776184398.6448174,8.4448,-6.498316065073175e-07,0.32071017412678193,1.0305749477539712,-0.9245738535862766,-1.0305755998420538,-0.9245735586974193,-1.0305757057961962,46.0,45.0,42.0,45.0,42.0,46.0,44.0,2,7.7608,0,7.816,0,0,0,0,0,0,7.6864,0,7.6456
1776184398.6450272,8.4448,-6.498316065073175e-07,0.32071017412678193,1.0305749477539712,-0.9245738535862766,-1.0305755998420538,-0.9245735586974193,-1.0305757057961962,46.0,45.0,42.0,45.0,42.0,46.0,44.0,3,0,0,0,7.5064,0,0,7.2232,0,7.9224,0,0,0
1776184398.6450965,8.4448,-6.498316065073175e-07,0.32071017412678193,1.0305749477539712,-0.9245738535862766,-1.0305755998420538,-0.9245735586974193,-1.0305757057961962,46.0,45.0,42.0,45.0,42.0,46.0,44.0,4,8.4448,0,7.5752,0,0,0,0,0,0,7.5648,0,7.5576
1776184398.6451616,8.4448,-6.498316065073175e-07,0.32071017412678193,1.0305749477539712,-0.9245738535862766,-1.0305755998420538,-0.9245735586974193,-1.0305757057961962,46.0,45.0,42.0,45.0,42.0,46.0,44.0,5,0,0,0,7.5048,0,0,7.3192,0,7.7728,0,0,0
1776184398.6452239,8.4448,-6.498316065073175e-07,0.32071017412678193,1.0305749477539712,-0.9245738535862766,-1.0305755998420538,-0.9245735586974193,-1.0305757057961962,46.0,45.0,42.0,45.0,42.0,46.0,44.0,6,7.9832,0,7.6072,0,0,0,0,0,0,8.4008,0,7.5168
1776184398.6452873,8.4448,-6.498316065073175e-07,0.32071017412678193,1.0305749477539712,-0.9245738535862766,-1.0305755998420538,-0.9245735586974193,-1.0305757057961962,46.0,45.0,42.0,45.0,42.0,46.0,44.0,7,7.5008,0,7.6712,0,0,0,0,0,0,7.5144,0,7.5256
1776184398.6453502,8.4448,-6.498316065073175e-07,0.32071017412678193,1.0305749477539712,-0.9245738535862766,-1.0305755998420538,-0.9245735586974193,-1.0305757057961962,46.0,45.0,42.0,45.0,42.0,46.0,44.0,8,7.516,0,7.5168,0,0,0,0,0,0,7.5208,0,7.6688
1776184398.6972632,8.444,-6.498316065073175e-07,0.3352959706442463,1.0449634487988917,-0.9374823765145511,-1.0449640878452127,-0.937482087523471,-1.0449641916802723,46.0,45.0,42.0,45.0,42.0,46.0,44.0,0,7.6136,0,8.0256,0,0,0,0,0,0,7.9672,0,8.0008
1776184398.6973798,8.444,-6.498316065073175e-07,0.3352959706442463,1.0449634487988917,-0.9374823765145511,-1.0449640878452127,-0.937482087523471,-1.0449641916802723,46.0,45.0,42.0,45.0,42.0,46.0,44.0,1,0,0,0,7.6704,0,0,7.54,0,7.6936,0,0,0
1776184398.6974506,8.444,-6.498316065073175e-07,0.3352959706442463,1.0449634487988917,-0.9374823765145511,-1.0449640878452127,-0.937482087523471,-1.0449641916802723,46.0,45.0,42.0,45.0,42.0,46.0,44.0,2,7.7608,0,7.8168,0,0,0,0,0,0,7.6864,0,7.6456
1776184398.6975172,8.444,-6.498316065073175e-07,0.3352959706442463,1.0449634487988917,-0.9374823765145511,-1.0449640878452127,-0.937482087523471,-1.0449641916802723,46.0,45.0,42.0,45.0,42.0,46.0,44.0,3,0,0,0,7.5064,0,0,7.2232,0,7.9232,0,0,0
1776184398.6975842,8.444,-6.498316065073175e-07,0.3352959706442463,1.0449634487988917,-0.9374823765145511,-1.0449640878452127,-0.937482087523471,-1.0449641916802723,46.0,45.0,42.0,45.0,42.0,46.0,44.0,4,8.444,0,7.5744,0,0,0,0,0,0,7.5664,0,7.5584
1776184398.6976497,8.444,-6.498316065073175e-07,0.3352959706442463,1.0449634487988917,-0.9374823765145511,-1.0449640878452127,-0.937482087523471,-1.0449641916802723,46.0,45.0,42.0,45.0,42.0,46.0,44.0,5,0,0,0,7.504,0,0,7.3168,0,7.772,0,0,0
1776184398.697711,8.444,-6.498316065073175e-07,0.3352959706442463,1.0449634487988917,-0.9374823765145511,-1.0449640878452127,-0.937482087523471,-1.0449641916802723,46.0,45.0,42.0,45.0,42.0,46.0,44.0,6,7.9824,0,7.6088,0,0,0,0,0,0,8.4016,0,7.5168
1776184398.697821,8.444,-6.498316065073175e-07,0.3352959706442463,1.0449634487988917,-0.9374823765145511,-1.0449640878452127,-0.937482087523471,-1.0449641916802723,46.0,45.0,42.0,45.0,42.0,46.0,44.0,7,7.5008,0,7.6704,0,0,0,0,0,0,7.5144,0,7.5264
1776184398.6978858,8.444,-6.498316065073175e-07,0.3352959706442463,1.0449634487988917,-0.9374823765145511,-1.0449640878452127,-0.937482087523471,-1.0449641916802723,46.0,45.0,42.0,45.0,42.0,46.0,44.0,8,7.5176,0,7.516,0,0,0,0,0,0,7.5216,0,7.6696
1776184398.749469,8.444,-6.498316065073175e-07,0.3495900512313614,1.059064179822914,-0.9501327289842602,-1.0590648060883083,-0.9501324457730015,-1.059064907846667,46.0,45.0,42.0,45.0,42.0,46.0,44.0,0,7.6136,0,8.0256,0,0,0,0,0,0,7.9672,0,8.0008
1776184398.7495747,8.444,-6.498316065073175e-07,0.3495900512313614,1.059064179822914,-0.9501327289842602,-1.0590648060883083,-0.9501324457730015,-1.059064907846667,46.0,45.0,42.0,45.0,42.0,46.0,44.0,1,0,0,0,7.6704,0,0,7.54,0,7.6936,0,0,0
1776184398.7496448,8.444,-6.498316065073175e-07,0.3495900512313614,1.059064179822914,-0.9501327289842602,-1.0590648060883083,-0.9501324457730015,-1.059064907846667,46.0,45.0,42.0,45.0,42.0,46.0,44.0,2,7.7608,0,7.8168,0,0,0,0,0,0,7.6864,0,7.6456
1776184398.7497103,8.444,-6.498316065073175e-07,0.3495900512313614,1.059064179822914,-0.9501327289842602,-1.0590648060883083,-0.9501324457730015,-1.059064907846667,46.0,45.0,42.0,45.0,42.0,46.0,44.0,3,0,0,0,7.5064,0,0,7.2232,0,7.9232,0,0,0
1776184398.749773,8.444,-6.498316065073175e-07,0.3495900512313614,1.059064179822914,-0.9501327289842602,-1.0590648060883083,-0.9501324457730015,-1.059064907846667,46.0,45.0,42.0,45.0,42.0,46.0,44.0,4,8.444,0,7.5744,0,0,0,0,0,0,7.5664,0,7.5584
1776184398.7498355,8.444,-6.498316065073175e-07,0.3495900512313614,1.059064179822914,-0.9501327289842602,-1.0590648060883083,-0.9501324457730015,-1.059064907846667,46.0,45.0,42.0,45.0,42.0,46.0,44.0,5,0,0,0,7.504,0,0,7.3168,0,7.772,0,0,0
1776184398.7498963,8.444,-6.498316065073175e-07,0.3495900512313614,1.059064179822914,-0.9501327289842602,-1.0590648060883083,-0.9501324457730015,-1.059064907846667,46.0,45.0,42.0,45.0,42.0,46.0,44.0,6,7.9824,0,7.6088,0,0,0,0,0,0,8.4016,0,7.5168
1776184398.7499592,8.444,-6.498316065073175e-07,0.3495900512313614,1.059064179822914,-0.9501327289842602,-1.0590648060883083,-0.9501324457730015,-1.059064907846667,46.0,45.0,42.0,45.0,42.0,46.0,44.0,7,7.5008,0,7.6704,0,0,0,0,0,0,7.5144,0,7.5264
1776184398.7500212,8.444,-6.498316065073175e-07,0.3495900512313614,1.059064179822914,-0.9501327289842602,-1.0590648060883083,-0.9501324457730015,-1.059064907846667,46.0,45.0,42.0,45.0,42.0,46.0,44.0,8,7.5176,0,7.516,0,0,0,0,0,0,7.5216,0,7.6696
1776184398.8013928,8.444,-6.498316065073175e-07,0.36359825020673414,1.0728828962264556,-0.9625300744045749,-1.0728835099665421,-0.9625297968575415,-1.0728836096897336,46.0,45.0,42.0,45.0,42.0,46.0,44.0,0,7.6136,0,8.0256,0,0,0,0,0,0,7.9672,0,8.0008
1776184398.8015773,8.444,-6.498316065073175e-07,0.36359825020673414,1.0728828962264556,-0.9625300744045749,-1.0728835099665421,-0.9625297968575415,-1.0728836096897336,46.0,45.0,42.0,45.0,42.0,46.0,44.0,1,0,0,0,7.6704,0,0,7.54,0,7.6936,0,0,0
1776184398.8016884,8.444,-6.498316065073175e-07,0.36359825020673414,1.0728828962264556,-0.9625300744045749,-1.0728835099665421,-0.9625297968575415,-1.0728836096897336,46.0,45.0,42.0,45.0,42.0,46.0,44.0,2,7.7608,0,7.8168,0,0,0,0,0,0,7.6864,0,7.6456
1776184398.8018084,8.444,-6.498316065073175e-07,0.36359825020673414,1.0728828962264556,-0.9625300744045749,-1.0728835099665421,-0.9625297968575415,-1.0728836096897336,46.0,45.0,42.0,45.0,42.0,46.0,44.0,3,0,0,0,7.5064,0,0,7.2232,0,7.9232,0,0,0
1776184398.8018744,8.444,-6.498316065073175e-07,0.36359825020673414,1.0728828962264556,-0.9625300744045749,-1.0728835099665421,-0.9625297968575415,-1.0728836096897336,46.0,45.0,42.0,45.0,42.0,46.0,44.0,4,8.444,0,7.5744,0,0,0,0,0,0,7.5664,0,7.5584
1776184398.8019378,8.444,-6.498316065073175e-07,0.36359825020673414,1.0728828962264556,-0.9625300744045749,-1.0728835099665421,-0.9625297968575415,-1.0728836096897336,46.0,45.0,42.0,45.0,42.0,46.0,44.0,5,0,0,0,7.504,0,0,7.3168,0,7.772,0,0,0
1776184398.8019986,8.444,-6.498316065073175e-07,0.36359825020673414,1.0728828962264556,-0.9625300744045749,-1.0728835099665421,-0.9625297968575415,-1.0728836096897336,46.0,45.0,42.0,45.0,42.0,46.0,44.0,6,7.9824,0,7.6088,0,0,0,0,0,0,8.4016,0,7.5168
1776184398.8020618,8.444,-6.498316065073175e-07,0.36359825020673414,1.0728828962264556,-0.9625300744045749,-1.0728835099665421,-0.9625297968575415,-1.0728836096897336,46.0,45.0,42.0,45.0,42.0,46.0,44.0,7,7.5008,0,7.6704,0,0,0,0,0,0,7.5144,0,7.5264
1776184398.8021238,8.444,-6.498316065073175e-07,0.36359825020673414,1.0728828962264556,-0.9625300744045749,-1.0728835099665421,-0.9625297968575415,-1.0728836096897336,46.0,45.0,42.0,45.0,42.0,46.0,44.0,8,7.5176,0,7.516,0,0,0,0,0,0,7.5216,0,7.6696
1776184398.8542078,8.4432,-6.498316065073175e-07,0.3773262852025995,1.0864252383019264,-0.9746794729164835,-1.0864258397672113,-0.9746792009203906,-1.0864259374959389,46.0,45.0,42.0,45.0,42.0,46.0,44.0,0,7.6128,0,8.0248,0,0,0,0,0,0,7.9664,0,8.0
1776184398.8544097,8.4432,-6.498316065073175e-07,0.3773262852025995,1.0864252383019264,-0.9746794729164835,-1.0864258397672113,-0.9746792009203906,-1.0864259374959389,46.0,45.0,42.0,45.0,42.0,46.0,44.0,1,0,0,0,7.6704,0,0,7.5408,0,7.6928,0,0,0
1776184398.854538,8.4432,-6.498316065073175e-07,0.3773262852025995,1.0864252383019264,-0.9746794729164835,-1.0864258397672113,-0.9746792009203906,-1.0864259374959389,46.0,45.0,42.0,45.0,42.0,46.0,44.0,2,7.7592,0,7.8152,0,0,0,0,0,0,7.6856,0,7.6448
1776184398.8546793,8.4432,-6.498316065073175e-07,0.3773262852025995,1.0864252383019264,-0.9746794729164835,-1.0864258397672113,-0.9746792009203906,-1.0864259374959389,46.0,45.0,42.0,45.0,42.0,46.0,44.0,3,0,0,0,7.5056,0,0,7.2216,0,7.9224,0,0,0
1776184398.854821,8.4432,-6.498316065073175e-07,0.3773262852025995,1.0864252383019264,-0.9746794729164835,-1.0864258397672113,-0.9746792009203906,-1.0864259374959389,46.0,45.0,42.0,45.0,42.0,46.0,44.0,4,8.4432,0,7.5752,0,0,0,0,0,0,7.5664,0,7.5584
1776184398.8549783,8.4432,-6.498316065073175e-07,0.3773262852025995,1.0864252383019264,-0.9746794729164835,-1.0864258397672113,-0.9746792009203906,-1.0864259374959389,46.0,45.0,42.0,45.0,42.0,46.0,44.0,5,0,0,0,7.5056,0,0,7.3168,0,7.7712,0,0,0
1776184398.8551335,8.4432,-6.498316065073175e-07,0.3773262852025995,1.0864252383019264,-0.9746794729164835,-1.0864258397672113,-0.9746792009203906,-1.0864259374959389,46.0,45.0,42.0,45.0,42.0,46.0,44.0,6,7.9824,0,7.608,0,0,0,0,0,0,8.4024,0,7.516
1776184398.8553064,8.4432,-6.498316065073175e-07,0.3773262852025995,1.0864252383019264,-0.9746794729164835,-1.0864258397672113,-0.9746792009203906,-1.0864259374959389,46.0,45.0,42.0,45.0,42.0,46.0,44.0,7,7.5016,0,7.6704,0,0,0,0,0,0,7.5144,0,7.5264
1776184398.855439,8.4432,-6.498316065073175e-07,0.3773262852025995,1.0864252383019264,-0.9746794729164835,-1.0864258397672113,-0.9746792009203906,-1.0864259374959389,46.0,45.0,42.0,45.0,42.0,46.0,44.0,8,7.516,0,7.5168,0,0,0,0,0,0,7.5208,0,7.6696
1776184398.9067934,8.4432,-6.498316065073175e-07,0.3907797594985475,1.0996967335358878,-0.9865858834581538,-1.0996973229718672,-0.9865856169019828,-1.09969741874602,46.0,45.0,42.0,45.0,42.0,46.0,44.0,0,7.6128,0,8.0248,0,0,0,0,0,0,7.9664,0,8.0
1776184398.9068983,8.4432,-6.498316065073175e-07,0.3907797594985475,1.0996967335358878,-0.9865858834581538,-1.0996973229718672,-0.9865856169019828,-1.09969741874602,46.0,45.0,42.0,45.0,42.0,46.0,44.0,1,0,0,0,7.6704,0,0,7.5408,0,7.6928,0,0,0
1776184398.9069684,8.4432,-6.498316065073175e-07,0.3907797594985475,1.0996967335358878,-0.9865858834581538,-1.0996973229718672,-0.9865856169019828,-1.09969741874602,46.0,45.0,42.0,45.0,42.0,46.0,44.0,2,7.7592,0,7.8152,0,0,0,0,0,0,7.6856,0,7.6448
1776184398.907034,8.4432,-6.498316065073175e-07,0.3907797594985475,1.0996967335358878,-0.9865858834581538,-1.0996973229718672,-0.9865856169019828,-1.09969741874602,46.0,45.0,42.0,45.0,42.0,46.0,44.0,3,0,0,0,7.5056,0,0,7.2216,0,7.9224,0,0,0
1776184398.9070969,8.4432,-6.498316065073175e-07,0.3907797594985475,1.0996967335358878,-0.9865858834581538,-1.0996973229718672,-0.9865856169019828,-1.09969741874602,46.0,45.0,42.0,45.0,42.0,46.0,44.0,4,8.4432,0,7.5752,0,0,0,0,0,0,7.5664,0,7.5584
1776184398.9071612,8.4432,-6.498316065073175e-07,0.3907797594985475,1.0996967335358878,-0.9865858834581538,-1.0996973229718672,-0.9865856169019828,-1.09969741874602,46.0,45.0,42.0,45.0,42.0,46.0,44.0,5,0,0,0,7.5056,0,0,7.3168,0,7.7712,0,0,0
1776184398.9072227,8.4432,-6.498316065073175e-07,0.3907797594985475,1.0996967335358878,-0.9865858834581538,-1.0996973229718672,-0.9865856169019828,-1.09969741874602,46.0,45.0,42.0,45.0,42.0,46.0,44.0,6,7.9824,0,7.608,0,0,0,0,0,0,8.4024,0,7.516
1776184398.9072862,8.4432,-6.498316065073175e-07,0.3907797594985475,1.0996967335358878,-0.9865858834581538,-1.0996973229718672,-0.9865856169019828,-1.09969741874602,46.0,45.0,42.0,45.0,42.0,46.0,44.0,7,7.5016,0,7.6704,0,0,0,0,0,0,7.5144,0,7.5264
1776184398.9073486,8.4432,-6.498316065073175e-07,0.3907797594985475,1.0996967335358878,-0.9865858834581538,-1.0996973229718672,-0.9865856169019828,-1.09969741874602,46.0,45.0,42.0,45.0,42.0,46.0,44.0,8,7.516,0,7.5168,0,0,0,0,0,0,7.5208,0,7.6696
1776184398.958575,8.444,-6.498316065073175e-07,0.4039641643085765,1.11270279886517,-0.9982541657889907,-1.11270337651243,-0.9982539045639431,-1.1127034703710996,46.0,45.0,42.0,45.0,42.0,46.0,44.0,0,7.6136,0,8.024,0,0,0,0,0,0,7.9672,0,8.0
1776184398.9587061,8.444,-6.498316065073175e-07,0.4039641643085765,1.11270279886517,-0.9982541657889907,-1.11270337651243,-0.9982539045639431,-1.1127034703710996,46.0,45.0,42.0,45.0,42.0,46.0,44.0,1,0,0,0,7.6696,0,0,7.5392,0,7.6936,0,0,0
1776184398.9588034,8.444,-6.498316065073175e-07,0.4039641643085765,1.11270279886517,-0.9982541657889907,-1.11270337651243,-0.9982539045639431,-1.1127034703710996,46.0,45.0,42.0,45.0,42.0,46.0,44.0,2,7.7608,0,7.8152,0,0,0,0,0,0,7.6864,0,7.6448
1776184398.9588711,8.444,-6.498316065073175e-07,0.4039641643085765,1.11270279886517,-0.9982541657889907,-1.11270337651243,-0.9982539045639431,-1.1127034703710996,46.0,45.0,42.0,45.0,42.0,46.0,44.0,3,0,0,0,7.5056,0,0,7.2224,0,7.9224,0,0,0
1776184398.9589334,8.444,-6.498316065073175e-07,0.4039641643085765,1.11270279886517,-0.9982541657889907,-1.11270337651243,-0.9982539045639431,-1.1127034703710996,46.0,45.0,42.0,45.0,42.0,46.0,44.0,4,8.444,0,7.5744,0,0,0,0,0,0,7.5656,0,7.5584
1776184398.9589965,8.444,-6.498316065073175e-07,0.4039641643085765,1.11270279886517,-0.9982541657889907,-1.11270337651243,-0.9982539045639431,-1.1127034703710996,46.0,45.0,42.0,45.0,42.0,46.0,44.0,5,0,0,0,7.504,0,0,7.3168,0,7.7704,0,0,0
1776184398.959057,8.444,-6.498316065073175e-07,0.4039641643085765,1.11270279886517,-0.9982541657889907,-1.11270337651243,-0.9982539045639431,-1.1127034703710996,46.0,45.0,42.0,45.0,42.0,46.0,44.0,6,7.984,0,7.6072,0,0,0,0,0,0,8.4008,0,7.5152
1776184398.95912,8.444,-6.498316065073175e-07,0.4039641643085765,1.11270279886517,-0.9982541657889907,-1.11270337651243,-0.9982539045639431,-1.1127034703710996,46.0,45.0,42.0,45.0,42.0,46.0,44.0,7,7.5008,0,7.6704,0,0,0,0,0,0,7.5152,0,7.5264
1776184398.9591813,8.444,-6.498316065073175e-07,0.4039641643085765,1.11270279886517,-0.9982541657889907,-1.11270337651243,-0.9982539045639431,-1.1127034703710996,46.0,45.0,42.0,45.0,42.0,46.0,44.0,8,7.5168,0,7.5176,0,0,0,0,0,0,7.5216,0,7.6688
1776184399.010518,8.444,-6.498316065073175e-07,0.416884881022405,1.1254487428878668,-1.009689082473211,-1.1254493089821813,-1.0096888264726642,-1.1254494009636777,46.0,45.0,42.0,45.0,42.0,46.0,44.0,0,7.6136,0,8.024,0,0,0,0,0,0,7.9672,0,8.0
1776184399.0106215,8.444,-6.498316065073175e-07,0.416884881022405,1.1254487428878668,-1.009689082473211,-1.1254493089821813,-1.0096888264726642,-1.1254494009636777,46.0,45.0,42.0,45.0,42.0,46.0,44.0,1,0,0,0,7.6696,0,0,7.5392,0,7.6936,0,0,0
1776184399.010691,8.444,-6.498316065073175e-07,0.416884881022405,1.1254487428878668,-1.009689082473211,-1.1254493089821813,-1.0096888264726642,-1.1254494009636777,46.0,45.0,42.0,45.0,42.0,46.0,44.0,2,7.7608,0,7.8152,0,0,0,0,0,0,7.6864,0,7.6448
1776184399.010756,8.444,-6.498316065073175e-07,0.416884881022405,1.1254487428878668,-1.009689082473211,-1.1254493089821813,-1.0096888264726642,-1.1254494009636777,46.0,45.0,42.0,45.0,42.0,46.0,44.0,3,0,0,0,7.5056,0,0,7.2224,0,7.9224,0,0,0
1776184399.010818,8.444,-6.498316065073175e-07,0.416884881022405,1.1254487428878668,-1.009689082473211,-1.1254493089821813,-1.0096888264726642,-1.1254494009636777,46.0,45.0,42.0,45.0,42.0,46.0,44.0,4,8.444,0,7.5744,0,0,0,0,0,0,7.5656,0,7.5584
1776184399.0108805,8.444,-6.498316065073175e-07,0.416884881022405,1.1254487428878668,-1.009689082473211,-1.1254493089821813,-1.0096888264726642,-1.1254494009636777,46.0,45.0,42.0,45.0,42.0,46.0,44.0,5,0,0,0,7.504,0,0,7.3168,0,7.7704,0,0,0
1776184399.0110812,8.444,-6.498316065073175e-07,0.416884881022405,1.1254487428878668,-1.009689082473211,-1.1254493089821813,-1.0096888264726642,-1.1254494009636777,46.0,45.0,42.0,45.0,42.0,46.0,44.0,6,7.984,0,7.6072,0,0,0,0,0,0,8.4008,0,7.5152
1776184399.0112047,8.444,-6.498316065073175e-07,0.416884881022405,1.1254487428878668,-1.009689082473211,-1.1254493089821813,-1.0096888264726642,-1.1254494009636777,46.0,45.0,42.0,45.0,42.0,46.0,44.0,7,7.5008,0,7.6704,0,0,0,0,0,0,7.5152,0,7.5264
1776184399.0113268,8.444,-6.498316065073175e-07,0.416884881022405,1.1254487428878668,-1.009689082473211,-1.1254493089821813,-1.0096888264726642,-1.1254494009636777,46.0,45.0,42.0,45.0,42.0,46.0,44.0,8,7.5168,0,7.5176,0,0,0,0,0,0,7.5216,0,7.6688
1776184399.062859,8.4432,-6.498316065073175e-07,0.4295471834019569,1.1379397680301095,-1.0208953008237467,-1.1379403228025378,-1.020895049943211,-1.1379404129444042,46.0,45.0,42.0,45.0,42.0,46.0,44.0,0,7.6128,0,8.024,0,0,0,0,0,0,7.9664,0,8.0008
1776184399.0629635,8.4432,-6.498316065073175e-07,0.4295471834019569,1.1379397680301095,-1.0208953008237467,-1.1379403228025378,-1.020895049943211,-1.1379404129444042,46.0,45.0,42.0,45.0,42.0,46.0,44.0,1,0,0,0,7.6696,0,0,7.5392,0,7.6928,0,0,0
1776184399.0630329,8.4432,-6.498316065073175e-07,0.4295471834019569,1.1379397680301095,-1.0208953008237467,-1.1379403228025378,-1.020895049943211,-1.1379404129444042,46.0,45.0,42.0,45.0,42.0,46.0,44.0,2,7.76,0,7.816,0,0,0,0,0,0,7.6864,0,7.6448
1776184399.0630987,8.4432,-6.498316065073175e-07,0.4295471834019569,1.1379397680301095,-1.0208953008237467,-1.1379403228025378,-1.020895049943211,-1.1379404129444042,46.0,45.0,42.0,45.0,42.0,46.0,44.0,3,0,0,0,7.5056,0,0,7.2208,0,7.9216,0,0,0
1776184399.0631618,8.4432,-6.498316065073175e-07,0.4295471834019569,1.1379397680301095,-1.0208953008237467,-1.1379403228025378,-1.020895049943211,-1.1379404129444042,46.0,45.0,42.0,45.0,42.0,46.0,44.0,4,8.4432,0,7.5736,0,0,0,0,0,0,7.5656,0,7.5584
1776184399.0632255,8.4432,-6.498316065073175e-07,0.4295471834019569,1.1379397680301095,-1.0208953008237467,-1.1379403228025378,-1.020895049943211,-1.1379404129444042,46.0,45.0,42.0,45.0,42.0,46.0,44.0,5,0,0,0,7.5064,0,0,7.3168,0,7.7704,0,0,0
1776184399.0632873,8.4432,-6.498316065073175e-07,0.4295471834019569,1.1379397680301095,-1.0208953008237467,-1.1379403228025378,-1.020895049943211,-1.1379404129444042,46.0,45.0,42.0,45.0,42.0,46.0,44.0,6,7.9832,0,7.6088,0,0,0,0,0,0,8.4,0,7.516
1776184399.0633504,8.4432,-6.498316065073175e-07,0.4295471834019569,1.1379397680301095,-1.0208953008237467,-1.1379403228025378,-1.020895049943211,-1.1379404129444042,46.0,45.0,42.0,45.0,42.0,46.0,44.0,7,7.5008,0,7.6696,0,0,0,0,0,0,7.5152,0,7.5272
1776184399.0634537,8.4432,-6.498316065073175e-07,0.4295471834019569,1.1379397680301095,-1.0208953008237467,-1.1379403228025378,-1.020895049943211,-1.1379404129444042,46.0,45.0,42.0,45.0,42.0,46.0,44.0,8,7.516,0,7.5168,0,0,0,0,0,0,7.5208,0,7.6688
1776184399.114932,8.4432,-6.498316065073175e-07,0.4419562397339178,1.1501809726695074,-1.0318773948072717,-1.150181516346487,-1.0318771489443468,-1.150181604685516,46.0,45.0,42.0,45.0,42.0,46.0,44.0,0,7.6128,0,8.024,0,0,0,0,0,0,7.9664,0,8.0008
1776184399.1150372,8.4432,-6.498316065073175e-07,0.4419562397339178,1.1501809726695074,-1.0318773948072717,-1.150181516346487,-1.0318771489443468,-1.150181604685516,46.0,45.0,42.0,45.0,42.0,46.0,44.0,1,0,0,0,7.6696,0,0,7.5392,0,7.6928,0,0,0
1776184399.1151056,8.4432,-6.498316065073175e-07,0.4419562397339178,1.1501809726695074,-1.0318773948072717,-1.150181516346487,-1.0318771489443468,-1.150181604685516,46.0,45.0,42.0,45.0,42.0,46.0,44.0,2,7.76,0,7.816,0,0,0,0,0,0,7.6864,0,7.6448
1776184399.1151693,8.4432,-6.498316065073175e-07,0.4419562397339178,1.1501809726695074,-1.0318773948072717,-1.150181516346487,-1.0318771489443468,-1.150181604685516,46.0,45.0,42.0,45.0,42.0,46.0,44.0,3,0,0,0,7.5056,0,0,7.2208,0,7.9216,0,0,0
1776184399.115231,8.4432,-6.498316065073175e-07,0.4419562397339178,1.1501809726695074,-1.0318773948072717,-1.150181516346487,-1.0318771489443468,-1.150181604685516,46.0,45.0,42.0,45.0,42.0,46.0,44.0,4,8.4432,0,7.5736,0,0,0,0,0,0,7.5656,0,7.5584
1776184399.1152937,8.4432,-6.498316065073175e-07,0.4419562397339178,1.1501809726695074,-1.0318773948072717,-1.150181516346487,-1.0318771489443468,-1.150181604685516,46.0,45.0,42.0,45.0,42.0,46.0,44.0,5,0,0,0,7.5064,0,0,7.3168,0,7.7704,0,0,0
1776184399.1153553,8.4432,-6.498316065073175e-07,0.4419562397339178,1.1501809726695074,-1.0318773948072717,-1.150181516346487,-1.0318771489443468,-1.150181604685516,46.0,45.0,42.0,45.0,42.0,46.0,44.0,6,7.9832,0,7.6088,0,0,0,0,0,0,8.4,0,7.516
1776184399.115418,8.4432,-6.498316065073175e-07,0.4419562397339178,1.1501809726695074,-1.0318773948072717,-1.150181516346487,-1.0318771489443468,-1.150181604685516,46.0,45.0,42.0,45.0,42.0,46.0,44.0,7,7.5008,0,7.6696,0,0,0,0,0,0,7.5152,0,7.5272
1776184399.11548,8.4432,-6.498316065073175e-07,0.4419562397339178,1.1501809726695074,-1.0318773948072717,-1.150181516346487,-1.0318771489443468,-1.150181604685516,46.0,45.0,42.0,45.0,42.0,46.0,44.0,8,7.516,0,7.5168,0,0,0,0,0,0,7.5208,0,7.6688
1776184399.1668649,8.4432,-6.498316065073175e-07,0.45411711493923945,1.1621773532161173,-1.0426398469111262,-1.1621778860195573,-1.04263960596546,-1.1621779725918058,46.0,45.0,42.0,45.0,42.0,46.0,44.0,0,7.6128,0,8.024,0,0,0,0,0,0,7.9664,0,8.0008
1776184399.1669707,8.4432,-6.498316065073175e-07,0.45411711493923945,1.1621773532161173,-1.0426398469111262,-1.1621778860195573,-1.04263960596546,-1.1621779725918058,46.0,45.0,42.0,45.0,42.0,46.0,44.0,1,0,0,0,7.6696,0,0,7.5392,0,7.6928,0,0,0
1776184399.1670392,8.4432,-6.498316065073175e-07,0.45411711493923945,1.1621773532161173,-1.0426398469111262,-1.1621778860195573,-1.04263960596546,-1.1621779725918058,46.0,45.0,42.0,45.0,42.0,46.0,44.0,2,7.76,0,7.816,0,0,0,0,0,0,7.6864,0,7.6448
1776184399.1671042,8.4432,-6.498316065073175e-07,0.45411711493923945,1.1621773532161173,-1.0426398469111262,-1.1621778860195573,-1.04263960596546,-1.1621779725918058,46.0,45.0,42.0,45.0,42.0,46.0,44.0,3,0,0,0,7.5056,0,0,7.2208,0,7.9216,0,0,0
1776184399.1671667,8.4432,-6.498316065073175e-07,0.45411711493923945,1.1621773532161173,-1.0426398469111262,-1.1621778860195573,-1.04263960596546,-1.1621779725918058,46.0,45.0,42.0,45.0,42.0,46.0,44.0,4,8.4432,0,7.5736,0,0,0,0,0,0,7.5656,0,7.5584
1776184399.167229,8.4432,-6.498316065073175e-07,0.45411711493923945,1.1621773532161173,-1.0426398469111262,-1.1621778860195573,-1.04263960596546,-1.1621779725918058,46.0,45.0,42.0,45.0,42.0,46.0,44.0,5,0,0,0,7.5064,0,0,7.3168,0,7.7704,0,0,0
1776184399.1672904,8.4432,-6.498316065073175e-07,0.45411711493923945,1.1621773532161173,-1.0426398469111262,-1.1621778860195573,-1.04263960596546,-1.1621779725918058,46.0,45.0,42.0,45.0,42.0,46.0,44.0,6,7.9832,0,7.6088,0,0,0,0,0,0,8.4,0,7.516
1776184399.1673534,8.4432,-6.498316065073175e-07,0.45411711493923945,1.1621773532161173,-1.0426398469111262,-1.1621778860195573,-1.04263960596546,-1.1621779725918058,46.0,45.0,42.0,45.0,42.0,46.0,44.0,7,7.5008,0,7.6696,0,0,0,0,0,0,7.5152,0,7.5272
1776184399.1674154,8.4432,-6.498316065073175e-07,0.45411711493923945,1.1621773532161173,-1.0426398469111262,-1.1621778860195573,-1.04263960596546,-1.1621779725918058,46.0,45.0,42.0,45.0,42.0,46.0,44.0,8,7.516,0,7.5168,0,0,0,0,0,0,7.5208,0,7.6688
1776184399.2186117,8.4432,-6.498316065073175e-07,0.4660347726404547,1.173933806151795,-1.0531870499729037,-1.173934328299166,-1.0531868138461506,-1.1739344131399696,46.0,45.0,42.0,45.0,42.0,46.0,44.0,0,7.6144,0,8.0256,0,0,0,0,0,0,7.9664,0,8.0008
1776184399.2188008,8.4432,-6.498316065073175e-07,0.4660347726404547,1.173933806151795,-1.0531870499729037,-1.173934328299166,-1.0531868138461506,-1.1739344131399696,46.0,45.0,42.0,45.0,42.0,46.0,44.0,1,0,0,0,7.6704,0,0,7.5384,0,7.6928,0,0,0
1776184399.2188725,8.4432,-6.498316065073175e-07,0.4660347726404547,1.173933806151795,-1.0531870499729037,-1.173934328299166,-1.0531868138461506,-1.1739344131399696,46.0,45.0,42.0,45.0,42.0,46.0,44.0,2,7.7608,0,7.816,0,0,0,0,0,0,7.6864,0,7.644
1776184399.2191024,8.4432,-6.498316065073175e-07,0.4660347726404547,1.173933806151795,-1.0531870499729037,-1.173934328299166,-1.0531868138461506,-1.1739344131399696,46.0,45.0,42.0,45.0,42.0,46.0,44.0,3,0,0,0,7.5064,0,0,7.2216,0,7.9208,0,0,0
1776184399.2192438,8.4432,-6.498316065073175e-07,0.4660347726404547,1.173933806151795,-1.0531870499729037,-1.173934328299166,-1.0531868138461506,-1.1739344131399696,46.0,45.0,42.0,45.0,42.0,46.0,44.0,4,8.4432,0,7.5736,0,0,0,0,0,0,7.5664,0,7.5584
1776184399.2193713,8.4432,-6.498316065073175e-07,0.4660347726404547,1.173933806151795,-1.0531870499729037,-1.173934328299166,-1.0531868138461506,-1.1739344131399696,46.0,45.0,42.0,45.0,42.0,46.0,44.0,5,0,0,0,7.5064,0,0,7.316,0,7.7704,0,0,0
1776184399.219505,8.4432,-6.498316065073175e-07,0.4660347726404547,1.173933806151795,-1.0531870499729037,-1.173934328299166,-1.0531868138461506,-1.1739344131399696,46.0,45.0,42.0,45.0,42.0,46.0,44.0,6,7.9832,0,7.6072,0,0,0,0,0,0,8.4,0,7.516
1776184399.2196875,8.4432,-6.498316065073175e-07,0.4660347726404547,1.173933806151795,-1.0531870499729037,-1.173934328299166,-1.0531868138461506,-1.1739344131399696,46.0,45.0,42.0,45.0,42.0,46.0,44.0,7,7.5016,0,7.6704,0,0,0,0,0,0,7.5152,0,7.5264
1776184399.2198792,8.4432,-6.498316065073175e-07,0.4660347726404547,1.173933806151795,-1.0531870499729037,-1.173934328299166,-1.0531868138461506,-1.1739344131399696,46.0,45.0,42.0,45.0,42.0,46.0,44.0,8,7.516,0,7.5168,0,0,0,0,0,0,7.5216,0,7.6688
1776184399.2722883,8.4432,-6.498316065073175e-07,0.4777140771876456,1.185455130028759,-1.0635233089734457,-1.1854556417331827,-1.0635230775692277,-1.1854557248771702,46.0,45.0,42.0,45.0,42.0,46.0,44.0,0,7.6144,0,8.0256,0,0,0,0,0,0,7.9664,0,8.0008
1776184399.2724807,8.4432,-6.498316065073175e-07,0.4777140771876456,1.185455130028759,-1.0635233089734457,-1.1854556417331827,-1.0635230775692277,-1.1854557248771702,46.0,45.0,42.0,45.0,42.0,46.0,44.0,1,0,0,0,7.6704,0,0,7.5384,0,7.6928,0,0,0
1776184399.2725995,8.4432,-6.498316065073175e-07,0.4777140771876456,1.185455130028759,-1.0635233089734457,-1.1854556417331827,-1.0635230775692277,-1.1854557248771702,46.0,45.0,42.0,45.0,42.0,46.0,44.0,2,7.7608,0,7.816,0,0,0,0,0,0,7.6864,0,7.644
1776184399.2727757,8.4432,-6.498316065073175e-07,0.4777140771876456,1.185455130028759,-1.0635233089734457,-1.1854556417331827,-1.0635230775692277,-1.1854557248771702,46.0,45.0,42.0,45.0,42.0,46.0,44.0,3,0,0,0,7.5064,0,0,7.2216,0,7.9208,0,0,0
1776184399.272885,8.4432,-6.498316065073175e-07,0.4777140771876456,1.185455130028759,-1.0635233089734457,-1.1854556417331827,-1.0635230775692277,-1.1854557248771702,46.0,45.0,42.0,45.0,42.0,46.0,44.0,4,8.4432,0,7.5736,0,0,0,0,0,0,7.5664,0,7.5584
1776184399.2729762,8.4432,-6.498316065073175e-07,0.4777140771876456,1.185455130028759,-1.0635233089734457,-1.1854556417331827,-1.0635230775692277,-1.1854557248771702,46.0,45.0,42.0,45.0,42.0,46.0,44.0,5,0,0,0,7.5064,0,0,7.316,0,7.7704,0,0,0
1776184399.2730873,8.4432,-6.498316065073175e-07,0.4777140771876456,1.185455130028759,-1.0635233089734457,-1.1854556417331827,-1.0635230775692277,-1.1854557248771702,46.0,45.0,42.0,45.0,42.0,46.0,44.0,6,7.9832,0,7.6072,0,0,0,0,0,0,8.4,0,7.516
1776184399.2731557,8.4432,-6.498316065073175e-07,0.4777140771876456,1.185455130028759,-1.0635233089734457,-1.1854556417331827,-1.0635230775692277,-1.1854557248771702,46.0,45.0,42.0,45.0,42.0,46.0,44.0,7,7.5016,0,7.6704,0,0,0,0,0,0,7.5152,0,7.5264
1776184399.2732184,8.4432,-6.498316065073175e-07,0.4777140771876456,1.185455130028759,-1.0635233089734457,-1.1854556417331827,-1.0635230775692277,-1.1854557248771702,46.0,45.0,42.0,45.0,42.0,46.0,44.0,8,7.516,0,7.5168,0,0,0,0,0,0,7.5216,0,7.6688
1776184399.3248947,8.4432,-6.498316065073175e-07,0.48915979564389267,1.1967460274281838,-1.0736528427939769,-1.196746528898519,-1.0736526160178432,-1.1967466103796267,46.0,45.0,42.0,45.0,42.0,46.0,44.0,0,7.6128,0,8.0248,0,0,0,0,0,0,7.9672,0,8.0
1776184399.325061,8.4432,-6.498316065073175e-07,0.48915979564389267,1.1967460274281838,-1.0736528427939769,-1.196746528898519,-1.0736526160178432,-1.1967466103796267,46.0,45.0,42.0,45.0,42.0,46.0,44.0,1,0,0,0,7.6688,0,0,7.5384,0,7.6928,0,0,0
1776184399.3251727,8.4432,-6.498316065073175e-07,0.48915979564389267,1.1967460274281838,-1.0736528427939769,-1.196746528898519,-1.0736526160178432,-1.1967466103796267,46.0,45.0,42.0,45.0,42.0,46.0,44.0,2,7.76,0,7.816,0,0,0,0,0,0,7.6872,0,7.644
1776184399.3252892,8.4432,-6.498316065073175e-07,0.48915979564389267,1.1967460274281838,-1.0736528427939769,-1.196746528898519,-1.0736526160178432,-1.1967466103796267,46.0,45.0,42.0,45.0,42.0,46.0,44.0,3,0,0,0,7.5072,0,0,7.2208,0,7.9208,0,0,0
1776184399.3254056,8.4432,-6.498316065073175e-07,0.48915979564389267,1.1967460274281838,-1.0736528427939769,-1.196746528898519,-1.0736526160178432,-1.1967466103796267,46.0,45.0,42.0,45.0,42.0,46.0,44.0,4,8.4432,0,7.5744,0,0,0,0,0,0,7.5656,0,7.5592
1776184399.3255177,8.4432,-6.498316065073175e-07,0.48915979564389267,1.1967460274281838,-1.0736528427939769,-1.196746528898519,-1.0736526160178432,-1.1967466103796267,46.0,45.0,42.0,45.0,42.0,46.0,44.0,5,0,0,0,7.5056,0,0,7.3128,0,7.7696,0,0,0
1776184399.325651,8.4432,-6.498316065073175e-07,0.48915979564389267,1.1967460274281838,-1.0736528427939769,-1.196746528898519,-1.0736526160178432,-1.1967466103796267,46.0,45.0,42.0,45.0,42.0,46.0,44.0,6,7.984,0,7.6088,0,0,0,0,0,0,8.4008,0,7.516
1776184399.3257892,8.4432,-6.498316065073175e-07,0.48915979564389267,1.1967460274281838,-1.0736528427939769,-1.196746528898519,-1.0736526160178432,-1.1967466103796267,46.0,45.0,42.0,45.0,42.0,46.0,44.0,7,7.5016,0,7.6712,0,0,0,0,0,0,7.5152,0,7.5272
1776184399.3259287,8.4432,-6.498316065073175e-07,0.48915979564389267,1.1967460274281838,-1.0736528427939769,-1.196746528898519,-1.0736526160178432,-1.1967466103796267,46.0,45.0,42.0,45.0,42.0,46.0,44.0,8,7.516,0,7.5168,0,0,0,0,0,0,7.5208,0,7.668
1776184399.3773534,8.4432,-6.498316065073175e-07,0.5003765997310148,1.2078111068796202,-1.0835797859380973,-1.2078115983205486,-1.0835795636974863,-1.2078116781720343,46.0,45.0,42.0,45.0,42.0,46.0,44.0,0,7.6128,0,8.0248,0,0,0,0,0,0,7.9672,0,8.0
1776184399.3775122,8.4432,-6.498316065073175e-07,0.5003765997310148,1.2078111068796202,-1.0835797859380973,-1.2078115983205486,-1.0835795636974863,-1.2078116781720343,46.0,45.0,42.0,45.0,42.0,46.0,44.0,1,0,0,0,7.6688,0,0,7.5384,0,7.6928,0,0,0
1776184399.3776188,8.4432,-6.498316065073175e-07,0.5003765997310148,1.2078111068796202,-1.0835797859380973,-1.2078115983205486,-1.0835795636974863,-1.2078116781720343,46.0,45.0,42.0,45.0,42.0,46.0,44.0,2,7.76,0,7.816,0,0,0,0,0,0,7.6872,0,7.644
1776184399.377722,8.4432,-6.498316065073175e-07,0.5003765997310148,1.2078111068796202,-1.0835797859380973,-1.2078115983205486,-1.0835795636974863,-1.2078116781720343,46.0,45.0,42.0,45.0,42.0,46.0,44.0,3,0,0,0,7.5072,0,0,7.2208,0,7.9208,0,0,0
1776184399.3778422,8.4432,-6.498316065073175e-07,0.5003765997310148,1.2078111068796202,-1.0835797859380973,-1.2078115983205486,-1.0835795636974863,-1.2078116781720343,46.0,45.0,42.0,45.0,42.0,46.0,44.0,4,8.4432,0,7.5744,0,0,0,0,0,0,7.5656,0,7.5592
1776184399.3779085,8.4432,-6.498316065073175e-07,0.5003765997310148,1.2078111068796202,-1.0835797859380973,-1.2078115983205486,-1.0835795636974863,-1.2078116781720343,46.0,45.0,42.0,45.0,42.0,46.0,44.0,5,0,0,0,7.5056,0,0,7.3128,0,7.7696,0,0,0
1776184399.37797,8.4432,-6.498316065073175e-07,0.5003765997310148,1.2078111068796202,-1.0835797859380973,-1.2078115983205486,-1.0835795636974863,-1.2078116781720343,46.0,45.0,42.0,45.0,42.0,46.0,44.0,6,7.984,0,7.6088,0,0,0,0,0,0,8.4008,0,7.516
1776184399.3780327,8.4432,-6.498316065073175e-07,0.5003765997310148,1.2078111068796202,-1.0835797859380973,-1.2078115983205486,-1.0835795636974863,-1.2078116781720343,46.0,45.0,42.0,45.0,42.0,46.0,44.0,7,7.5016,0,7.6712,0,0,0,0,0,0,7.5152,0,7.5272
1776184399.3780959,8.4432,-6.498316065073175e-07,0.5003765997310148,1.2078111068796202,-1.0835797859380973,-1.2078115983205486,-1.0835795636974863,-1.2078116781720343,46.0,45.0,42.0,45.0,42.0,46.0,44.0,8,7.516,0,7.5168,0,0,0,0,0,0,7.5208,0,7.668
1776184399.430078,8.444,-6.498316065073175e-07,0.5113690677363945,1.2186548847420278,-1.0933081902193353,-1.2186553663541377,-1.0933079724235366,-1.2186554446085935,46.0,45.0,42.0,45.0,42.0,46.0,44.0,0,7.6128,0,8.0248,0,0,0,0,0,0,7.9656,0,8.0008
1776184399.4302018,8.444,-6.498316065073175e-07,0.5113690677363945,1.2186548847420278,-1.0933081902193353,-1.2186553663541377,-1.0933079724235366,-1.2186554446085935,46.0,45.0,42.0,45.0,42.0,46.0,44.0,1,0,0,0,7.668,0,0,7.5384,0,7.692,0,0,0
1776184399.4302824,8.444,-6.498316065073175e-07,0.5113690677363945,1.2186548847420278,-1.0933081902193353,-1.2186553663541377,-1.0933079724235366,-1.2186554446085935,46.0,45.0,42.0,45.0,42.0,46.0,44.0,2,7.7608,0,7.816,0,0,0,0,0,0,7.6872,0,7.6448
1776184399.430351,8.444,-6.498316065073175e-07,0.5113690677363945,1.2186548847420278,-1.0933081902193353,-1.2186553663541377,-1.0933079724235366,-1.2186554446085935,46.0,45.0,42.0,45.0,42.0,46.0,44.0,3,0,0,0,7.5064,0,0,7.2216,0,7.9208,0,0,0
1776184399.4304154,8.444,-6.498316065073175e-07,0.5113690677363945,1.2186548847420278,-1.0933081902193353,-1.2186553663541377,-1.0933079724235366,-1.2186554446085935,46.0,45.0,42.0,45.0,42.0,46.0,44.0,4,8.444,0,7.5744,0,0,0,0,0,0,7.5648,0,7.5584
1776184399.4304805,8.444,-6.498316065073175e-07,0.5113690677363945,1.2186548847420278,-1.0933081902193353,-1.2186553663541377,-1.0933079724235366,-1.2186554446085935,46.0,45.0,42.0,45.0,42.0,46.0,44.0,5,0,0,0,7.504,0,0,7.3136,0,7.7704,0,0,0
1776184399.4305449,8.444,-6.498316065073175e-07,0.5113690677363945,1.2186548847420278,-1.0933081902193353,-1.2186553663541377,-1.0933079724235366,-1.2186554446085935,46.0,45.0,42.0,45.0,42.0,46.0,44.0,6,7.9832,0,7.6072,0,0,0,0,0,0,8.4016,0,7.5168
1776184399.4306145,8.444,-6.498316065073175e-07,0.5113690677363945,1.2186548847420278,-1.0933081902193353,-1.2186553663541377,-1.0933079724235366,-1.2186554446085935,46.0,45.0,42.0,45.0,42.0,46.0,44.0,7,7.5008,0,7.6704,0,0,0,0,0,0,7.5144,0,7.5264
1776184399.4306805,8.444,-6.498316065073175e-07,0.5113690677363945,1.2186548847420278,-1.0933081902193353,-1.2186553663541377,-1.0933079724235366,-1.2186554446085935,46.0,45.0,42.0,45.0,42.0,46.0,44.0,8,7.5168,0,7.516,0,0,0,0,0,0,7.5216,0,7.6688
1776184399.482001,8.444,-6.498316065073175e-07,0.5221416863816666,1.2292817870471873,-1.1028420264149486,-1.229282259027055,-1.102841812975066,-1.2292823357164218,46.0,45.0,42.0,45.0,42.0,46.0,44.0,0,7.6128,0,8.0248,0,0,0,0,0,0,7.9656,0,8.0008
1776184399.482104,8.444,-6.498316065073175e-07,0.5221416863816666,1.2292817870471873,-1.1028420264149486,-1.229282259027055,-1.102841812975066,-1.2292823357164218,46.0,45.0,42.0,45.0,42.0,46.0,44.0,1,0,0,0,7.668,0,0,7.5384,0,7.692,0,0,0
1776184399.482174,8.444,-6.498316065073175e-07,0.5221416863816666,1.2292817870471873,-1.1028420264149486,-1.229282259027055,-1.102841812975066,-1.2292823357164218,46.0,45.0,42.0,45.0,42.0,46.0,44.0,2,7.7608,0,7.816,0,0,0,0,0,0,7.6872,0,7.6448
1776184399.4822392,8.444,-6.498316065073175e-07,0.5221416863816666,1.2292817870471873,-1.1028420264149486,-1.229282259027055,-1.102841812975066,-1.2292823357164218,46.0,45.0,42.0,45.0,42.0,46.0,44.0,3,0,0,0,7.5064,0,0,7.2216,0,7.9208,0,0,0
1776184399.4823017,8.444,-6.498316065073175e-07,0.5221416863816666,1.2292817870471873,-1.1028420264149486,-1.229282259027055,-1.102841812975066,-1.2292823357164218,46.0,45.0,42.0,45.0,42.0,46.0,44.0,4,8.444,0,7.5744,0,0,0,0,0,0,7.5648,0,7.5584
1776184399.482364,8.444,-6.498316065073175e-07,0.5221416863816666,1.2292817870471873,-1.1028420264149486,-1.229282259027055,-1.102841812975066,-1.2292823357164218,46.0,45.0,42.0,45.0,42.0,46.0,44.0,5,0,0,0,7.504,0,0,7.3136,0,7.7704,0,0,0
1776184399.4824245,8.444,-6.498316065073175e-07,0.5221416863816666,1.2292817870471873,-1.1028420264149486,-1.229282259027055,-1.102841812975066,-1.2292823357164218,46.0,45.0,42.0,45.0,42.0,46.0,44.0,6,7.9832,0,7.6072,0,0,0,0,0,0,8.4016,0,7.5168
1776184399.4824872,8.444,-6.498316065073175e-07,0.5221416863816666,1.2292817870471873,-1.1028420264149486,-1.229282259027055,-1.102841812975066,-1.2292823357164218,46.0,45.0,42.0,45.0,42.0,46.0,44.0,7,7.5008,0,7.6704,0,0,0,0,0,0,7.5144,0,7.5264
1776184399.4825492,8.444,-6.498316065073175e-07,0.5221416863816666,1.2292817870471873,-1.1028420264149486,-1.229282259027055,-1.102841812975066,-1.2292823357164218,46.0,45.0,42.0,45.0,42.0,46.0,44.0,8,7.5168,0,7.516,0,0,0,0,0,0,7.5216,0,7.6688
1776184399.5337164,8.444,-6.498316065073175e-07,0.5326988526540333,1.2396961513062434,-1.1121851858866496,-1.2396966138465138,-1.1121849767155645,-1.2396966890020933,46.0,45.0,42.0,45.0,42.0,46.0,44.0,0,7.6128,0,8.0248,0,0,0,0,0,0,7.9656,0,8.0008
1776184399.5338197,8.444,-6.498316065073175e-07,0.5326988526540333,1.2396961513062434,-1.1121851858866496,-1.2396966138465138,-1.1121849767155645,-1.2396966890020933,46.0,45.0,42.0,45.0,42.0,46.0,44.0,1,0,0,0,7.668,0,0,7.5384,0,7.692,0,0,0
1776184399.5338874,8.444,-6.498316065073175e-07,0.5326988526540333,1.2396961513062434,-1.1121851858866496,-1.2396966138465138,-1.1121849767155645,-1.2396966890020933,46.0,45.0,42.0,45.0,42.0,46.0,44.0,2,7.7608,0,7.816,0,0,0,0,0,0,7.6872,0,7.6448
1776184399.5339518,8.444,-6.498316065073175e-07,0.5326988526540333,1.2396961513062434,-1.1121851858866496,-1.2396966138465138,-1.1121849767155645,-1.2396966890020933,46.0,45.0,42.0,45.0,42.0,46.0,44.0,3,0,0,0,7.5064,0,0,7.2216,0,7.9208,0,0,0
1776184399.5340133,8.444,-6.498316065073175e-07,0.5326988526540333,1.2396961513062434,-1.1121851858866496,-1.2396966138465138,-1.1121849767155645,-1.2396966890020933,46.0,45.0,42.0,45.0,42.0,46.0,44.0,4,8.444,0,7.5744,0,0,0,0,0,0,7.5648,0,7.5584
1776184399.5341144,8.444,-6.498316065073175e-07,0.5326988526540333,1.2396961513062434,-1.1121851858866496,-1.2396966138465138,-1.1121849767155645,-1.2396966890020933,46.0,45.0,42.0,45.0,42.0,46.0,44.0,5,0,0,0,7.504,0,0,7.3136,0,7.7704,0,0,0
1776184399.5341778,8.444,-6.498316065073175e-07,0.5326988526540333,1.2396961513062434,-1.1121851858866496,-1.2396966138465138,-1.1121849767155645,-1.2396966890020933,46.0,45.0,42.0,45.0,42.0,46.0,44.0,6,7.9832,0,7.6072,0,0,0,0,0,0,8.4016,0,7.5168
1776184399.534241,8.444,-6.498316065073175e-07,0.5326988526540333,1.2396961513062434,-1.1121851858866496,-1.2396966138465138,-1.1121849767155645,-1.2396966890020933,46.0,45.0,42.0,45.0,42.0,46.0,44.0,7,7.5008,0,7.6704,0,0,0,0,0,0,7.5144,0,7.5264
1776184399.5343037,8.444,-6.498316065073175e-07,0.5326988526540333,1.2396961513062434,-1.1121851858866496,-1.2396966138465138,-1.1121849767155645,-1.2396966890020933,46.0,45.0,42.0,45.0,42.0,46.0,44.0,8,7.5168,0,7.516,0,0,0,0,0,0,7.5216,0,7.6688
1776184399.5856812,8.4408,-6.498316065073175e-07,0.5430448756009526,1.2499022282801187,-1.1213414821689167,-1.2499026815695835,-1.1213412771812532,-1.2499027552220514,46.0,45.0,42.0,45.0,42.0,46.0,44.0,0,7.6128,0,8.0248,0,0,0,0,0,0,7.9664,0,8.0008
1776184399.5858576,8.4408,-6.498316065073175e-07,0.5430448756009526,1.2499022282801187,-1.1213414821689167,-1.2499026815695835,-1.1213412771812532,-1.2499027552220514,46.0,45.0,42.0,45.0,42.0,46.0,44.0,1,0,0,0,7.6688,0,0,7.5376,0,7.692,0,0,0
1776184399.5860062,8.4408,-6.498316065073175e-07,0.5430448756009526,1.2499022282801187,-1.1213414821689167,-1.2499026815695835,-1.1213412771812532,-1.2499027552220514,46.0,45.0,42.0,45.0,42.0,46.0,44.0,2,7.76,0,7.8168,0,0,0,0,0,0,7.6872,0,7.6448
1776184399.586126,8.4408,-6.498316065073175e-07,0.5430448756009526,1.2499022282801187,-1.1213414821689167,-1.2499026815695835,-1.1213412771812532,-1.2499027552220514,46.0,45.0,42.0,45.0,42.0,46.0,44.0,3,0,0,0,7.5064,0,0,7.2192,0,7.9208,0,0,0
1776184399.5862734,8.4408,-6.498316065073175e-07,0.5430448756009526,1.2499022282801187,-1.1213414821689167,-1.2499026815695835,-1.1213412771812532,-1.2499027552220514,46.0,45.0,42.0,45.0,42.0,46.0,44.0,4,8.4408,0,7.5744,0,0,0,0,0,0,7.5656,0,7.5584
1776184399.586452,8.4408,-6.498316065073175e-07,0.5430448756009526,1.2499022282801187,-1.1213414821689167,-1.2499026815695835,-1.1213412771812532,-1.2499027552220514,46.0,45.0,42.0,45.0,42.0,46.0,44.0,5,0,0,0,7.5048,0,0,7.312,0,7.768,0,0,0
1776184399.586763,8.4408,-6.498316065073175e-07,0.5430448756009526,1.2499022282801187,-1.1213414821689167,-1.2499026815695835,-1.1213412771812532,-1.2499027552220514,46.0,45.0,42.0,45.0,42.0,46.0,44.0,6,7.9832,0,7.6088,0,0,0,0,0,0,8.4024,0,7.516
1776184399.586907,8.4408,-6.498316065073175e-07,0.5430448756009526,1.2499022282801187,-1.1213414821689167,-1.2499026815695835,-1.1213412771812532,-1.2499027552220514,46.0,45.0,42.0,45.0,42.0,46.0,44.0,7,7.5024,0,7.6704,0,0,0,0,0,0,7.5152,0,7.5264
1776184399.5870295,8.4408,-6.498316065073175e-07,0.5430448756009526,1.2499022282801187,-1.1213414821689167,-1.2499026815695835,-1.1213412771812532,-1.2499027552220514,46.0,45.0,42.0,45.0,42.0,46.0,44.0,8,7.516,0,7.5168,0,0,0,0,0,0,7.5208,0,7.668
1776184399.638985,8.4408,-6.498316065073175e-07,0.5531839780889336,1.2599041837145162,-1.1303146525255383,-1.2599046279381918,-1.1303144516376282,-1.2599047001176105,46.0,45.0,42.0,45.0,42.0,46.0,44.0,0,7.6128,0,8.0248,0,0,0,0,0,0,7.9664,0,8.0008
1776184399.6391313,8.4408,-6.498316065073175e-07,0.5531839780889336,1.2599041837145162,-1.1303146525255383,-1.2599046279381918,-1.1303144516376282,-1.2599047001176105,46.0,45.0,42.0,45.0,42.0,46.0,44.0,1,0,0,0,7.6688,0,0,7.5376,0,7.692,0,0,0
1776184399.6392019,8.4408,-6.498316065073175e-07,0.5531839780889336,1.2599041837145162,-1.1303146525255383,-1.2599046279381918,-1.1303144516376282,-1.2599047001176105,46.0,45.0,42.0,45.0,42.0,46.0,44.0,2,7.76,0,7.8168,0,0,0,0,0,0,7.6872,0,7.6448
1776184399.6392684,8.4408,-6.498316065073175e-07,0.5531839780889336,1.2599041837145162,-1.1303146525255383,-1.2599046279381918,-1.1303144516376282,-1.2599047001176105,46.0,45.0,42.0,45.0,42.0,46.0,44.0,3,0,0,0,7.5064,0,0,7.2192,0,7.9208,0,0,0
1776184399.639333,8.4408,-6.498316065073175e-07,0.5531839780889336,1.2599041837145162,-1.1303146525255383,-1.2599046279381918,-1.1303144516376282,-1.2599047001176105,46.0,45.0,42.0,45.0,42.0,46.0,44.0,4,8.4408,0,7.5744,0,0,0,0,0,0,7.5656,0,7.5584
1776184399.6393974,8.4408,-6.498316065073175e-07,0.5531839780889336,1.2599041837145162,-1.1303146525255383,-1.2599046279381918,-1.1303144516376282,-1.2599047001176105,46.0,45.0,42.0,45.0,42.0,46.0,44.0,5,0,0,0,7.5048,0,0,7.312,0,7.768,0,0,0
1776184399.6394591,8.4408,-6.498316065073175e-07,0.5531839780889336,1.2599041837145162,-1.1303146525255383,-1.2599046279381918,-1.1303144516376282,-1.2599047001176105,46.0,45.0,42.0,45.0,42.0,46.0,44.0,6,7.9832,0,7.6088,0,0,0,0,0,0,8.4024,0,7.516
1776184399.6395233,8.4408,-6.498316065073175e-07,0.5531839780889336,1.2599041837145162,-1.1303146525255383,-1.2599046279381918,-1.1303144516376282,-1.2599047001176105,46.0,45.0,42.0,45.0,42.0,46.0,44.0,7,7.5024,0,7.6704,0,0,0,0,0,0,7.5152,0,7.5264
1776184399.639632,8.4408,-6.498316065073175e-07,0.5531839780889336,1.2599041837145162,-1.1303146525255383,-1.2599046279381918,-1.1303144516376282,-1.2599047001176105,46.0,45.0,42.0,45.0,42.0,46.0,44.0,8,7.516,0,7.5168,0,0,0,0,0,0,7.5208,0,7.668
1776184399.6911685,8.444,-6.498316065073175e-07,0.563120298527155,1.2697061000402259,-1.1391083594750275,-1.269706535379428,-1.1391081626048756,-1.2697066061152582,46.0,45.0,42.0,45.0,42.0,46.0,44.0,0,7.6136,0,8.024,0,0,0,0,0,0,7.9648,0,7.9992
1776184399.691326,8.444,-6.498316065073175e-07,0.563120298527155,1.2697061000402259,-1.1391083594750275,-1.269706535379428,-1.1391081626048756,-1.2697066061152582,46.0,45.0,42.0,45.0,42.0,46.0,44.0,1,0,0,0,7.668,0,0,7.5376,0,7.692,0,0,0
1776184399.6914387,8.444,-6.498316065073175e-07,0.563120298527155,1.2697061000402259,-1.1391083594750275,-1.269706535379428,-1.1391081626048756,-1.2697066061152582,46.0,45.0,42.0,45.0,42.0,46.0,44.0,2,7.76,0,7.8152,0,0,0,0,0,0,7.6864,0,7.6448
1776184399.6915429,8.444,-6.498316065073175e-07,0.563120298527155,1.2697061000402259,-1.1391083594750275,-1.269706535379428,-1.1391081626048756,-1.2697066061152582,46.0,45.0,42.0,45.0,42.0,46.0,44.0,3,0,0,0,7.5048,0,0,7.2192,0,7.92,0,0,0
1776184399.691648,8.444,-6.498316065073175e-07,0.563120298527155,1.2697061000402259,-1.1391083594750275,-1.269706535379428,-1.1391081626048756,-1.2697066061152582,46.0,45.0,42.0,45.0,42.0,46.0,44.0,4,8.444,0,7.5736,0,0,0,0,0,0,7.5648,0,7.5576
1776184399.6917553,8.444,-6.498316065073175e-07,0.563120298527155,1.2697061000402259,-1.1391083594750275,-1.269706535379428,-1.1391081626048756,-1.2697066061152582,46.0,45.0,42.0,45.0,42.0,46.0,44.0,5,0,0,0,7.5048,0,0,7.3112,0,7.7696,0,0,0
1776184399.6918662,8.444,-6.498316065073175e-07,0.563120298527155,1.2697061000402259,-1.1391083594750275,-1.269706535379428,-1.1391081626048756,-1.2697066061152582,46.0,45.0,42.0,45.0,42.0,46.0,44.0,6,7.9832,0,7.608,0,0,0,0,0,0,8.4024,0,7.5176
1776184399.6919785,8.444,-6.498316065073175e-07,0.563120298527155,1.2697061000402259,-1.1391083594750275,-1.269706535379428,-1.1391081626048756,-1.2697066061152582,46.0,45.0,42.0,45.0,42.0,46.0,44.0,7,7.5008,0,7.6712,0,0,0,0,0,0,7.5144,0,7.5264
1776184399.692101,8.444,-6.498316065073175e-07,0.563120298527155,1.2697061000402259,-1.1391083594750275,-1.269706535379428,-1.1391081626048756,-1.2697066061152582,46.0,45.0,42.0,45.0,42.0,46.0,44.0,8,7.516,0,7.5168,0,0,0,0,0,0,7.5216,0,7.6688
1776184399.74343,8.444,-6.498316065073175e-07,0.5728578925566119,1.2793119780394213,-1.147726192285527,-1.2793124046718394,-1.147725999352778,-1.2793124739929531,46.0,45.0,42.0,45.0,42.0,46.0,44.0,0,7.6136,0,8.024,0,0,0,0,0,0,7.9648,0,7.9992
1776184399.7435558,8.444,-6.498316065073175e-07,0.5728578925566119,1.2793119780394213,-1.147726192285527,-1.2793124046718394,-1.147725999352778,-1.2793124739929531,46.0,45.0,42.0,45.0,42.0,46.0,44.0,1,0,0,0,7.668,0,0,7.5376,0,7.692,0,0,0
1776184399.7436247,8.444,-6.498316065073175e-07,0.5728578925566119,1.2793119780394213,-1.147726192285527,-1.2793124046718394,-1.147725999352778,-1.2793124739929531,46.0,45.0,42.0,45.0,42.0,46.0,44.0,2,7.76,0,7.8152,0,0,0,0,0,0,7.6864,0,7.6448
1776184399.7436905,8.444,-6.498316065073175e-07,0.5728578925566119,1.2793119780394213,-1.147726192285527,-1.2793124046718394,-1.147725999352778,-1.2793124739929531,46.0,45.0,42.0,45.0,42.0,46.0,44.0,3,0,0,0,7.5048,0,0,7.2192,0,7.92,0,0,0
1776184399.7437646,8.444,-6.498316065073175e-07,0.5728578925566119,1.2793119780394213,-1.147726192285527,-1.2793124046718394,-1.147725999352778,-1.2793124739929531,46.0,45.0,42.0,45.0,42.0,46.0,44.0,4,8.444,0,7.5736,0,0,0,0,0,0,7.5648,0,7.5576
1776184399.743828,8.444,-6.498316065073175e-07,0.5728578925566119,1.2793119780394213,-1.147726192285527,-1.2793124046718394,-1.147725999352778,-1.2793124739929531,46.0,45.0,42.0,45.0,42.0,46.0,44.0,5,0,0,0,7.5048,0,0,7.3112,0,7.7696,0,0,0
1776184399.7438893,8.444,-6.498316065073175e-07,0.5728578925566119,1.2793119780394213,-1.147726192285527,-1.2793124046718394,-1.147725999352778,-1.2793124739929531,46.0,45.0,42.0,45.0,42.0,46.0,44.0,6,7.9832,0,7.608,0,0,0,0,0,0,8.4024,0,7.5176
1776184399.743952,8.444,-6.498316065073175e-07,0.5728578925566119,1.2793119780394213,-1.147726192285527,-1.2793124046718394,-1.147725999352778,-1.2793124739929531,46.0,45.0,42.0,45.0,42.0,46.0,44.0,7,7.5008,0,7.6712,0,0,0,0,0,0,7.5144,0,7.5264
1776184399.7440152,8.444,-6.498316065073175e-07,0.5728578925566119,1.2793119780394213,-1.147726192285527,-1.2793124046718394,-1.147725999352778,-1.2793124739929531,46.0,45.0,42.0,45.0,42.0,46.0,44.0,8,7.516,0,7.5168,0,0,0,0,0,0,7.5216,0,7.6688
1776184399.7952163,8.444,-6.498316065073175e-07,0.5824007347054797,1.2887257384786328,-1.1561716684398164,-1.2887261565784025,-1.1561714793657225,-1.2887262245130942,46.0,45.0,42.0,45.0,42.0,46.0,44.0,0,7.6136,0,8.024,0,0,0,0,0,0,7.9648,0,7.9992
1776184399.79532,8.444,-6.498316065073175e-07,0.5824007347054797,1.2887257384786328,-1.1561716684398164,-1.2887261565784025,-1.1561714793657225,-1.2887262245130942,46.0,45.0,42.0,45.0,42.0,46.0,44.0,1,0,0,0,7.668,0,0,7.5376,0,7.692,0,0,0
1776184399.7953882,8.444,-6.498316065073175e-07,0.5824007347054797,1.2887257384786328,-1.1561716684398164,-1.2887261565784025,-1.1561714793657225,-1.2887262245130942,46.0,45.0,42.0,45.0,42.0,46.0,44.0,2,7.76,0,7.8152,0,0,0,0,0,0,7.6864,0,7.6448
1776184399.795587,8.444,-6.498316065073175e-07,0.5824007347054797,1.2887257384786328,-1.1561716684398164,-1.2887261565784025,-1.1561714793657225,-1.2887262245130942,46.0,45.0,42.0,45.0,42.0,46.0,44.0,3,0,0,0,7.5048,0,0,7.2192,0,7.92,0,0,0
1776184399.7957153,8.444,-6.498316065073175e-07,0.5824007347054797,1.2887257384786328,-1.1561716684398164,-1.2887261565784025,-1.1561714793657225,-1.2887262245130942,46.0,45.0,42.0,45.0,42.0,46.0,44.0,4,8.444,0,7.5736,0,0,0,0,0,0,7.5648,0,7.5576
1776184399.795795,8.444,-6.498316065073175e-07,0.5824007347054797,1.2887257384786328,-1.1561716684398164,-1.2887261565784025,-1.1561714793657225,-1.2887262245130942,46.0,45.0,42.0,45.0,42.0,46.0,44.0,5,0,0,0,7.5048,0,0,7.3112,0,7.7696,0,0,0
1776184399.7958577,8.444,-6.498316065073175e-07,0.5824007347054797,1.2887257384786328,-1.1561716684398164,-1.2887261565784025,-1.1561714793657225,-1.2887262245130942,46.0,45.0,42.0,45.0,42.0,46.0,44.0,6,7.9832,0,7.608,0,0,0,0,0,0,8.4024,0,7.5176
1776184399.7959208,8.444,-6.498316065073175e-07,0.5824007347054797,1.2887257384786328,-1.1561716684398164,-1.2887261565784025,-1.1561714793657225,-1.2887262245130942,46.0,45.0,42.0,45.0,42.0,46.0,44.0,7,7.5008,0,7.6712,0,0,0,0,0,0,7.5144,0,7.5264
1776184399.7959836,8.444,-6.498316065073175e-07,0.5824007347054797,1.2887257384786328,-1.1561716684398164,-1.2887261565784025,-1.1561714793657225,-1.2887262245130942,46.0,45.0,42.0,45.0,42.0,46.0,44.0,8,7.516,0,7.5168,0,0,0,0,0,0,7.5216,0,7.6688
1776184399.8473928,8.444,-6.498316065073175e-07,0.5917527200113701,1.2979512237090602,-1.1644482350710201,-1.2979516334468344,-1.164448049778408,-1.2979517000228322,46.0,45.0,42.0,45.0,42.0,46.0,44.0,0,7.612,0,8.0248,0,0,0,0,0,0,7.9664,0,8.0008
1776184399.847499,8.444,-6.498316065073175e-07,0.5917527200113701,1.2979512237090602,-1.1644482350710201,-1.2979516334468344,-1.164448049778408,-1.2979517000228322,46.0,45.0,42.0,45.0,42.0,46.0,44.0,1,0,0,0,7.668,0,0,7.5376,0,7.6912,0,0,0
1776184399.8475676,8.444,-6.498316065073175e-07,0.5917527200113701,1.2979512237090602,-1.1644482350710201,-1.2979516334468344,-1.164448049778408,-1.2979517000228322,46.0,45.0,42.0,45.0,42.0,46.0,44.0,2,7.7592,0,7.8152,0,0,0,0,0,0,7.6864,0,7.6448
1776184399.8476334,8.444,-6.498316065073175e-07,0.5917527200113701,1.2979512237090602,-1.1644482350710201,-1.2979516334468344,-1.164448049778408,-1.2979517000228322,46.0,45.0,42.0,45.0,42.0,46.0,44.0,3,0,0,0,7.5056,0,0,7.2184,0,7.9192,0,0,0
1776184399.8476965,8.444,-6.498316065073175e-07,0.5917527200113701,1.2979512237090602,-1.1644482350710201,-1.2979516334468344,-1.164448049778408,-1.2979517000228322,46.0,45.0,42.0,45.0,42.0,46.0,44.0,4,8.444,0,7.5736,0,0,0,0,0,0,7.5648,0,7.5584
1776184399.8478465,8.444,-6.498316065073175e-07,0.5917527200113701,1.2979512237090602,-1.1644482350710201,-1.2979516334468344,-1.164448049778408,-1.2979517000228322,46.0,45.0,42.0,45.0,42.0,46.0,44.0,5,0,0,0,7.504,0,0,7.312,0,7.7688,0,0,0
1776184399.8479106,8.444,-6.498316065073175e-07,0.5917527200113701,1.2979512237090602,-1.1644482350710201,-1.2979516334468344,-1.164448049778408,-1.2979517000228322,46.0,45.0,42.0,45.0,42.0,46.0,44.0,6,7.9824,0,7.608,0,0,0,0,0,0,8.4016,0,7.5168
1776184399.847974,8.444,-6.498316065073175e-07,0.5917527200113701,1.2979512237090602,-1.1644482350710201,-1.2979516334468344,-1.164448049778408,-1.2979517000228322,46.0,45.0,42.0,45.0,42.0,46.0,44.0,7,7.5008,0,7.6704,0,0,0,0,0,0,7.5144,0,7.5272
1776184399.8480382,8.444,-6.498316065073175e-07,0.5917527200113701,1.2979512237090602,-1.1644482350710201,-1.2979516334468344,-1.164448049778408,-1.2979517000228322,46.0,45.0,42.0,45.0,42.0,46.0,44.0,8,7.5152,0,7.5168,0,0,0,0,0,0,7.5208,0,7.6688
1776184399.8992727,8.444,-6.498316065073175e-07,0.6009176656111427,1.306992199234879,-1.1725592703695997,-1.3069926007778978,-1.1725590887828399,-1.3069926660223756,46.0,45.0,42.0,45.0,42.0,46.0,44.0,0,7.612,0,8.0248,0,0,0,0,0,0,7.9664,0,8.0008
1776184399.8993773,8.444,-6.498316065073175e-07,0.6009176656111427,1.306992199234879,-1.1725592703695997,-1.3069926007778978,-1.1725590887828399,-1.3069926660223756,46.0,45.0,42.0,45.0,42.0,46.0,44.0,1,0,0,0,7.668,0,0,7.5376,0,7.6912,0,0,0
1776184399.899446,8.444,-6.498316065073175e-07,0.6009176656111427,1.306992199234879,-1.1725592703695997,-1.3069926007778978,-1.1725590887828399,-1.3069926660223756,46.0,45.0,42.0,45.0,42.0,46.0,44.0,2,7.7592,0,7.8152,0,0,0,0,0,0,7.6864,0,7.6448
1776184399.8995118,8.444,-6.498316065073175e-07,0.6009176656111427,1.306992199234879,-1.1725592703695997,-1.3069926007778978,-1.1725590887828399,-1.3069926660223756,46.0,45.0,42.0,45.0,42.0,46.0,44.0,3,0,0,0,7.5056,0,0,7.2184,0,7.9192,0,0,0
1776184399.8995743,8.444,-6.498316065073175e-07,0.6009176656111427,1.306992199234879,-1.1725592703695997,-1.3069926007778978,-1.1725590887828399,-1.3069926660223756,46.0,45.0,42.0,45.0,42.0,46.0,44.0,4,8.444,0,7.5736,0,0,0,0,0,0,7.5648,0,7.5584
1776184399.8996384,8.444,-6.498316065073175e-07,0.6009176656111427,1.306992199234879,-1.1725592703695997,-1.3069926007778978,-1.1725590887828399,-1.3069926660223756,46.0,45.0,42.0,45.0,42.0,46.0,44.0,5,0,0,0,7.504,0,0,7.312,0,7.7688,0,0,0
1776184399.8996994,8.444,-6.498316065073175e-07,0.6009176656111427,1.306992199234879,-1.1725592703695997,-1.3069926007778978,-1.1725590887828399,-1.3069926660223756,46.0,45.0,42.0,45.0,42.0,46.0,44.0,6,7.9824,0,7.608,0,0,0,0,0,0,8.4016,0,7.5168
1776184399.8997622,8.444,-6.498316065073175e-07,0.6009176656111427,1.306992199234879,-1.1725592703695997,-1.3069926007778978,-1.1725590887828399,-1.3069926660223756,46.0,45.0,42.0,45.0,42.0,46.0,44.0,7,7.5008,0,7.6704,0,0,0,0,0,0,7.5144,0,7.5272
1776184399.8998246,8.444,-6.498316065073175e-07,0.6009176656111427,1.306992199234879,-1.1725592703695997,-1.3069926007778978,-1.1725590887828399,-1.3069926660223756,46.0,45.0,42.0,45.0,42.0,46.0,44.0,8,7.5152,0,7.5168,0,0,0,0,0,0,7.5208,0,7.6688
1776184399.9510305,8.4432,-6.498316065073175e-07,0.6098993122989198,1.3158523552501813,-1.1805080849622078,-1.31585274876234,-1.180507907007183,-1.3158528127019282,46.0,45.0,42.0,45.0,42.0,46.0,44.0,0,7.6128,0,8.0248,0,0,0,0,0,0,7.9672,0,8.0
1776184399.9511595,8.4432,-6.498316065073175e-07,0.6098993122989198,1.3158523552501813,-1.1805080849622078,-1.31585274876234,-1.180507907007183,-1.3158528127019282,46.0,45.0,42.0,45.0,42.0,46.0,44.0,1,0,0,0,7.668,0,0,7.5384,0,7.6912,0,0,0
1776184399.9512293,8.4432,-6.498316065073175e-07,0.6098993122989198,1.3158523552501813,-1.1805080849622078,-1.31585274876234,-1.180507907007183,-1.3158528127019282,46.0,45.0,42.0,45.0,42.0,46.0,44.0,2,7.7592,0,7.8168,0,0,0,0,0,0,7.6856,0,7.6456
1776184399.951295,8.4432,-6.498316065073175e-07,0.6098993122989198,1.3158523552501813,-1.1805080849622078,-1.31585274876234,-1.180507907007183,-1.3158528127019282,46.0,45.0,42.0,45.0,42.0,46.0,44.0,3,0,0,0,7.5056,0,0,7.2192,0,7.9184,0,0,0
1776184399.9513922,8.4432,-6.498316065073175e-07,0.6098993122989198,1.3158523552501813,-1.1805080849622078,-1.31585274876234,-1.180507907007183,-1.3158528127019282,46.0,45.0,42.0,45.0,42.0,46.0,44.0,4,8.4432,0,7.5744,0,0,0,0,0,0,7.5648,0,7.5584
1776184399.9514556,8.4432,-6.498316065073175e-07,0.6098993122989198,1.3158523552501813,-1.1805080849622078,-1.31585274876234,-1.180507907007183,-1.3158528127019282,46.0,45.0,42.0,45.0,42.0,46.0,44.0,5,0,0,0,7.5048,0,0,7.3112,0,7.768,0,0,0
1776184399.951516,8.4432,-6.498316065073175e-07,0.6098993122989198,1.3158523552501813,-1.1805080849622078,-1.31585274876234,-1.180507907007183,-1.3158528127019282,46.0,45.0,42.0,45.0,42.0,46.0,44.0,6,7.9824,0,7.6072,0,0,0,0,0,0,8.4,0,7.516
1776184399.9515789,8.4432,-6.498316065073175e-07,0.6098993122989198,1.3158523552501813,-1.1805080849622078,-1.31585274876234,-1.180507907007183,-1.3158528127019282,46.0,45.0,42.0,45.0,42.0,46.0,44.0,7,7.5,0,7.6696,0,0,0,0,0,0,7.5152,0,7.5256
1776184399.9516425,8.4432,-6.498316065073175e-07,0.6098993122989198,1.3158523552501813,-1.1805080849622078,-1.31585274876234,-1.180507907007183,-1.3158528127019282,46.0,45.0,42.0,45.0,42.0,46.0,44.0,8,7.516,0,7.5168,0,0,0,0,0,0,7.5216,0,7.6688
1776184400.003968,8.4432,-6.498316065073175e-07,0.6187013260529414,1.3245353081451776,-1.1882979232629636,-1.3245356937870931,-1.1882977488670394,-1.3245357564478897,46.0,45.0,42.0,45.0,42.0,46.0,44.0,0,7.6128,0,8.0248,0,0,0,0,0,0,7.9672,0,8.0
1776184400.0041866,8.4432,-6.498316065073175e-07,0.6187013260529414,1.3245353081451776,-1.1882979232629636,-1.3245356937870931,-1.1882977488670394,-1.3245357564478897,46.0,45.0,42.0,45.0,42.0,46.0,44.0,1,0,0,0,7.668,0,0,7.5384,0,7.6912,0,0,0
1776184400.0043209,8.4432,-6.498316065073175e-07,0.6187013260529414,1.3245353081451776,-1.1882979232629636,-1.3245356937870931,-1.1882977488670394,-1.3245357564478897,46.0,45.0,42.0,45.0,42.0,46.0,44.0,2,7.7592,0,7.8168,0,0,0,0,0,0,7.6856,0,7.6456
1776184400.004448,8.4432,-6.498316065073175e-07,0.6187013260529414,1.3245353081451776,-1.1882979232629636,-1.3245356937870931,-1.1882977488670394,-1.3245357564478897,46.0,45.0,42.0,45.0,42.0,46.0,44.0,3,0,0,0,7.5056,0,0,7.2192,0,7.9184,0,0,0
1776184400.0045636,8.4432,-6.498316065073175e-07,0.6187013260529414,1.3245353081451776,-1.1882979232629636,-1.3245356937870931,-1.1882977488670394,-1.3245357564478897,46.0,45.0,42.0,45.0,42.0,46.0,44.0,4,8.4432,0,7.5744,0,0,0,0,0,0,7.5648,0,7.5584
1776184400.0048597,8.4432,-6.498316065073175e-07,0.6187013260529414,1.3245353081451776,-1.1882979232629636,-1.3245356937870931,-1.1882977488670394,-1.3245357564478897,46.0,45.0,42.0,45.0,42.0,46.0,44.0,5,0,0,0,7.5048,0,0,7.3112,0,7.768,0,0,0
1776184400.0049741,8.4432,-6.498316065073175e-07,0.6187013260529414,1.3245353081451776,-1.1882979232629636,-1.3245356937870931,-1.1882977488670394,-1.3245357564478897,46.0,45.0,42.0,45.0,42.0,46.0,44.0,6,7.9824,0,7.6072,0,0,0,0,0,0,8.4,0,7.516
1776184400.0050907,8.4432,-6.498316065073175e-07,0.6187013260529414,1.3245353081451776,-1.1882979232629636,-1.3245356937870931,-1.1882977488670394,-1.3245357564478897,46.0,45.0,42.0,45.0,42.0,46.0,44.0,7,7.5,0,7.6696,0,0,0,0,0,0,7.5152,0,7.5256
1776184400.0051577,8.4432,-6.498316065073175e-07,0.6187013260529414,1.3245353081451776,-1.1882979232629636,-1.3245356937870931,-1.1882977488670394,-1.3245357564478897,46.0,45.0,42.0,45.0,42.0,46.0,44.0,8,7.516,0,7.5168,0,0,0,0,0,0,7.5216,0,7.6688
1776184400.056382,8.4424,-6.498316065073175e-07,0.6273272995318826,1.3330446019822741,-1.1959319647977043,-1.3330449799113513,-1.1959317938896987,-1.3330450413189319,46.0,45.0,42.0,45.0,42.0,46.0,44.0,0,7.6128,0,8.0248,0,0,0,0,0,0,7.9664,0,8.0008
1776184400.0565193,8.4424,-6.498316065073175e-07,0.6273272995318826,1.3330446019822741,-1.1959319647977043,-1.3330449799113513,-1.1959317938896987,-1.3330450413189319,46.0,45.0,42.0,45.0,42.0,46.0,44.0,1,0,0,0,7.668,0,0,7.5376,0,7.6928,0,0,0
1776184400.056625,8.4424,-6.498316065073175e-07,0.6273272995318826,1.3330446019822741,-1.1959319647977043,-1.3330449799113513,-1.1959317938896987,-1.3330450413189319,46.0,45.0,42.0,45.0,42.0,46.0,44.0,2,7.76,0,7.816,0,0,0,0,0,0,7.6856,0,7.6448
1776184400.0567858,8.4424,-6.498316065073175e-07,0.6273272995318826,1.3330446019822741,-1.1959319647977043,-1.3330449799113513,-1.1959317938896987,-1.3330450413189319,46.0,45.0,42.0,45.0,42.0,46.0,44.0,3,0,0,0,7.5064,0,0,7.2192,0,7.9192,0,0,0
1776184400.0568614,8.4424,-6.498316065073175e-07,0.6273272995318826,1.3330446019822741,-1.1959319647977043,-1.3330449799113513,-1.1959317938896987,-1.3330450413189319,46.0,45.0,42.0,45.0,42.0,46.0,44.0,4,8.4424,0,7.5736,0,0,0,0,0,0,7.5664,0,7.5592
1776184400.0569258,8.4424,-6.498316065073175e-07,0.6273272995318826,1.3330446019822741,-1.1959319647977043,-1.3330449799113513,-1.1959317938896987,-1.3330450413189319,46.0,45.0,42.0,45.0,42.0,46.0,44.0,5,0,0,0,7.5048,0,0,7.3104,0,7.768,0,0,0
1776184400.0569873,8.4424,-6.498316065073175e-07,0.6273272995318826,1.3330446019822741,-1.1959319647977043,-1.3330449799113513,-1.1959317938896987,-1.3330450413189319,46.0,45.0,42.0,45.0,42.0,46.0,44.0,6,7.9832,0,7.6088,0,0,0,0,0,0,8.4016,0,7.5168
1776184400.0570505,8.4424,-6.498316065073175e-07,0.6273272995318826,1.3330446019822741,-1.1959319647977043,-1.3330449799113513,-1.1959317938896987,-1.3330450413189319,46.0,45.0,42.0,45.0,42.0,46.0,44.0,7,7.5016,0,7.6712,0,0,0,0,0,0,7.5152,0,7.528
1776184400.057114,8.4424,-6.498316065073175e-07,0.6273272995318826,1.3330446019822741,-1.1959319647977043,-1.3330449799113513,-1.1959317938896987,-1.3330450413189319,46.0,45.0,42.0,45.0,42.0,46.0,44.0,8,7.5152,0,7.516,0,0,0,0,0,0,7.5224,0,7.6688
1776184400.108463,8.4424,-6.498316065073175e-07,0.635780753541245,1.3413837099426287,-1.20341332550175,-1.3413840803131243,-1.2034131580119047,-1.3413841404925533,46.0,45.0,42.0,45.0,42.0,46.0,44.0,0,7.6128,0,8.0248,0,0,0,0,0,0,7.9664,0,8.0008
1776184400.1085691,8.4424,-6.498316065073175e-07,0.635780753541245,1.3413837099426287,-1.20341332550175,-1.3413840803131243,-1.2034131580119047,-1.3413841404925533,46.0,45.0,42.0,45.0,42.0,46.0,44.0,1,0,0,0,7.668,0,0,7.5376,0,7.6928,0,0,0
1776184400.108639,8.4424,-6.498316065073175e-07,0.635780753541245,1.3413837099426287,-1.20341332550175,-1.3413840803131243,-1.2034131580119047,-1.3413841404925533,46.0,45.0,42.0,45.0,42.0,46.0,44.0,2,7.76,0,7.816,0,0,0,0,0,0,7.6856,0,7.6448
1776184400.1087554,8.4424,-6.498316065073175e-07,0.635780753541245,1.3413837099426287,-1.20341332550175,-1.3413840803131243,-1.2034131580119047,-1.3413841404925533,46.0,45.0,42.0,45.0,42.0,46.0,44.0,3,0,0,0,7.5064,0,0,7.2192,0,7.9192,0,0,0
1776184400.1088202,8.4424,-6.498316065073175e-07,0.635780753541245,1.3413837099426287,-1.20341332550175,-1.3413840803131243,-1.2034131580119047,-1.3413841404925533,46.0,45.0,42.0,45.0,42.0,46.0,44.0,4,8.4424,0,7.5736,0,0,0,0,0,0,7.5664,0,7.5592
1776184400.1088834,8.4424,-6.498316065073175e-07,0.635780753541245,1.3413837099426287,-1.20341332550175,-1.3413840803131243,-1.2034131580119047,-1.3413841404925533,46.0,45.0,42.0,45.0,42.0,46.0,44.0,5,0,0,0,7.5048,0,0,7.3104,0,7.768,0,0,0
1776184400.1089451,8.4424,-6.498316065073175e-07,0.635780753541245,1.3413837099426287,-1.20341332550175,-1.3413840803131243,-1.2034131580119047,-1.3413841404925533,46.0,45.0,42.0,45.0,42.0,46.0,44.0,6,7.9832,0,7.6088,0,0,0,0,0,0,8.4016,0,7.5168
1776184400.109008,8.4424,-6.498316065073175e-07,0.635780753541245,1.3413837099426287,-1.20341332550175,-1.3413840803131243,-1.2034131580119047,-1.3413841404925533,46.0,45.0,42.0,45.0,42.0,46.0,44.0,7,7.5016,0,7.6712,0,0,0,0,0,0,7.5152,0,7.528
1776184400.1090875,8.4424,-6.498316065073175e-07,0.635780753541245,1.3413837099426287,-1.20341332550175,-1.3413840803131243,-1.2034131580119047,-1.3413841404925533,46.0,45.0,42.0,45.0,42.0,46.0,44.0,8,7.5152,0,7.516,0,0,0,0,0,0,7.5224,0,7.6688
1776184400.1608539,8.4424,-6.498316065073175e-07,0.64406513847042,1.3495560357437761,-1.210745058991715,-1.3495563987068617,-1.2107448948516666,-1.3495564576827022,46.0,45.0,42.0,45.0,42.0,46.0,44.0,0,7.6128,0,8.0248,0,0,0,0,0,0,7.9664,0,8.0008
1776184400.1609802,8.4424,-6.498316065073175e-07,0.64406513847042,1.3495560357437761,-1.210745058991715,-1.3495563987068617,-1.2107448948516666,-1.3495564576827022,46.0,45.0,42.0,45.0,42.0,46.0,44.0,1,0,0,0,7.668,0,0,7.5376,0,7.6928,0,0,0
1776184400.1610613,8.4424,-6.498316065073175e-07,0.64406513847042,1.3495560357437761,-1.210745058991715,-1.3495563987068617,-1.2107448948516666,-1.3495564576827022,46.0,45.0,42.0,45.0,42.0,46.0,44.0,2,7.76,0,7.816,0,0,0,0,0,0,7.6856,0,7.6448
1776184400.1612847,8.4424,-6.498316065073175e-07,0.64406513847042,1.3495560357437761,-1.210745058991715,-1.3495563987068617,-1.2107448948516666,-1.3495564576827022,46.0,45.0,42.0,45.0,42.0,46.0,44.0,3,0,0,0,7.5064,0,0,7.2192,0,7.9192,0,0,0
1776184400.161364,8.4424,-6.498316065073175e-07,0.64406513847042,1.3495560357437761,-1.210745058991715,-1.3495563987068617,-1.2107448948516666,-1.3495564576827022,46.0,45.0,42.0,45.0,42.0,46.0,44.0,4,8.4424,0,7.5736,0,0,0,0,0,0,7.5664,0,7.5592
1776184400.1614394,8.4424,-6.498316065073175e-07,0.64406513847042,1.3495560357437761,-1.210745058991715,-1.3495563987068617,-1.2107448948516666,-1.3495564576827022,46.0,45.0,42.0,45.0,42.0,46.0,44.0,5,0,0,0,7.5048,0,0,7.3104,0,7.768,0,0,0
1776184400.1616638,8.4424,-6.498316065073175e-07,0.64406513847042,1.3495560357437761,-1.210745058991715,-1.3495563987068617,-1.2107448948516666,-1.3495564576827022,46.0,45.0,42.0,45.0,42.0,46.0,44.0,6,7.9832,0,7.6088,0,0,0,0,0,0,8.4016,0,7.5168
1776184400.1618268,8.4424,-6.498316065073175e-07,0.64406513847042,1.3495560357437761,-1.210745058991715,-1.3495563987068617,-1.2107448948516666,-1.3495564576827022,46.0,45.0,42.0,45.0,42.0,46.0,44.0,7,7.5016,0,7.6712,0,0,0,0,0,0,7.5152,0,7.528
1776184400.1619604,8.4424,-6.498316065073175e-07,0.64406513847042,1.3495560357437761,-1.210745058991715,-1.3495563987068617,-1.2107448948516666,-1.3495564576827022,46.0,45.0,42.0,45.0,42.0,46.0,44.0,8,7.5152,0,7.516,0,0,0,0,0,0,7.5224,0,7.6688
1776184400.2136698,8.4416,-6.498316065073175e-07,0.6521838357010116,1.3575649150289006,-1.2179301578118806,-1.3575652707327246,-1.2179299969546333,-1.357565328529048,46.0,45.0,42.0,45.0,42.0,46.0,44.0,0,7.612,0,8.0256,0,0,0,0,0,0,7.9664,0,8.0
1776184400.2137933,8.4416,-6.498316065073175e-07,0.6521838357010116,1.3575649150289006,-1.2179301578118806,-1.3575652707327246,-1.2179299969546333,-1.357565328529048,46.0,45.0,42.0,45.0,42.0,46.0,44.0,1,0,0,0,7.668,0,0,7.5368,0,7.692,0,0,0
1776184400.2138743,8.4416,-6.498316065073175e-07,0.6521838357010116,1.3575649150289006,-1.2179301578118806,-1.3575652707327246,-1.2179299969546333,-1.357565328529048,46.0,45.0,42.0,45.0,42.0,46.0,44.0,2,7.7608,0,7.816,0,0,0,0,0,0,7.6864,0,7.644
1776184400.2139518,8.4416,-6.498316065073175e-07,0.6521838357010116,1.3575649150289006,-1.2179301578118806,-1.3575652707327246,-1.2179299969546333,-1.357565328529048,46.0,45.0,42.0,45.0,42.0,46.0,44.0,3,0,0,0,7.5072,0,0,7.22,0,7.92,0,0,0
1776184400.2140257,8.4416,-6.498316065073175e-07,0.6521838357010116,1.3575649150289006,-1.2179301578118806,-1.3575652707327246,-1.2179299969546333,-1.357565328529048,46.0,45.0,42.0,45.0,42.0,46.0,44.0,4,8.4416,0,7.5736,0,0,0,0,0,0,7.5648,0,7.5576
1776184400.2141001,8.4416,-6.498316065073175e-07,0.6521838357010116,1.3575649150289006,-1.2179301578118806,-1.3575652707327246,-1.2179299969546333,-1.357565328529048,46.0,45.0,42.0,45.0,42.0,46.0,44.0,5,0,0,0,7.504,0,0,7.3096,0,7.7672,0,0,0
1776184400.2141714,8.4416,-6.498316065073175e-07,0.6521838357010116,1.3575649150289006,-1.2179301578118806,-1.3575652707327246,-1.2179299969546333,-1.357565328529048,46.0,45.0,42.0,45.0,42.0,46.0,44.0,6,7.9824,0,7.6072,0,0,0,0,0,0,8.4016,0,7.5168
1776184400.2142453,8.4416,-6.498316065073175e-07,0.6521838357010116,1.3575649150289006,-1.2179301578118806,-1.3575652707327246,-1.2179299969546333,-1.357565328529048,46.0,45.0,42.0,45.0,42.0,46.0,44.0,7,7.5016,0,7.6704,0,0,0,0,0,0,7.516,0,7.5264
1776184400.2143664,8.4416,-6.498316065073175e-07,0.6521838357010116,1.3575649150289006,-1.2179301578118806,-1.3575652707327246,-1.2179299969546333,-1.357565328529048,46.0,45.0,42.0,45.0,42.0,46.0,44.0,8,7.516,0,7.5168,0,0,0,0,0,0,7.5216,0,7.6688
1776184400.2655182,8.4416,-6.498316065073175e-07,0.6601401589869913,1.3654136167283226,-1.224971554655643,-1.3654139653180701,-1.2249713970155407,-1.3654140219584672,46.0,45.0,42.0,45.0,42.0,46.0,44.0,0,7.612,0,8.0256,0,0,0,0,0,0,7.9664,0,8.0
1776184400.2656646,8.4416,-6.498316065073175e-07,0.6601401589869913,1.3654136167283226,-1.224971554655643,-1.3654139653180701,-1.2249713970155407,-1.3654140219584672,46.0,45.0,42.0,45.0,42.0,46.0,44.0,1,0,0,0,7.668,0,0,7.5368,0,7.692,0,0,0
1776184400.2657707,8.4416,-6.498316065073175e-07,0.6601401589869913,1.3654136167283226,-1.224971554655643,-1.3654139653180701,-1.2249713970155407,-1.3654140219584672,46.0,45.0,42.0,45.0,42.0,46.0,44.0,2,7.7608,0,7.816,0,0,0,0,0,0,7.6864,0,7.644
1776184400.2658792,8.4416,-6.498316065073175e-07,0.6601401589869913,1.3654136167283226,-1.224971554655643,-1.3654139653180701,-1.2249713970155407,-1.3654140219584672,46.0,45.0,42.0,45.0,42.0,46.0,44.0,3,0,0,0,7.5072,0,0,7.22,0,7.92,0,0,0
1776184400.265987,8.4416,-6.498316065073175e-07,0.6601401589869913,1.3654136167283226,-1.224971554655643,-1.3654139653180701,-1.2249713970155407,-1.3654140219584672,46.0,45.0,42.0,45.0,42.0,46.0,44.0,4,8.4416,0,7.5736,0,0,0,0,0,0,7.5648,0,7.5576
1776184400.2660513,8.4416,-6.498316065073175e-07,0.6601401589869913,1.3654136167283226,-1.224971554655643,-1.3654139653180701,-1.2249713970155407,-1.3654140219584672,46.0,45.0,42.0,45.0,42.0,46.0,44.0,5,0,0,0,7.504,0,0,7.3096,0,7.7672,0,0,0
1776184400.2661133,8.4416,-6.498316065073175e-07,0.6601401589869913,1.3654136167283226,-1.224971554655643,-1.3654139653180701,-1.2249713970155407,-1.3654140219584672,46.0,45.0,42.0,45.0,42.0,46.0,44.0,6,7.9824,0,7.6072,0,0,0,0,0,0,8.4016,0,7.5168
1776184400.2661772,8.4416,-6.498316065073175e-07,0.6601401589869913,1.3654136167283226,-1.224971554655643,-1.3654139653180701,-1.2249713970155407,-1.3654140219584672,46.0,45.0,42.0,45.0,42.0,46.0,44.0,7,7.5016,0,7.6704,0,0,0,0,0,0,7.516,0,7.5264
1776184400.2662396,8.4416,-6.498316065073175e-07,0.6601401589869913,1.3654136167283226,-1.224971554655643,-1.3654139653180701,-1.2249713970155407,-1.3654140219584672,46.0,45.0,42.0,45.0,42.0,46.0,44.0,8,7.516,0,7.5168,0,0,0,0,0,0,7.5216,0,7.6688
1776184400.3181136,8.4432,-6.498316065073175e-07,0.6679373558072514,1.3731053443937562,-1.23187212356253,-1.3731056860117088,-1.2318719690752298,-1.3731057415192978,46.0,45.0,42.0,45.0,42.0,46.0,44.0,0,7.6144,0,8.024,0,0,0,0,0,0,7.9656,0,7.9992
1776184400.3183064,8.4432,-6.498316065073175e-07,0.6679373558072514,1.3731053443937562,-1.23187212356253,-1.3731056860117088,-1.2318719690752298,-1.3731057415192978,46.0,45.0,42.0,45.0,42.0,46.0,44.0,1,0,0,0,7.6672,0,0,7.5368,0,7.692,0,0,0
1776184400.3184905,8.4432,-6.498316065073175e-07,0.6679373558072514,1.3731053443937562,-1.23187212356253,-1.3731056860117088,-1.2318719690752298,-1.3731057415192978,46.0,45.0,42.0,45.0,42.0,46.0,44.0,2,7.76,0,7.816,0,0,0,0,0,0,7.6864,0,7.6456
1776184400.3186142,8.4432,-6.498316065073175e-07,0.6679373558072514,1.3731053443937562,-1.23187212356253,-1.3731056860117088,-1.2318719690752298,-1.3731057415192978,46.0,45.0,42.0,45.0,42.0,46.0,44.0,3,0,0,0,7.5064,0,0,7.2184,0,7.92,0,0,0
1776184400.3187315,8.4432,-6.498316065073175e-07,0.6679373558072514,1.3731053443937562,-1.23187212356253,-1.3731056860117088,-1.2318719690752298,-1.3731057415192978,46.0,45.0,42.0,45.0,42.0,46.0,44.0,4,8.4432,0,7.5728,0,0,0,0,0,0,7.5648,0,7.5592
1776184400.3188746,8.4432,-6.498316065073175e-07,0.6679373558072514,1.3731053443937562,-1.23187212356253,-1.3731056860117088,-1.2318719690752298,-1.3731057415192978,46.0,45.0,42.0,45.0,42.0,46.0,44.0,5,0,0,0,7.504,0,0,7.308,0,7.7672,0,0,0
1776184400.3189926,8.4432,-6.498316065073175e-07,0.6679373558072514,1.3731053443937562,-1.23187212356253,-1.3731056860117088,-1.2318719690752298,-1.3731057415192978,46.0,45.0,42.0,45.0,42.0,46.0,44.0,6,7.9832,0,7.6072,0,0,0,0,0,0,8.4024,0,7.5168
1776184400.3191247,8.4432,-6.498316065073175e-07,0.6679373558072514,1.3731053443937562,-1.23187212356253,-1.3731056860117088,-1.2318719690752298,-1.3731057415192978,46.0,45.0,42.0,45.0,42.0,46.0,44.0,7,7.5008,0,7.672,0,0,0,0,0,0,7.5144,0,7.5256
1776184400.3192782,8.4432,-6.498316065073175e-07,0.6679373558072514,1.3731053443937562,-1.23187212356253,-1.3731056860117088,-1.2318719690752298,-1.3731057415192978,46.0,45.0,42.0,45.0,42.0,46.0,44.0,8,7.5168,0,7.5168,0,0,0,0,0,0,7.5216,0,7.6696
1776184400.370111,8.4432,-6.498316065073175e-07,0.6755786086911064,1.380643237505881,-1.2386346810912794,-1.3806435722914747,-1.2386345296937251,-1.3806436266889117,46.0,45.0,42.0,45.0,42.0,46.0,44.0,0,7.6144,0,8.024,0,0,0,0,0,0,7.9656,0,7.9992
1776184400.3701568,8.4432,-6.498316065073175e-07,0.6755786086911064,1.380643237505881,-1.2386346810912794,-1.3806435722914747,-1.2386345296937251,-1.3806436266889117,46.0,45.0,42.0,45.0,42.0,46.0,44.0,1,0,0,0,7.6672,0,0,7.5368,0,7.692,0,0,0
1776184400.3701844,8.4432,-6.498316065073175e-07,0.6755786086911064,1.380643237505881,-1.2386346810912794,-1.3806435722914747,-1.2386345296937251,-1.3806436266889117,46.0,45.0,42.0,45.0,42.0,46.0,44.0,2,7.76,0,7.816,0,0,0,0,0,0,7.6864,0,7.6456
1776184400.3702836,8.4432,-6.498316065073175e-07,0.6755786086911064,1.380643237505881,-1.2386346810912794,-1.3806435722914747,-1.2386345296937251,-1.3806436266889117,46.0,45.0,42.0,45.0,42.0,46.0,44.0,3,0,0,0,7.5064,0,0,7.2184,0,7.92,0,0,0
1776184400.370312,8.4432,-6.498316065073175e-07,0.6755786086911064,1.380643237505881,-1.2386346810912794,-1.3806435722914747,-1.2386345296937251,-1.3806436266889117,46.0,45.0,42.0,45.0,42.0,46.0,44.0,4,8.4432,0,7.5728,0,0,0,0,0,0,7.5648,0,7.5592
1776184400.3703372,8.4432,-6.498316065073175e-07,0.6755786086911064,1.380643237505881,-1.2386346810912794,-1.3806435722914747,-1.2386345296937251,-1.3806436266889117,46.0,45.0,42.0,45.0,42.0,46.0,44.0,5,0,0,0,7.504,0,0,7.308,0,7.7672,0,0,0
1776184400.3703647,8.4432,-6.498316065073175e-07,0.6755786086911064,1.380643237505881,-1.2386346810912794,-1.3806435722914747,-1.2386345296937251,-1.3806436266889117,46.0,45.0,42.0,45.0,42.0,46.0,44.0,6,7.9832,0,7.6072,0,0,0,0,0,0,8.4024,0,7.5168
1776184400.3703926,8.4432,-6.498316065073175e-07,0.6755786086911064,1.380643237505881,-1.2386346810912794,-1.3806435722914747,-1.2386345296937251,-1.3806436266889117,46.0,45.0,42.0,45.0,42.0,46.0,44.0,7,7.5008,0,7.672,0,0,0,0,0,0,7.5144,0,7.5256
1776184400.37042,8.4432,-6.498316065073175e-07,0.6755786086911064,1.380643237505881,-1.2386346810912794,-1.3806435722914747,-1.2386345296937251,-1.3806436266889117,46.0,45.0,42.0,45.0,42.0,46.0,44.0,8,7.5168,0,7.5168,0,0,0,0,0,0,7.5216,0,7.6696
1776184400.4210203,8.4432,-6.498316065073175e-07,0.6830670365172843,1.3880303727557635,-1.2452619874694537,-1.3880307008456452,-1.2452618390998507,-1.3880307541551336,46.0,45.0,42.0,45.0,42.0,46.0,44.0,0,7.6144,0,8.024,0,0,0,0,0,0,7.9656,0,7.9992
1776184400.4210675,8.4432,-6.498316065073175e-07,0.6830670365172843,1.3880303727557635,-1.2452619874694537,-1.3880307008456452,-1.2452618390998507,-1.3880307541551336,46.0,45.0,42.0,45.0,42.0,46.0,44.0,1,0,0,0,7.6672,0,0,7.5368,0,7.692,0,0,0
1776184400.4210978,8.4432,-6.498316065073175e-07,0.6830670365172843,1.3880303727557635,-1.2452619874694537,-1.3880307008456452,-1.2452618390998507,-1.3880307541551336,46.0,45.0,42.0,45.0,42.0,46.0,44.0,2,7.76,0,7.816,0,0,0,0,0,0,7.6864,0,7.6456
1776184400.4211283,8.4432,-6.498316065073175e-07,0.6830670365172843,1.3880303727557635,-1.2452619874694537,-1.3880307008456452,-1.2452618390998507,-1.3880307541551336,46.0,45.0,42.0,45.0,42.0,46.0,44.0,3,0,0,0,7.5064,0,0,7.2184,0,7.92,0,0,0
1776184400.42116,8.4432,-6.498316065073175e-07,0.6830670365172843,1.3880303727557635,-1.2452619874694537,-1.3880307008456452,-1.2452618390998507,-1.3880307541551336,46.0,45.0,42.0,45.0,42.0,46.0,44.0,4,8.4432,0,7.5728,0,0,0,0,0,0,7.5648,0,7.5592
1776184400.4211924,8.4432,-6.498316065073175e-07,0.6830670365172843,1.3880303727557635,-1.2452619874694537,-1.3880307008456452,-1.2452618390998507,-1.3880307541551336,46.0,45.0,42.0,45.0,42.0,46.0,44.0,5,0,0,0,7.504,0,0,7.308,0,7.7672,0,0,0
1776184400.421223,8.4432,-6.498316065073175e-07,0.6830670365172843,1.3880303727557635,-1.2452619874694537,-1.3880307008456452,-1.2452618390998507,-1.3880307541551336,46.0,45.0,42.0,45.0,42.0,46.0,44.0,6,7.9832,0,7.6072,0,0,0,0,0,0,8.4024,0,7.5168
1776184400.4212537,8.4432,-6.498316065073175e-07,0.6830670365172843,1.3880303727557635,-1.2452619874694537,-1.3880307008456452,-1.2452618390998507,-1.3880307541551336,46.0,45.0,42.0,45.0,42.0,46.0,44.0,7,7.5008,0,7.672,0,0,0,0,0,0,7.5144,0,7.5256
1776184400.4212933,8.4432,-6.498316065073175e-07,0.6830670365172843,1.3880303727557635,-1.2452619874694537,-1.3880307008456452,-1.2452618390998507,-1.3880307541551336,46.0,45.0,42.0,45.0,42.0,46.0,44.0,8,7.5168,0,7.5168,0,0,0,0,0,0,7.5216,0,7.6696
1776184400.471897,8.4424,-6.498316065073175e-07,0.6904056957869386,1.3952697653006483,-1.2517567477200646,-1.3952700868287322,-1.2517566023178537,-1.3952701390720308,46.0,45.0,42.0,45.0,42.0,46.0,44.0,0,7.6128,0,8.0256,0,0,0,0,0,0,7.9672,0,8.0
1776184400.4719455,8.4424,-6.498316065073175e-07,0.6904056957869386,1.3952697653006483,-1.2517567477200646,-1.3952700868287322,-1.2517566023178537,-1.3952701390720308,46.0,45.0,42.0,45.0,42.0,46.0,44.0,1,0,0,0,7.668,0,0,7.5368,0,7.692,0,0,0
1776184400.4719818,8.4424,-6.498316065073175e-07,0.6904056957869386,1.3952697653006483,-1.2517567477200646,-1.3952700868287322,-1.2517566023178537,-1.3952701390720308,46.0,45.0,42.0,45.0,42.0,46.0,44.0,2,7.7608,0,7.816,0,0,0,0,0,0,7.6856,0,7.644
1776184400.4720175,8.4424,-6.498316065073175e-07,0.6904056957869386,1.3952697653006483,-1.2517567477200646,-1.3952700868287322,-1.2517566023178537,-1.3952701390720308,46.0,45.0,42.0,45.0,42.0,46.0,44.0,3,0,0,0,7.5064,0,0,7.2184,0,7.9176,0,0,0
1776184400.4720514,8.4424,-6.498316065073175e-07,0.6904056957869386,1.3952697653006483,-1.2517567477200646,-1.3952700868287322,-1.2517566023178537,-1.3952701390720308,46.0,45.0,42.0,45.0,42.0,46.0,44.0,4,8.4424,0,7.572,0,0,0,0,0,0,7.5664,0,7.5568
1776184400.4720864,8.4424,-6.498316065073175e-07,0.6904056957869386,1.3952697653006483,-1.2517567477200646,-1.3952700868287322,-1.2517566023178537,-1.3952701390720308,46.0,45.0,42.0,45.0,42.0,46.0,44.0,5,0,0,0,7.504,0,0,7.3096,0,7.7672,0,0,0
1776184400.4721203,8.4424,-6.498316065073175e-07,0.6904056957869386,1.3952697653006483,-1.2517567477200646,-1.3952700868287322,-1.2517566023178537,-1.3952701390720308,46.0,45.0,42.0,45.0,42.0,46.0,44.0,6,7.984,0,7.608,0,0,0,0,0,0,8.4008,0,7.516
1776184400.4721544,8.4424,-6.498316065073175e-07,0.6904056957869386,1.3952697653006483,-1.2517567477200646,-1.3952700868287322,-1.2517566023178537,-1.3952701390720308,46.0,45.0,42.0,45.0,42.0,46.0,44.0,7,7.5008,0,7.6712,0,0,0,0,0,0,7.5152,0,7.5264
1776184400.4721892,8.4424,-6.498316065073175e-07,0.6904056957869386,1.3952697653006483,-1.2517567477200646,-1.3952700868287322,-1.2517566023178537,-1.3952701390720308,46.0,45.0,42.0,45.0,42.0,46.0,44.0,8,7.5168,0,7.5176,0,0,0,0,0,0,7.5208,0,7.6696
1776184400.5226324,8.4424,-6.498316065073175e-07,0.6975975818711998,1.4023643699946353,-1.2581216127656634,-1.4023646850921576,-1.2581214702714967,-1.4023647362905902,46.0,45.0,42.0,45.0,42.0,46.0,44.0,0,7.6128,0,8.0256,0,0,0,0,0,0,7.9672,0,8.0
1776184400.5226634,8.4424,-6.498316065073175e-07,0.6975975818711998,1.4023643699946353,-1.2581216127656634,-1.4023646850921576,-1.2581214702714967,-1.4023647362905902,46.0,45.0,42.0,45.0,42.0,46.0,44.0,1,0,0,0,7.668,0,0,7.5368,0,7.692,0,0,0
1776184400.5226808,8.4424,-6.498316065073175e-07,0.6975975818711998,1.4023643699946353,-1.2581216127656634,-1.4023646850921576,-1.2581214702714967,-1.4023647362905902,46.0,45.0,42.0,45.0,42.0,46.0,44.0,2,7.7608,0,7.816,0,0,0,0,0,0,7.6856,0,7.644
1776184400.5226977,8.4424,-6.498316065073175e-07,0.6975975818711998,1.4023643699946353,-1.2581216127656634,-1.4023646850921576,-1.2581214702714967,-1.4023647362905902,46.0,45.0,42.0,45.0,42.0,46.0,44.0,3,0,0,0,7.5064,0,0,7.2184,0,7.9176,0,0,0
1776184400.5227134,8.4424,-6.498316065073175e-07,0.6975975818711998,1.4023643699946353,-1.2581216127656634,-1.4023646850921576,-1.2581214702714967,-1.4023647362905902,46.0,45.0,42.0,45.0,42.0,46.0,44.0,4,8.4424,0,7.572,0,0,0,0,0,0,7.5664,0,7.5568
1776184400.5227292,8.4424,-6.498316065073175e-07,0.6975975818711998,1.4023643699946353,-1.2581216127656634,-1.4023646850921576,-1.2581214702714967,-1.4023647362905902,46.0,45.0,42.0,45.0,42.0,46.0,44.0,5,0,0,0,7.504,0,0,7.3096,0,7.7672,0,0,0
1776184400.5227444,8.4424,-6.498316065073175e-07,0.6975975818711998,1.4023643699946353,-1.2581216127656634,-1.4023646850921576,-1.2581214702714967,-1.4023647362905902,46.0,45.0,42.0,45.0,42.0,46.0,44.0,6,7.984,0,7.608,0,0,0,0,0,0,8.4008,0,7.516
1776184400.5227602,8.4424,-6.498316065073175e-07,0.6975975818711998,1.4023643699946353,-1.2581216127656634,-1.4023646850921576,-1.2581214702714967,-1.4023647362905902,46.0,45.0,42.0,45.0,42.0,46.0,44.0,7,7.5008,0,7.6712,0,0,0,0,0,0,7.5152,0,7.5264
1776184400.5227761,8.4424,-6.498316065073175e-07,0.6975975818711998,1.4023643699946353,-1.2581216127656634,-1.4023646850921576,-1.2581214702714967,-1.4023647362905902,46.0,45.0,42.0,45.0,42.0,46.0,44.0,8,7.5168,0,7.5176,0,0,0,0,0,0,7.5208,0,7.6696
1776184400.573538,8.4432,-6.498316065073175e-07,0.7046456302337758,1.4093170825947425,-1.26435918051035,-1.4093173913903145,-1.2643590408660668,-1.4093174415647785,46.0,45.0,42.0,45.0,42.0,46.0,44.0,0,7.6128,0,8.0256,0,0,0,0,0,0,7.9664,0,8.0
1776184400.5735788,8.4432,-6.498316065073175e-07,0.7046456302337758,1.4093170825947425,-1.26435918051035,-1.4093173913903145,-1.2643590408660668,-1.4093174415647785,46.0,45.0,42.0,45.0,42.0,46.0,44.0,1,0,0,0,7.6672,0,0,7.5368,0,7.6904,0,0,0
1776184400.5736017,8.4432,-6.498316065073175e-07,0.7046456302337758,1.4093170825947425,-1.26435918051035,-1.4093173913903145,-1.2643590408660668,-1.4093174415647785,46.0,45.0,42.0,45.0,42.0,46.0,44.0,2,7.76,0,7.816,0,0,0,0,0,0,7.6848,0,7.644
1776184400.5736232,8.4432,-6.498316065073175e-07,0.7046456302337758,1.4093170825947425,-1.26435918051035,-1.4093173913903145,-1.2643590408660668,-1.4093174415647785,46.0,45.0,42.0,45.0,42.0,46.0,44.0,3,0,0,0,7.5048,0,0,7.2184,0,7.9184,0,0,0
1776184400.5736432,8.4432,-6.498316065073175e-07,0.7046456302337758,1.4093170825947425,-1.26435918051035,-1.4093173913903145,-1.2643590408660668,-1.4093174415647785,46.0,45.0,42.0,45.0,42.0,46.0,44.0,4,8.4432,0,7.572,0,0,0,0,0,0,7.5648,0,7.5592
1776184400.5736637,8.4432,-6.498316065073175e-07,0.7046456302337758,1.4093170825947425,-1.26435918051035,-1.4093173913903145,-1.2643590408660668,-1.4093174415647785,46.0,45.0,42.0,45.0,42.0,46.0,44.0,5,0,0,0,7.5048,0,0,7.3096,0,7.7664,0,0,0
1776184400.5736835,8.4432,-6.498316065073175e-07,0.7046456302337758,1.4093170825947425,-1.26435918051035,-1.4093173913903145,-1.2643590408660668,-1.4093174415647785,46.0,45.0,42.0,45.0,42.0,46.0,44.0,6,7.9832,0,7.6072,0,0,0,0,0,0,8.4024,0,7.516
1776184400.5737047,8.4432,-6.498316065073175e-07,0.7046456302337758,1.4093170825947425,-1.26435918051035,-1.4093173913903145,-1.2643590408660668,-1.4093174415647785,46.0,45.0,42.0,45.0,42.0,46.0,44.0,7,7.5008,0,7.6712,0,0,0,0,0,0,7.5144,0,7.5256
1776184400.573725,8.4432,-6.498316065073175e-07,0.7046456302337758,1.4093170825947425,-1.26435918051035,-1.4093173913903145,-1.2643590408660668,-1.4093174415647785,46.0,45.0,42.0,45.0,42.0,46.0,44.0,8,7.516,0,7.516,0,0,0,0,0,0,7.5208,0,7.6688
1776184400.6250255,8.4432,-6.498316065073175e-07,0.7115527176291003,1.4161307409428476,-1.270471996900143,-1.4161310435625083,-1.2704718600487455,-1.416131092733483,46.0,45.0,42.0,45.0,42.0,46.0,44.0,0,7.6128,0,8.0256,0,0,0,0,0,0,7.9664,0,8.0
1776184400.6252017,8.4432,-6.498316065073175e-07,0.7115527176291003,1.4161307409428476,-1.270471996900143,-1.4161310435625083,-1.2704718600487455,-1.416131092733483,46.0,45.0,42.0,45.0,42.0,46.0,44.0,1,0,0,0,7.6672,0,0,7.5368,0,7.6904,0,0,0
1776184400.6253295,8.4432,-6.498316065073175e-07,0.7115527176291003,1.4161307409428476,-1.270471996900143,-1.4161310435625083,-1.2704718600487455,-1.416131092733483,46.0,45.0,42.0,45.0,42.0,46.0,44.0,2,7.76,0,7.816,0,0,0,0,0,0,7.6848,0,7.644
1776184400.6254575,8.4432,-6.498316065073175e-07,0.7115527176291003,1.4161307409428476,-1.270471996900143,-1.4161310435625083,-1.2704718600487455,-1.416131092733483,46.0,45.0,42.0,45.0,42.0,46.0,44.0,3,0,0,0,7.5048,0,0,7.2184,0,7.9184,0,0,0
1776184400.6255903,8.4432,-6.498316065073175e-07,0.7115527176291003,1.4161307409428476,-1.270471996900143,-1.4161310435625083,-1.2704718600487455,-1.416131092733483,46.0,45.0,42.0,45.0,42.0,46.0,44.0,4,8.4432,0,7.572,0,0,0,0,0,0,7.5648,0,7.5592
1776184400.6256769,8.4432,-6.498316065073175e-07,0.7115527176291003,1.4161307409428476,-1.270471996900143,-1.4161310435625083,-1.2704718600487455,-1.416131092733483,46.0,45.0,42.0,45.0,42.0,46.0,44.0,5,0,0,0,7.5048,0,0,7.3096,0,7.7664,0,0,0
1776184400.6257443,8.4432,-6.498316065073175e-07,0.7115527176291003,1.4161307409428476,-1.270471996900143,-1.4161310435625083,-1.2704718600487455,-1.416131092733483,46.0,45.0,42.0,45.0,42.0,46.0,44.0,6,7.9832,0,7.6072,0,0,0,0,0,0,8.4024,0,7.516
1776184400.6258473,8.4432,-6.498316065073175e-07,0.7115527176291003,1.4161307409428476,-1.270471996900143,-1.4161310435625083,-1.2704718600487455,-1.416131092733483,46.0,45.0,42.0,45.0,42.0,46.0,44.0,7,7.5008,0,7.6712,0,0,0,0,0,0,7.5144,0,7.5256
1776184400.6259758,8.4432,-6.498316065073175e-07,0.7115527176291003,1.4161307409428476,-1.270471996900143,-1.4161310435625083,-1.2704718600487455,-1.416131092733483,46.0,45.0,42.0,45.0,42.0,46.0,44.0,8,7.516,0,7.516,0,0,0,0,0,0,7.5208,0,7.6688
1776184400.677758,8.4432,-6.498316065073175e-07,0.7183216632765184,1.4228081261239907,-1.2764625569621402,-1.422808422691258,-1.2764624228477706,-1.4228084708788133,46.0,45.0,42.0,45.0,42.0,46.0,44.0,0,7.6128,0,8.0256,0,0,0,0,0,0,7.9664,0,8.0
1776184400.6778855,8.4432,-6.498316065073175e-07,0.7183216632765184,1.4228081261239907,-1.2764625569621402,-1.422808422691258,-1.2764624228477706,-1.4228084708788133,46.0,45.0,42.0,45.0,42.0,46.0,44.0,1,0,0,0,7.6672,0,0,7.5368,0,7.6904,0,0,0
1776184400.6779838,8.4432,-6.498316065073175e-07,0.7183216632765184,1.4228081261239907,-1.2764625569621402,-1.422808422691258,-1.2764624228477706,-1.4228084708788133,46.0,45.0,42.0,45.0,42.0,46.0,44.0,2,7.76,0,7.816,0,0,0,0,0,0,7.6848,0,7.644
1776184400.6780508,8.4432,-6.498316065073175e-07,0.7183216632765184,1.4228081261239907,-1.2764625569621402,-1.422808422691258,-1.2764624228477706,-1.4228084708788133,46.0,45.0,42.0,45.0,42.0,46.0,44.0,3,0,0,0,7.5048,0,0,7.2184,0,7.9184,0,0,0
1776184400.6781137,8.4432,-6.498316065073175e-07,0.7183216632765184,1.4228081261239907,-1.2764625569621402,-1.422808422691258,-1.2764624228477706,-1.4228084708788133,46.0,45.0,42.0,45.0,42.0,46.0,44.0,4,8.4432,0,7.572,0,0,0,0,0,0,7.5648,0,7.5592
1776184400.6781769,8.4432,-6.498316065073175e-07,0.7183216632765184,1.4228081261239907,-1.2764625569621402,-1.422808422691258,-1.2764624228477706,-1.4228084708788133,46.0,45.0,42.0,45.0,42.0,46.0,44.0,5,0,0,0,7.5048,0,0,7.3096,0,7.7664,0,0,0
1776184400.6782389,8.4432,-6.498316065073175e-07,0.7183216632765184,1.4228081261239907,-1.2764625569621402,-1.422808422691258,-1.2764624228477706,-1.4228084708788133,46.0,45.0,42.0,45.0,42.0,46.0,44.0,6,7.9832,0,7.6072,0,0,0,0,0,0,8.4024,0,7.516
1776184400.6783018,8.4432,-6.498316065073175e-07,0.7183216632765184,1.4228081261239907,-1.2764625569621402,-1.422808422691258,-1.2764624228477706,-1.4228084708788133,46.0,45.0,42.0,45.0,42.0,46.0,44.0,7,7.5008,0,7.6712,0,0,0,0,0,0,7.5144,0,7.5256
1776184400.678365,8.4432,-6.498316065073175e-07,0.7183216632765184,1.4228081261239907,-1.2764625569621402,-1.422808422691258,-1.2764624228477706,-1.4228084708788133,46.0,45.0,42.0,45.0,42.0,46.0,44.0,8,7.516,0,7.516,0,0,0,0,0,0,7.5208,0,7.6688
1776184400.7299063,8.4416,-6.498316065073175e-07,0.724955230010988,1.4293519636015108,-1.2823333058228974,-1.4293522542374328,-1.282333174390815,-1.429352301461237,46.0,45.0,42.0,45.0,42.0,46.0,44.0,0,7.6136,0,8.0248,0,0,0,0,0,0,7.9664,0,8.0
1776184400.7300603,8.4416,-6.498316065073175e-07,0.724955230010988,1.4293519636015108,-1.2823333058228974,-1.4293522542374328,-1.282333174390815,-1.429352301461237,46.0,45.0,42.0,45.0,42.0,46.0,44.0,1,0,0,0,7.668,0,0,7.5368,0,7.6912,0,0,0
1776184400.7301302,8.4416,-6.498316065073175e-07,0.724955230010988,1.4293519636015108,-1.2823333058228974,-1.4293522542374328,-1.282333174390815,-1.429352301461237,46.0,45.0,42.0,45.0,42.0,46.0,44.0,2,7.76,0,7.816,0,0,0,0,0,0,7.6848,0,7.6448
1776184400.7301955,8.4416,-6.498316065073175e-07,0.724955230010988,1.4293519636015108,-1.2823333058228974,-1.4293522542374328,-1.282333174390815,-1.429352301461237,46.0,45.0,42.0,45.0,42.0,46.0,44.0,3,0,0,0,7.5064,0,0,7.2184,0,7.9168,0,0,0
1776184400.730258,8.4416,-6.498316065073175e-07,0.724955230010988,1.4293519636015108,-1.2823333058228974,-1.4293522542374328,-1.282333174390815,-1.429352301461237,46.0,45.0,42.0,45.0,42.0,46.0,44.0,4,8.4416,0,7.5728,0,0,0,0,0,0,7.5664,0,7.5584
1776184400.7303205,8.4416,-6.498316065073175e-07,0.724955230010988,1.4293519636015108,-1.2823333058228974,-1.4293522542374328,-1.282333174390815,-1.429352301461237,46.0,45.0,42.0,45.0,42.0,46.0,44.0,5,0,0,0,7.5048,0,0,7.3096,0,7.7672,0,0,0
1776184400.7305098,8.4416,-6.498316065073175e-07,0.724955230010988,1.4293519636015108,-1.2823333058228974,-1.4293522542374328,-1.282333174390815,-1.429352301461237,46.0,45.0,42.0,45.0,42.0,46.0,44.0,6,7.9832,0,7.6088,0,0,0,0,0,0,8.4008,0,7.5168
1776184400.7305794,8.4416,-6.498316065073175e-07,0.724955230010988,1.4293519636015108,-1.2823333058228974,-1.4293522542374328,-1.282333174390815,-1.429352301461237,46.0,45.0,42.0,45.0,42.0,46.0,44.0,7,7.5016,0,7.6704,0,0,0,0,0,0,7.5152,0,7.5272
1776184400.7306466,8.4416,-6.498316065073175e-07,0.724955230010988,1.4293519636015108,-1.2823333058228974,-1.4293522542374328,-1.282333174390815,-1.429352301461237,46.0,45.0,42.0,45.0,42.0,46.0,44.0,8,7.516,0,7.5168,0,0,0,0,0,0,7.5216,0,7.6696
1776184400.7821372,8.4416,-6.498316065073175e-07,0.7314561254107683,1.4357649243294806,-1.2880866397064394,-1.4357652091526842,-1.2880865109029989,-1.4357652554320124,46.0,45.0,42.0,45.0,42.0,46.0,44.0,0,7.6136,0,8.0248,0,0,0,0,0,0,7.9664,0,8.0
1776184400.7822661,8.4416,-6.498316065073175e-07,0.7314561254107683,1.4357649243294806,-1.2880866397064394,-1.4357652091526842,-1.2880865109029989,-1.4357652554320124,46.0,45.0,42.0,45.0,42.0,46.0,44.0,1,0,0,0,7.668,0,0,7.5368,0,7.6912,0,0,0
1776184400.7823665,8.4416,-6.498316065073175e-07,0.7314561254107683,1.4357649243294806,-1.2880866397064394,-1.4357652091526842,-1.2880865109029989,-1.4357652554320124,46.0,45.0,42.0,45.0,42.0,46.0,44.0,2,7.76,0,7.816,0,0,0,0,0,0,7.6848,0,7.6448
1776184400.7824335,8.4416,-6.498316065073175e-07,0.7314561254107683,1.4357649243294806,-1.2880866397064394,-1.4357652091526842,-1.2880865109029989,-1.4357652554320124,46.0,45.0,42.0,45.0,42.0,46.0,44.0,3,0,0,0,7.5064,0,0,7.2184,0,7.9168,0,0,0
1776184400.7824976,8.4416,-6.498316065073175e-07,0.7314561254107683,1.4357649243294806,-1.2880866397064394,-1.4357652091526842,-1.2880865109029989,-1.4357652554320124,46.0,45.0,42.0,45.0,42.0,46.0,44.0,4,8.4416,0,7.5728,0,0,0,0,0,0,7.5664,0,7.5584
1776184400.7825608,8.4416,-6.498316065073175e-07,0.7314561254107683,1.4357649243294806,-1.2880866397064394,-1.4357652091526842,-1.2880865109029989,-1.4357652554320124,46.0,45.0,42.0,45.0,42.0,46.0,44.0,5,0,0,0,7.5048,0,0,7.3096,0,7.7672,0,0,0
1776184400.7826228,8.4416,-6.498316065073175e-07,0.7314561254107683,1.4357649243294806,-1.2880866397064394,-1.4357652091526842,-1.2880865109029989,-1.4357652554320124,46.0,45.0,42.0,45.0,42.0,46.0,44.0,6,7.9832,0,7.6088,0,0,0,0,0,0,8.4008,0,7.5168
1776184400.782687,8.4416,-6.498316065073175e-07,0.7314561254107683,1.4357649243294806,-1.2880866397064394,-1.4357652091526842,-1.2880865109029989,-1.4357652554320124,46.0,45.0,42.0,45.0,42.0,46.0,44.0,7,7.5016,0,7.6704,0,0,0,0,0,0,7.5152,0,7.5272
1776184400.7827516,8.4416,-6.498316065073175e-07,0.7314561254107683,1.4357649243294806,-1.2880866397064394,-1.4357652091526842,-1.2880865109029989,-1.4357652554320124,46.0,45.0,42.0,45.0,42.0,46.0,44.0,8,7.516,0,7.5168,0,0,0,0,0,0,7.5216,0,7.6696
1776184400.8342001,8.4416,-6.498316065073175e-07,0.737827002902553,1.442049625842891,-1.2937249069123107,-1.4420499049696305,-1.2937247806849388,-1.4420499503233721,46.0,45.0,42.0,45.0,42.0,46.0,44.0,0,7.6128,0,8.024,0,0,0,0,0,0,7.9672,0,7.9992
1776184400.8343334,8.4416,-6.498316065073175e-07,0.737827002902553,1.442049625842891,-1.2937249069123107,-1.4420499049696305,-1.2937247806849388,-1.4420499503233721,46.0,45.0,42.0,45.0,42.0,46.0,44.0,1,0,0,0,7.6672,0,0,7.5352,0,7.692,0,0,0
1776184400.834437,8.4416,-6.498316065073175e-07,0.737827002902553,1.442049625842891,-1.2937249069123107,-1.4420499049696305,-1.2937247806849388,-1.4420499503233721,46.0,45.0,42.0,45.0,42.0,46.0,44.0,2,7.7608,0,7.8168,0,0,0,0,0,0,7.6864,0,7.644
1776184400.8345385,8.4416,-6.498316065073175e-07,0.737827002902553,1.442049625842891,-1.2937249069123107,-1.4420499049696305,-1.2937247806849388,-1.4420499503233721,46.0,45.0,42.0,45.0,42.0,46.0,44.0,3,0,0,0,7.5056,0,0,7.2192,0,7.9184,0,0,0
1776184400.8346999,8.4416,-6.498316065073175e-07,0.737827002902553,1.442049625842891,-1.2937249069123107,-1.4420499049696305,-1.2937247806849388,-1.4420499503233721,46.0,45.0,42.0,45.0,42.0,46.0,44.0,4,8.4416,0,7.572,0,0,0,0,0,0,7.5648,0,7.5576
1776184400.834826,8.4416,-6.498316065073175e-07,0.737827002902553,1.442049625842891,-1.2937249069123107,-1.4420499049696305,-1.2937247806849388,-1.4420499503233721,46.0,45.0,42.0,45.0,42.0,46.0,44.0,5,0,0,0,7.5048,0,0,7.3088,0,7.7656,0,0,0
1776184400.8349347,8.4416,-6.498316065073175e-07,0.737827002902553,1.442049625842891,-1.2937249069123107,-1.4420499049696305,-1.2937247806849388,-1.4420499503233721,46.0,45.0,42.0,45.0,42.0,46.0,44.0,6,7.9832,0,7.6088,0,0,0,0,0,0,8.4,0,7.5152
1776184400.835058,8.4416,-6.498316065073175e-07,0.737827002902553,1.442049625842891,-1.2937249069123107,-1.4420499049696305,-1.2937247806849388,-1.4420499503233721,46.0,45.0,42.0,45.0,42.0,46.0,44.0,7,7.5024,0,7.6712,0,0,0,0,0,0,7.516,0,7.5272
1776184400.8351834,8.4416,-6.498316065073175e-07,0.737827002902553,1.442049625842891,-1.2937249069123107,-1.4420499049696305,-1.2937247806849388,-1.4420499503233721,46.0,45.0,42.0,45.0,42.0,46.0,44.0,8,7.516,0,7.5176,0,0,0,0,0,0,7.5216,0,7.6688
1776184400.8876693,8.4416,-6.498316065073175e-07,0.744070462844502,1.4482086333260331,-1.2992504087740644,-1.448208906870238,-1.29925028507124,-1.4482089513169047,46.0,45.0,42.0,45.0,42.0,46.0,44.0,0,7.6128,0,8.024,0,0,0,0,0,0,7.9672,0,7.9992
1776184400.8879268,8.4416,-6.498316065073175e-07,0.744070462844502,1.4482086333260331,-1.2992504087740644,-1.448208906870238,-1.29925028507124,-1.4482089513169047,46.0,45.0,42.0,45.0,42.0,46.0,44.0,1,0,0,0,7.6672,0,0,7.5352,0,7.692,0,0,0
1776184400.8880434,8.4416,-6.498316065073175e-07,0.744070462844502,1.4482086333260331,-1.2992504087740644,-1.448208906870238,-1.29925028507124,-1.4482089513169047,46.0,45.0,42.0,45.0,42.0,46.0,44.0,2,7.7608,0,7.8168,0,0,0,0,0,0,7.6864,0,7.644
1776184400.8881757,8.4416,-6.498316065073175e-07,0.744070462844502,1.4482086333260331,-1.2992504087740644,-1.448208906870238,-1.29925028507124,-1.4482089513169047,46.0,45.0,42.0,45.0,42.0,46.0,44.0,3,0,0,0,7.5056,0,0,7.2192,0,7.9184,0,0,0
1776184400.8882818,8.4416,-6.498316065073175e-07,0.744070462844502,1.4482086333260331,-1.2992504087740644,-1.448208906870238,-1.29925028507124,-1.4482089513169047,46.0,45.0,42.0,45.0,42.0,46.0,44.0,4,8.4416,0,7.572,0,0,0,0,0,0,7.5648,0,7.5576
1776184400.888376,8.4416,-6.498316065073175e-07,0.744070462844502,1.4482086333260331,-1.2992504087740644,-1.448208906870238,-1.29925028507124,-1.4482089513169047,46.0,45.0,42.0,45.0,42.0,46.0,44.0,5,0,0,0,7.5048,0,0,7.3088,0,7.7656,0,0,0
1776184400.888439,8.4416,-6.498316065073175e-07,0.744070462844502,1.4482086333260331,-1.2992504087740644,-1.448208906870238,-1.29925028507124,-1.4482089513169047,46.0,45.0,42.0,45.0,42.0,46.0,44.0,6,7.9832,0,7.6088,0,0,0,0,0,0,8.4,0,7.5152
1776184400.888501,8.4416,-6.498316065073175e-07,0.744070462844502,1.4482086333260331,-1.2992504087740644,-1.448208906870238,-1.29925028507124,-1.4482089513169047,46.0,45.0,42.0,45.0,42.0,46.0,44.0,7,7.5024,0,7.6712,0,0,0,0,0,0,7.516,0,7.5272
1776184400.8885624,8.4416,-6.498316065073175e-07,0.744070462844502,1.4482086333260331,-1.2992504087740644,-1.448208906870238,-1.29925028507124,-1.4482089513169047,46.0,45.0,42.0,45.0,42.0,46.0,44.0,8,7.516,0,7.5176,0,0,0,0,0,0,7.5216,0,7.6688
1776184400.940555,8.4416,-6.498316065073175e-07,0.7501890535876119,1.4542444606595124,-1.3046654005985832,-1.4542447287328333,-1.3046652793698152,-1.4542447722905667,46.0,45.0,42.0,45.0,42.0,46.0,44.0,0,7.6128,0,8.024,0,0,0,0,0,0,7.9672,0,7.9992
1776184400.9407618,8.4416,-6.498316065073175e-07,0.7501890535876119,1.4542444606595124,-1.3046654005985832,-1.4542447287328333,-1.3046652793698152,-1.4542447722905667,46.0,45.0,42.0,45.0,42.0,46.0,44.0,1,0,0,0,7.6672,0,0,7.5352,0,7.692,0,0,0
1776184400.9409952,8.4416,-6.498316065073175e-07,0.7501890535876119,1.4542444606595124,-1.3046654005985832,-1.4542447287328333,-1.3046652793698152,-1.4542447722905667,46.0,45.0,42.0,45.0,42.0,46.0,44.0,2,7.7608,0,7.8168,0,0,0,0,0,0,7.6864,0,7.644
1776184400.941368,8.4416,-6.498316065073175e-07,0.7501890535876119,1.4542444606595124,-1.3046654005985832,-1.4542447287328333,-1.3046652793698152,-1.4542447722905667,46.0,45.0,42.0,45.0,42.0,46.0,44.0,3,0,0,0,7.5056,0,0,7.2192,0,7.9184,0,0,0
1776184400.9415228,8.4416,-6.498316065073175e-07,0.7501890535876119,1.4542444606595124,-1.3046654005985832,-1.4542447287328333,-1.3046652793698152,-1.4542447722905667,46.0,45.0,42.0,45.0,42.0,46.0,44.0,4,8.4416,0,7.572,0,0,0,0,0,0,7.5648,0,7.5576
1776184400.9416606,8.4416,-6.498316065073175e-07,0.7501890535876119,1.4542444606595124,-1.3046654005985832,-1.4542447287328333,-1.3046652793698152,-1.4542447722905667,46.0,45.0,42.0,45.0,42.0,46.0,44.0,5,0,0,0,7.5048,0,0,7.3088,0,7.7656,0,0,0
1776184400.9417868,8.4416,-6.498316065073175e-07,0.7501890535876119,1.4542444606595124,-1.3046654005985832,-1.4542447287328333,-1.3046652793698152,-1.4542447722905667,46.0,45.0,42.0,45.0,42.0,46.0,44.0,6,7.9832,0,7.6088,0,0,0,0,0,0,8.4,0,7.5152
1776184400.9419138,8.4416,-6.498316065073175e-07,0.7501890535876119,1.4542444606595124,-1.3046654005985832,-1.4542447287328333,-1.3046652793698152,-1.4542447722905667,46.0,45.0,42.0,45.0,42.0,46.0,44.0,7,7.5024,0,7.6712,0,0,0,0,0,0,7.516,0,7.5272
1776184400.942129,8.4416,-6.498316065073175e-07,0.7501890535876119,1.4542444606595124,-1.3046654005985832,-1.4542447287328333,-1.3046652793698152,-1.4542447722905667,46.0,45.0,42.0,45.0,42.0,46.0,44.0,8,7.516,0,7.5176,0,0,0,0,0,0,7.5216,0,7.6688
1776184400.9937594,8.4416,-6.498316065073175e-07,0.7561852725158597,1.4601595714463222,-1.3099720925866114,-1.4601598341581765,-1.309971973782419,-1.4601598768447555,46.0,45.0,42.0,45.0,42.0,46.0,44.0,0,7.6128,0,8.0256,0,0,0,0,0,0,7.9664,0,8.0
1776184400.993874,8.4416,-6.498316065073175e-07,0.7561852725158597,1.4601595714463222,-1.3099720925866114,-1.4601598341581765,-1.309971973782419,-1.4601598768447555,46.0,45.0,42.0,45.0,42.0,46.0,44.0,1,0,0,0,7.6672,0,0,7.5368,0,7.6904,0,0,0
1776184400.993943,8.4416,-6.498316065073175e-07,0.7561852725158597,1.4601595714463222,-1.3099720925866114,-1.4601598341581765,-1.309971973782419,-1.4601598768447555,46.0,45.0,42.0,45.0,42.0,46.0,44.0,2,7.76,0,7.816,0,0,0,0,0,0,7.6864,0,7.6448
1776184400.9940085,8.4416,-6.498316065073175e-07,0.7561852725158597,1.4601595714463222,-1.3099720925866114,-1.4601598341581765,-1.309971973782419,-1.4601598768447555,46.0,45.0,42.0,45.0,42.0,46.0,44.0,3,0,0,0,7.5056,0,0,7.2184,0,7.9168,0,0,0
1776184400.9940717,8.4416,-6.498316065073175e-07,0.7561852725158597,1.4601595714463222,-1.3099720925866114,-1.4601598341581765,-1.309971973782419,-1.4601598768447555,46.0,45.0,42.0,45.0,42.0,46.0,44.0,4,8.4416,0,7.572,0,0,0,0,0,0,7.5648,0,7.5584
1776184400.9941378,8.4416,-6.498316065073175e-07,0.7561852725158597,1.4601595714463222,-1.3099720925866114,-1.4601598341581765,-1.309971973782419,-1.4601598768447555,46.0,45.0,42.0,45.0,42.0,46.0,44.0,5,0,0,0,7.504,0,0,7.3072,0,7.7664,0,0,0
1776184400.9941998,8.4416,-6.498316065073175e-07,0.7561852725158597,1.4601595714463222,-1.3099720925866114,-1.4601598341581765,-1.309971973782419,-1.4601598768447555,46.0,45.0,42.0,45.0,42.0,46.0,44.0,6,7.9832,0,7.6072,0,0,0,0,0,0,8.4,0,7.5152
1776184400.9943094,8.4416,-6.498316065073175e-07,0.7561852725158597,1.4601595714463222,-1.3099720925866114,-1.4601598341581765,-1.309971973782419,-1.4601598768447555,46.0,45.0,42.0,45.0,42.0,46.0,44.0,7,7.5024,0,7.6704,0,0,0,0,0,0,7.5144,0,7.5264
1776184400.994374,8.4416,-6.498316065073175e-07,0.7561852725158597,1.4601595714463222,-1.3099720925866114,-1.4601598341581765,-1.309971973782419,-1.4601598768447555,46.0,45.0,42.0,45.0,42.0,46.0,44.0,8,7.5168,0,7.5168,0,0,0,0,0,0,7.5216,0,7.6696
1776184401.0458214,8.4416,-6.498316065073175e-07,0.7620615670655425,1.4659563800173958,-1.315172650734879,-1.465956637475013,-1.3151725343067706,-1.4659566793078604,46.0,45.0,42.0,45.0,42.0,46.0,44.0,0,7.6128,0,8.0256,0,0,0,0,0,0,7.9664,0,8.0
1776184401.045956,8.4416,-6.498316065073175e-07,0.7620615670655425,1.4659563800173958,-1.315172650734879,-1.465956637475013,-1.3151725343067706,-1.4659566793078604,46.0,45.0,42.0,45.0,42.0,46.0,44.0,1,0,0,0,7.6672,0,0,7.5368,0,7.6904,0,0,0
1776184401.0460265,8.4416,-6.498316065073175e-07,0.7620615670655425,1.4659563800173958,-1.315172650734879,-1.465956637475013,-1.3151725343067706,-1.4659566793078604,46.0,45.0,42.0,45.0,42.0,46.0,44.0,2,7.76,0,7.816,0,0,0,0,0,0,7.6864,0,7.6448
1776184401.0460925,8.4416,-6.498316065073175e-07,0.7620615670655425,1.4659563800173958,-1.315172650734879,-1.465956637475013,-1.3151725343067706,-1.4659566793078604,46.0,45.0,42.0,45.0,42.0,46.0,44.0,3,0,0,0,7.5056,0,0,7.2184,0,7.9168,0,0,0
1776184401.0461557,8.4416,-6.498316065073175e-07,0.7620615670655425,1.4659563800173958,-1.315172650734879,-1.465956637475013,-1.3151725343067706,-1.4659566793078604,46.0,45.0,42.0,45.0,42.0,46.0,44.0,4,8.4416,0,7.572,0,0,0,0,0,0,7.5648,0,7.5584
1776184401.0462193,8.4416,-6.498316065073175e-07,0.7620615670655425,1.4659563800173958,-1.315172650734879,-1.465956637475013,-1.3151725343067706,-1.4659566793078604,46.0,45.0,42.0,45.0,42.0,46.0,44.0,5,0,0,0,7.504,0,0,7.3072,0,7.7664,0,0,0
1776184401.0462806,8.4416,-6.498316065073175e-07,0.7620615670655425,1.4659563800173958,-1.315172650734879,-1.465956637475013,-1.3151725343067706,-1.4659566793078604,46.0,45.0,42.0,45.0,42.0,46.0,44.0,6,7.9832,0,7.6072,0,0,0,0,0,0,8.4,0,7.5152
1776184401.0463433,8.4416,-6.498316065073175e-07,0.7620615670655425,1.4659563800173958,-1.315172650734879,-1.465956637475013,-1.3151725343067706,-1.4659566793078604,46.0,45.0,42.0,45.0,42.0,46.0,44.0,7,7.5024,0,7.6704,0,0,0,0,0,0,7.5144,0,7.5264
1776184401.0464058,8.4416,-6.498316065073175e-07,0.7620615670655425,1.4659563800173958,-1.315172650734879,-1.465956637475013,-1.3151725343067706,-1.4659566793078604,46.0,45.0,42.0,45.0,42.0,46.0,44.0,8,7.5168,0,7.5168,0,0,0,0,0,0,7.5216,0,7.6696
1776184401.0977302,8.4416,-6.498316065073175e-07,0.7678203357242317,1.4716372524170478,-1.3202691977201815,-1.4716375047255128,-1.3202690836206352,-1.4716375457217032,46.0,45.0,42.0,45.0,42.0,46.0,44.0,0,7.612,0,8.0256,0,0,0,0,0,0,7.9656,0,8.0
1776184401.0978978,8.4416,-6.498316065073175e-07,0.7678203357242317,1.4716372524170478,-1.3202691977201815,-1.4716375047255128,-1.3202690836206352,-1.4716375457217032,46.0,45.0,42.0,45.0,42.0,46.0,44.0,1,0,0,0,7.6664,0,0,7.5352,0,7.6904,0,0,0
1776184401.0980363,8.4416,-6.498316065073175e-07,0.7678203357242317,1.4716372524170478,-1.3202691977201815,-1.4716375047255128,-1.3202690836206352,-1.4716375457217032,46.0,45.0,42.0,45.0,42.0,46.0,44.0,2,7.7608,0,7.8152,0,0,0,0,0,0,7.6856,0,7.6448
1776184401.0981066,8.4416,-6.498316065073175e-07,0.7678203357242317,1.4716372524170478,-1.3202691977201815,-1.4716375047255128,-1.3202690836206352,-1.4716375457217032,46.0,45.0,42.0,45.0,42.0,46.0,44.0,3,0,0,0,7.5064,0,0,7.2184,0,7.9176,0,0,0
1776184401.0981693,8.4416,-6.498316065073175e-07,0.7678203357242317,1.4716372524170478,-1.3202691977201815,-1.4716375047255128,-1.3202690836206352,-1.4716375457217032,46.0,45.0,42.0,45.0,42.0,46.0,44.0,4,8.4416,0,7.5712,0,0,0,0,0,0,7.5648,0,7.5576
1776184401.0982327,8.4416,-6.498316065073175e-07,0.7678203357242317,1.4716372524170478,-1.3202691977201815,-1.4716375047255128,-1.3202690836206352,-1.4716375457217032,46.0,45.0,42.0,45.0,42.0,46.0,44.0,5,0,0,0,7.5048,0,0,7.3088,0,7.7664,0,0,0
1776184401.0982947,8.4416,-6.498316065073175e-07,0.7678203357242317,1.4716372524170478,-1.3202691977201815,-1.4716375047255128,-1.3202690836206352,-1.4716375457217032,46.0,45.0,42.0,45.0,42.0,46.0,44.0,6,7.9832,0,7.608,0,0,0,0,0,0,8.4,0,7.516
1776184401.0983577,8.4416,-6.498316065073175e-07,0.7678203357242317,1.4716372524170478,-1.3202691977201815,-1.4716375047255128,-1.3202690836206352,-1.4716375457217032,46.0,45.0,42.0,45.0,42.0,46.0,44.0,7,7.5016,0,7.6704,0,0,0,0,0,0,7.5152,0,7.5264
1776184401.0984206,8.4416,-6.498316065073175e-07,0.7678203357242317,1.4716372524170478,-1.3202691977201815,-1.4716375047255128,-1.3202690836206352,-1.4716375457217032,46.0,45.0,42.0,45.0,42.0,46.0,44.0,8,7.5152,0,7.5168,0,0,0,0,0,0,7.5208,0,7.6696
1776184401.1498983,8.4416,-6.498316065073175e-07,0.773463929009747,1.4772045073687068,-1.325263813765778,-1.4772047546310025,-1.3252637019482225,-1.477204794807269,46.0,45.0,42.0,45.0,42.0,46.0,44.0,0,7.612,0,8.0256,0,0,0,0,0,0,7.9656,0,8.0
1776184401.1500173,8.4416,-6.498316065073175e-07,0.773463929009747,1.4772045073687068,-1.325263813765778,-1.4772047546310025,-1.3252637019482225,-1.477204794807269,46.0,45.0,42.0,45.0,42.0,46.0,44.0,1,0,0,0,7.6664,0,0,7.5352,0,7.6904,0,0,0
1776184401.1500866,8.4416,-6.498316065073175e-07,0.773463929009747,1.4772045073687068,-1.325263813765778,-1.4772047546310025,-1.3252637019482225,-1.477204794807269,46.0,45.0,42.0,45.0,42.0,46.0,44.0,2,7.7608,0,7.8152,0,0,0,0,0,0,7.6856,0,7.6448
1776184401.1501524,8.4416,-6.498316065073175e-07,0.773463929009747,1.4772045073687068,-1.325263813765778,-1.4772047546310025,-1.3252637019482225,-1.477204794807269,46.0,45.0,42.0,45.0,42.0,46.0,44.0,3,0,0,0,7.5064,0,0,7.2184,0,7.9176,0,0,0
1776184401.1502147,8.4416,-6.498316065073175e-07,0.773463929009747,1.4772045073687068,-1.325263813765778,-1.4772047546310025,-1.3252637019482225,-1.477204794807269,46.0,45.0,42.0,45.0,42.0,46.0,44.0,4,8.4416,0,7.5712,0,0,0,0,0,0,7.5648,0,7.5576
1776184401.1502776,8.4416,-6.498316065073175e-07,0.773463929009747,1.4772045073687068,-1.325263813765778,-1.4772047546310025,-1.3252637019482225,-1.477204794807269,46.0,45.0,42.0,45.0,42.0,46.0,44.0,5,0,0,0,7.5048,0,0,7.3088,0,7.7664,0,0,0
1776184401.1504047,8.4416,-6.498316065073175e-07,0.773463929009747,1.4772045073687068,-1.325263813765778,-1.4772047546310025,-1.3252637019482225,-1.477204794807269,46.0,45.0,42.0,45.0,42.0,46.0,44.0,6,7.9832,0,7.608,0,0,0,0,0,0,8.4,0,7.516
1776184401.1504726,8.4416,-6.498316065073175e-07,0.773463929009747,1.4772045073687068,-1.325263813765778,-1.4772047546310025,-1.3252637019482225,-1.477204794807269,46.0,45.0,42.0,45.0,42.0,46.0,44.0,7,7.5016,0,7.6704,0,0,0,0,0,0,7.5152,0,7.5264
1776184401.1505356,8.4416,-6.498316065073175e-07,0.773463929009747,1.4772045073687068,-1.325263813765778,-1.4772047546310025,-1.3252637019482225,-1.477204794807269,46.0,45.0,42.0,45.0,42.0,46.0,44.0,8,7.5152,0,7.5168,0,0,0,0,0,0,7.5208,0,7.6696
1776184401.2024748,8.4416,-6.498316065073175e-07,0.7789946504295521,1.4826604172213327,-1.3301585374904623,-1.4826606595383824,-1.330158427909258,-1.4826606989111237,46.0,45.0,42.0,45.0,42.0,46.0,44.0,0,7.6136,0,8.0248,0,0,0,0,0,0,7.9656,0,7.9992
1776184401.2026749,8.4416,-6.498316065073175e-07,0.7789946504295521,1.4826604172213327,-1.3301585374904623,-1.4826606595383824,-1.330158427909258,-1.4826606989111237,46.0,45.0,42.0,45.0,42.0,46.0,44.0,1,0,0,0,7.6664,0,0,7.536,0,7.6904,0,0,0
1776184401.202801,8.4416,-6.498316065073175e-07,0.7789946504295521,1.4826604172213327,-1.3301585374904623,-1.4826606595383824,-1.330158427909258,-1.4826606989111237,46.0,45.0,42.0,45.0,42.0,46.0,44.0,2,7.7608,0,7.816,0,0,0,0,0,0,7.6872,0,7.6448
1776184401.2029111,8.4416,-6.498316065073175e-07,0.7789946504295521,1.4826604172213327,-1.3301585374904623,-1.4826606595383824,-1.330158427909258,-1.4826606989111237,46.0,45.0,42.0,45.0,42.0,46.0,44.0,3,0,0,0,7.5056,0,0,7.2176,0,7.9168,0,0,0
1776184401.2030442,8.4416,-6.498316065073175e-07,0.7789946504295521,1.4826604172213327,-1.3301585374904623,-1.4826606595383824,-1.330158427909258,-1.4826606989111237,46.0,45.0,42.0,45.0,42.0,46.0,44.0,4,8.4416,0,7.5712,0,0,0,0,0,0,7.5656,0,7.5568
1776184401.203201,8.4416,-6.498316065073175e-07,0.7789946504295521,1.4826604172213327,-1.3301585374904623,-1.4826606595383824,-1.330158427909258,-1.4826606989111237,46.0,45.0,42.0,45.0,42.0,46.0,44.0,5,0,0,0,7.5048,0,0,7.3096,0,7.7656,0,0,0
1776184401.2033517,8.4416,-6.498316065073175e-07,0.7789946504295521,1.4826604172213327,-1.3301585374904623,-1.4826606595383824,-1.330158427909258,-1.4826606989111237,46.0,45.0,42.0,45.0,42.0,46.0,44.0,6,7.9832,0,7.6088,0,0,0,0,0,0,8.4008,0,7.516
1776184401.203475,8.4416,-6.498316065073175e-07,0.7789946504295521,1.4826604172213327,-1.3301585374904623,-1.4826606595383824,-1.330158427909258,-1.4826606989111237,46.0,45.0,42.0,45.0,42.0,46.0,44.0,7,7.5008,0,7.6704,0,0,0,0,0,0,7.516,0,7.5272
1776184401.2035675,8.4416,-6.498316065073175e-07,0.7789946504295521,1.4826604172213327,-1.3301585374904623,-1.4826606595383824,-1.330158427909258,-1.4826606989111237,46.0,45.0,42.0,45.0,42.0,46.0,44.0,8,7.516,0,7.5168,0,0,0,0,0,0,7.5208,0,7.668
1776184401.2550938,8.4416,-6.498316065073175e-07,0.784414757420961,1.488007208876906,-1.334955366740653,-1.4880074463476147,-1.3349552593510727,-1.4880074849329012,46.0,45.0,42.0,45.0,42.0,46.0,44.0,0,7.6136,0,8.0248,0,0,0,0,0,0,7.9656,0,7.9992
1776184401.2552066,8.4416,-6.498316065073175e-07,0.784414757420961,1.488007208876906,-1.334955366740653,-1.4880074463476147,-1.3349552593510727,-1.4880074849329012,46.0,45.0,42.0,45.0,42.0,46.0,44.0,1,0,0,0,7.6664,0,0,7.536,0,7.6904,0,0,0
1776184401.2552755,8.4416,-6.498316065073175e-07,0.784414757420961,1.488007208876906,-1.334955366740653,-1.4880074463476147,-1.3349552593510727,-1.4880074849329012,46.0,45.0,42.0,45.0,42.0,46.0,44.0,2,7.7608,0,7.816,0,0,0,0,0,0,7.6872,0,7.6448
1776184401.255392,8.4416,-6.498316065073175e-07,0.784414757420961,1.488007208876906,-1.334955366740653,-1.4880074463476147,-1.3349552593510727,-1.4880074849329012,46.0,45.0,42.0,45.0,42.0,46.0,44.0,3,0,0,0,7.5056,0,0,7.2176,0,7.9168,0,0,0
1776184401.2554564,8.4416,-6.498316065073175e-07,0.784414757420961,1.488007208876906,-1.334955366740653,-1.4880074463476147,-1.3349552593510727,-1.4880074849329012,46.0,45.0,42.0,45.0,42.0,46.0,44.0,4,8.4416,0,7.5712,0,0,0,0,0,0,7.5656,0,7.5568
1776184401.2555196,8.4416,-6.498316065073175e-07,0.784414757420961,1.488007208876906,-1.334955366740653,-1.4880074463476147,-1.3349552593510727,-1.4880074849329012,46.0,45.0,42.0,45.0,42.0,46.0,44.0,5,0,0,0,7.5048,0,0,7.3096,0,7.7656,0,0,0
1776184401.255581,8.4416,-6.498316065073175e-07,0.784414757420961,1.488007208876906,-1.334955366740653,-1.4880074463476147,-1.3349552593510727,-1.4880074849329012,46.0,45.0,42.0,45.0,42.0,46.0,44.0,6,7.9832,0,7.6088,0,0,0,0,0,0,8.4008,0,7.516
1776184401.2556434,8.4416,-6.498316065073175e-07,0.784414757420961,1.488007208876906,-1.334955366740653,-1.4880074463476147,-1.3349552593510727,-1.4880074849329012,46.0,45.0,42.0,45.0,42.0,46.0,44.0,7,7.5008,0,7.6704,0,0,0,0,0,0,7.516,0,7.5272
1776184401.2557054,8.4416,-6.498316065073175e-07,0.784414757420961,1.488007208876906,-1.334955366740653,-1.4880074463476147,-1.3349552593510727,-1.4880074849329012,46.0,45.0,42.0,45.0,42.0,46.0,44.0,8,7.516,0,7.5168,0,0,0,0,0,0,7.5208,0,7.668
1776184401.306968,8.4416,-6.498316065073175e-07,0.7897264622725418,1.4932470646993679,-1.33965625940584,-1.4932472974206625,-1.3396561541640513,-1.4932473352342432,46.0,45.0,42.0,45.0,42.0,46.0,44.0,0,7.6136,0,8.0248,0,0,0,0,0,0,7.9656,0,7.9992
1776184401.307072,8.4416,-6.498316065073175e-07,0.7897264622725418,1.4932470646993679,-1.33965625940584,-1.4932472974206625,-1.3396561541640513,-1.4932473352342432,46.0,45.0,42.0,45.0,42.0,46.0,44.0,1,0,0,0,7.6664,0,0,7.536,0,7.6904,0,0,0
1776184401.307141,8.4416,-6.498316065073175e-07,0.7897264622725418,1.4932470646993679,-1.33965625940584,-1.4932472974206625,-1.3396561541640513,-1.4932473352342432,46.0,45.0,42.0,45.0,42.0,46.0,44.0,2,7.7608,0,7.816,0,0,0,0,0,0,7.6872,0,7.6448
1776184401.3072069,8.4416,-6.498316065073175e-07,0.7897264622725418,1.4932470646993679,-1.33965625940584,-1.4932472974206625,-1.3396561541640513,-1.4932473352342432,46.0,45.0,42.0,45.0,42.0,46.0,44.0,3,0,0,0,7.5056,0,0,7.2176,0,7.9168,0,0,0
1776184401.307271,8.4416,-6.498316065073175e-07,0.7897264622725418,1.4932470646993679,-1.33965625940584,-1.4932472974206625,-1.3396561541640513,-1.4932473352342432,46.0,45.0,42.0,45.0,42.0,46.0,44.0,4,8.4416,0,7.5712,0,0,0,0,0,0,7.5656,0,7.5568
1776184401.3073719,8.4416,-6.498316065073175e-07,0.7897264622725418,1.4932470646993679,-1.33965625940584,-1.4932472974206625,-1.3396561541640513,-1.4932473352342432,46.0,45.0,42.0,45.0,42.0,46.0,44.0,5,0,0,0,7.5048,0,0,7.3096,0,7.7656,0,0,0
1776184401.3076777,8.4416,-6.498316065073175e-07,0.7897264622725418,1.4932470646993679,-1.33965625940584,-1.4932472974206625,-1.3396561541640513,-1.4932473352342432,46.0,45.0,42.0,45.0,42.0,46.0,44.0,6,7.9832,0,7.6088,0,0,0,0,0,0,8.4008,0,7.516
1776184401.3078516,8.4416,-6.498316065073175e-07,0.7897264622725418,1.4932470646993679,-1.33965625940584,-1.4932472974206625,-1.3396561541640513,-1.4932473352342432,46.0,45.0,42.0,45.0,42.0,46.0,44.0,7,7.5008,0,7.6704,0,0,0,0,0,0,7.516,0,7.5272
1776184401.3079731,8.4416,-6.498316065073175e-07,0.7897264622725418,1.4932470646993679,-1.33965625940584,-1.4932472974206625,-1.3396561541640513,-1.4932473352342432,46.0,45.0,42.0,45.0,42.0,46.0,44.0,8,7.516,0,7.5168,0,0,0,0,0,0,7.5208,0,7.668
1776184401.359548,8.4408,-6.498316065073175e-07,0.794931933027091,1.4983821234053805,-1.3442631342177234,-1.4983823514722492,-1.3442630310807702,-1.4983823885295584,46.0,45.0,42.0,45.0,42.0,46.0,44.0,0,7.6128,0,8.024,0,0,0,0,0,0,7.9656,0,7.9992
1776184401.359652,8.4408,-6.498316065073175e-07,0.794931933027091,1.4983821234053805,-1.3442631342177234,-1.4983823514722492,-1.3442630310807702,-1.4983823885295584,46.0,45.0,42.0,45.0,42.0,46.0,44.0,1,0,0,0,7.6664,0,0,7.5352,0,7.6896,0,0,0
1776184401.3597217,8.4408,-6.498316065073175e-07,0.794931933027091,1.4983821234053805,-1.3442631342177234,-1.4983823514722492,-1.3442630310807702,-1.4983823885295584,46.0,45.0,42.0,45.0,42.0,46.0,44.0,2,7.76,0,7.8168,0,0,0,0,0,0,7.6856,0,7.644
1776184401.359788,8.4408,-6.498316065073175e-07,0.794931933027091,1.4983821234053805,-1.3442631342177234,-1.4983823514722492,-1.3442630310807702,-1.4983823885295584,46.0,45.0,42.0,45.0,42.0,46.0,44.0,3,0,0,0,7.5064,0,0,7.2176,0,7.9168,0,0,0
1776184401.3598528,8.4408,-6.498316065073175e-07,0.794931933027091,1.4983821234053805,-1.3442631342177234,-1.4983823514722492,-1.3442630310807702,-1.4983823885295584,46.0,45.0,42.0,45.0,42.0,46.0,44.0,4,8.4408,0,7.5712,0,0,0,0,0,0,7.5648,0,7.5576
1776184401.359916,8.4408,-6.498316065073175e-07,0.794931933027091,1.4983821234053805,-1.3442631342177234,-1.4983823514722492,-1.3442630310807702,-1.4983823885295584,46.0,45.0,42.0,45.0,42.0,46.0,44.0,5,0,0,0,7.5048,0,0,7.308,0,7.7664,0,0,0
1776184401.360001,8.4408,-6.498316065073175e-07,0.794931933027091,1.4983821234053805,-1.3442631342177234,-1.4983823514722492,-1.3442630310807702,-1.4983823885295584,46.0,45.0,42.0,45.0,42.0,46.0,44.0,6,7.9824,0,7.6088,0,0,0,0,0,0,8.4008,0,7.5168
1776184401.3600934,8.4408,-6.498316065073175e-07,0.794931933027091,1.4983821234053805,-1.3442631342177234,-1.4983823514722492,-1.3442630310807702,-1.4983823885295584,46.0,45.0,42.0,45.0,42.0,46.0,44.0,7,7.5008,0,7.6704,0,0,0,0,0,0,7.5144,0,7.5272
1776184401.3601575,8.4408,-6.498316065073175e-07,0.794931933027091,1.4983821234053805,-1.3442631342177234,-1.4983823514722492,-1.3442630310807702,-1.4983823885295584,46.0,45.0,42.0,45.0,42.0,46.0,44.0,8,7.5168,0,7.5168,0,0,0,0,0,0,7.5208,0,7.6696
1776184401.4126256,8.4408,-6.498316065073175e-07,0.8000332943665491,1.503414480937273,-1.348777871533369,-1.5034147044428041,-1.3487777704591548,-1.5034147407589673,46.0,45.0,42.0,45.0,42.0,46.0,44.0,0,7.6128,0,8.024,0,0,0,0,0,0,7.9656,0,7.9992
1776184401.4128406,8.4408,-6.498316065073175e-07,0.8000332943665491,1.503414480937273,-1.348777871533369,-1.5034147044428041,-1.3487777704591548,-1.5034147407589673,46.0,45.0,42.0,45.0,42.0,46.0,44.0,1,0,0,0,7.6664,0,0,7.5352,0,7.6896,0,0,0
1776184401.412926,8.4408,-6.498316065073175e-07,0.8000332943665491,1.503414480937273,-1.348777871533369,-1.5034147044428041,-1.3487777704591548,-1.5034147407589673,46.0,45.0,42.0,45.0,42.0,46.0,44.0,2,7.76,0,7.8168,0,0,0,0,0,0,7.6856,0,7.644
1776184401.4129918,8.4408,-6.498316065073175e-07,0.8000332943665491,1.503414480937273,-1.348777871533369,-1.5034147044428041,-1.3487777704591548,-1.5034147407589673,46.0,45.0,42.0,45.0,42.0,46.0,44.0,3,0,0,0,7.5064,0,0,7.2176,0,7.9168,0,0,0
1776184401.4130557,8.4408,-6.498316065073175e-07,0.8000332943665491,1.503414480937273,-1.348777871533369,-1.5034147044428041,-1.3487777704591548,-1.5034147407589673,46.0,45.0,42.0,45.0,42.0,46.0,44.0,4,8.4408,0,7.5712,0,0,0,0,0,0,7.5648,0,7.5576
1776184401.4131484,8.4408,-6.498316065073175e-07,0.8000332943665491,1.503414480937273,-1.348777871533369,-1.5034147044428041,-1.3487777704591548,-1.5034147407589673,46.0,45.0,42.0,45.0,42.0,46.0,44.0,5,0,0,0,7.5048,0,0,7.308,0,7.7664,0,0,0
1776184401.4132776,8.4408,-6.498316065073175e-07,0.8000332943665491,1.503414480937273,-1.348777871533369,-1.5034147044428041,-1.3487777704591548,-1.5034147407589673,46.0,45.0,42.0,45.0,42.0,46.0,44.0,6,7.9824,0,7.6088,0,0,0,0,0,0,8.4008,0,7.5168
1776184401.4133437,8.4408,-6.498316065073175e-07,0.8000332943665491,1.503414480937273,-1.348777871533369,-1.5034147044428041,-1.3487777704591548,-1.5034147407589673,46.0,45.0,42.0,45.0,42.0,46.0,44.0,7,7.5008,0,7.6704,0,0,0,0,0,0,7.5144,0,7.5272
1776184401.413407,8.4408,-6.498316065073175e-07,0.8000332943665491,1.503414480937273,-1.348777871533369,-1.5034147044428041,-1.3487777704591548,-1.5034147407589673,46.0,45.0,42.0,45.0,42.0,46.0,44.0,8,7.5168,0,7.5168,0,0,0,0,0,0,7.5208,0,7.6696
1776184401.464973,8.4424,-6.498316065073175e-07,0.8050326284792182,1.5083461913185274,-1.3532023141027016,-1.5083464103539481,-1.3532022150499716,-1.5083464459437879,46.0,45.0,42.0,45.0,42.0,46.0,44.0,0,7.612,0,8.024,0,0,0,0,0,0,7.9648,0,8.0
1776184401.4651375,8.4424,-6.498316065073175e-07,0.8050326284792182,1.5083461913185274,-1.3532023141027016,-1.5083464103539481,-1.3532022150499716,-1.5083464459437879,46.0,45.0,42.0,45.0,42.0,46.0,44.0,1,0,0,0,7.6672,0,0,7.5352,0,7.6904,0,0,0
1776184401.4652607,8.4424,-6.498316065073175e-07,0.8050326284792182,1.5083461913185274,-1.3532023141027016,-1.5083464103539481,-1.3532022150499716,-1.5083464459437879,46.0,45.0,42.0,45.0,42.0,46.0,44.0,2,7.7592,0,7.8152,0,0,0,0,0,0,7.6856,0,7.6448
1776184401.4653845,8.4424,-6.498316065073175e-07,0.8050326284792182,1.5083461913185274,-1.3532023141027016,-1.5083464103539481,-1.3532022150499716,-1.5083464459437879,46.0,45.0,42.0,45.0,42.0,46.0,44.0,3,0,0,0,7.5056,0,0,7.2176,0,7.916,0,0,0
1776184401.4655054,8.4424,-6.498316065073175e-07,0.8050326284792182,1.5083461913185274,-1.3532023141027016,-1.5083464103539481,-1.3532022150499716,-1.5083464459437879,46.0,45.0,42.0,45.0,42.0,46.0,44.0,4,8.4424,0,7.5712,0,0,0,0,0,0,7.564,0,7.5584
1776184401.4656312,8.4424,-6.498316065073175e-07,0.8050326284792182,1.5083461913185274,-1.3532023141027016,-1.5083464103539481,-1.3532022150499716,-1.5083464459437879,46.0,45.0,42.0,45.0,42.0,46.0,44.0,5,0,0,0,7.5048,0,0,7.3096,0,7.7664,0,0,0
1776184401.465751,8.4424,-6.498316065073175e-07,0.8050326284792182,1.5083461913185274,-1.3532023141027016,-1.5083464103539481,-1.3532022150499716,-1.5083464459437879,46.0,45.0,42.0,45.0,42.0,46.0,44.0,6,7.984,0,7.6072,0,0,0,0,0,0,8.4008,0,7.5168
1776184401.4658709,8.4424,-6.498316065073175e-07,0.8050326284792182,1.5083461913185274,-1.3532023141027016,-1.5083464103539481,-1.3532022150499716,-1.5083464459437879,46.0,45.0,42.0,45.0,42.0,46.0,44.0,7,7.5024,0,7.6704,0,0,0,0,0,0,7.5152,0,7.5264
1776184401.4659855,8.4424,-6.498316065073175e-07,0.8050326284792182,1.5083461913185274,-1.3532023141027016,-1.5083464103539481,-1.3532022150499716,-1.5083464459437879,46.0,45.0,42.0,45.0,42.0,46.0,44.0,8,7.516,0,7.5168,0,0,0,0,0,0,7.5208,0,7.6688
1776184401.5192766,8.4424,-6.498316065073175e-07,0.8099319759096338,1.513179267492157,-1.3575382678206476,-1.5131794821468691,-1.3575381707489722,-1.513179517024912,46.0,45.0,42.0,45.0,42.0,46.0,44.0,0,7.612,0,8.024,0,0,0,0,0,0,7.9648,0,8.0
1776184401.5194917,8.4424,-6.498316065073175e-07,0.8099319759096338,1.513179267492157,-1.3575382678206476,-1.5131794821468691,-1.3575381707489722,-1.513179517024912,46.0,45.0,42.0,45.0,42.0,46.0,44.0,1,0,0,0,7.6672,0,0,7.5352,0,7.6904,0,0,0
1776184401.519636,8.4424,-6.498316065073175e-07,0.8099319759096338,1.513179267492157,-1.3575382678206476,-1.5131794821468691,-1.3575381707489722,-1.513179517024912,46.0,45.0,42.0,45.0,42.0,46.0,44.0,2,7.7592,0,7.8152,0,0,0,0,0,0,7.6856,0,7.6448
1776184401.5200214,8.4424,-6.498316065073175e-07,0.8099319759096338,1.513179267492157,-1.3575382678206476,-1.5131794821468691,-1.3575381707489722,-1.513179517024912,46.0,45.0,42.0,45.0,42.0,46.0,44.0,3,0,0,0,7.5056,0,0,7.2176,0,7.916,0,0,0
1776184401.5201628,8.4424,-6.498316065073175e-07,0.8099319759096338,1.513179267492157,-1.3575382678206476,-1.5131794821468691,-1.3575381707489722,-1.513179517024912,46.0,45.0,42.0,45.0,42.0,46.0,44.0,4,8.4424,0,7.5712,0,0,0,0,0,0,7.564,0,7.5584
1776184401.5202775,8.4424,-6.498316065073175e-07,0.8099319759096338,1.513179267492157,-1.3575382678206476,-1.5131794821468691,-1.3575381707489722,-1.513179517024912,46.0,45.0,42.0,45.0,42.0,46.0,44.0,5,0,0,0,7.5048,0,0,7.3096,0,7.7664,0,0,0
1776184401.5204082,8.4424,-6.498316065073175e-07,0.8099319759096338,1.513179267492157,-1.3575382678206476,-1.5131794821468691,-1.3575381707489722,-1.513179517024912,46.0,45.0,42.0,45.0,42.0,46.0,44.0,6,7.984,0,7.6072,0,0,0,0,0,0,8.4008,0,7.5168
1776184401.5205352,8.4424,-6.498316065073175e-07,0.8099319759096338,1.513179267492157,-1.3575382678206476,-1.5131794821468691,-1.3575381707489722,-1.513179517024912,46.0,45.0,42.0,45.0,42.0,46.0,44.0,7,7.5024,0,7.6704,0,0,0,0,0,0,7.5152,0,7.5264
1776184401.5206556,8.4424,-6.498316065073175e-07,0.8099319759096338,1.513179267492157,-1.3575382678206476,-1.5131794821468691,-1.3575381707489722,-1.513179517024912,46.0,45.0,42.0,45.0,42.0,46.0,44.0,8,7.516,0,7.5168,0,0,0,0,0,0,7.5208,0,7.6688
1776184401.5721617,8.4424,-6.498316065073175e-07,0.8147333363914412,1.5179156821423139,-1.3617875024642345,-1.5179158925039318,-1.3617874073339928,-1.5179159266844138,46.0,45.0,42.0,45.0,42.0,46.0,44.0,0,7.612,0,8.024,0,0,0,0,0,0,7.9648,0,8.0
1776184401.572264,8.4424,-6.498316065073175e-07,0.8147333363914412,1.5179156821423139,-1.3617875024642345,-1.5179158925039318,-1.3617874073339928,-1.5179159266844138,46.0,45.0,42.0,45.0,42.0,46.0,44.0,1,0,0,0,7.6672,0,0,7.5352,0,7.6904,0,0,0
1776184401.5723326,8.4424,-6.498316065073175e-07,0.8147333363914412,1.5179156821423139,-1.3617875024642345,-1.5179158925039318,-1.3617874073339928,-1.5179159266844138,46.0,45.0,42.0,45.0,42.0,46.0,44.0,2,7.7592,0,7.8152,0,0,0,0,0,0,7.6856,0,7.6448
1776184401.572399,8.4424,-6.498316065073175e-07,0.8147333363914412,1.5179156821423139,-1.3617875024642345,-1.5179158925039318,-1.3617874073339928,-1.5179159266844138,46.0,45.0,42.0,45.0,42.0,46.0,44.0,3,0,0,0,7.5056,0,0,7.2176,0,7.916,0,0,0
1776184401.5724616,8.4424,-6.498316065073175e-07,0.8147333363914412,1.5179156821423139,-1.3617875024642345,-1.5179158925039318,-1.3617874073339928,-1.5179159266844138,46.0,45.0,42.0,45.0,42.0,46.0,44.0,4,8.4424,0,7.5712,0,0,0,0,0,0,7.564,0,7.5584
1776184401.5725265,8.4424,-6.498316065073175e-07,0.8147333363914412,1.5179156821423139,-1.3617875024642345,-1.5179158925039318,-1.3617874073339928,-1.5179159266844138,46.0,45.0,42.0,45.0,42.0,46.0,44.0,5,0,0,0,7.5048,0,0,7.3096,0,7.7664,0,0,0
1776184401.5725882,8.4424,-6.498316065073175e-07,0.8147333363914412,1.5179156821423139,-1.3617875024642345,-1.5179158925039318,-1.3617874073339928,-1.5179159266844138,46.0,45.0,42.0,45.0,42.0,46.0,44.0,6,7.984,0,7.6072,0,0,0,0,0,0,8.4008,0,7.5168
1776184401.5726511,8.4424,-6.498316065073175e-07,0.8147333363914412,1.5179156821423139,-1.3617875024642345,-1.5179158925039318,-1.3617874073339928,-1.5179159266844138,46.0,45.0,42.0,45.0,42.0,46.0,44.0,7,7.5024,0,7.6704,0,0,0,0,0,0,7.5152,0,7.5264
1776184401.5728285,8.4424,-6.498316065073175e-07,0.8147333363914412,1.5179156821423139,-1.3617875024642345,-1.5179158925039318,-1.3617874073339928,-1.5179159266844138,46.0,45.0,42.0,45.0,42.0,46.0,44.0,8,7.516,0,7.5168,0,0,0,0,0,0,7.5208,0,7.6688
1776184401.6244116,8.4408,-6.498316065073175e-07,0.8194386696636123,1.5225573684994675,-1.3659517524149498,-1.522557574653853,-1.365951659187313,-1.5225576081507255,46.0,45.0,42.0,45.0,42.0,46.0,44.0,0,7.612,0,8.024,0,0,0,0,0,0,7.964,0,7.9984
1776184401.6245172,8.4408,-6.498316065073175e-07,0.8194386696636123,1.5225573684994675,-1.3659517524149498,-1.522557574653853,-1.365951659187313,-1.5225576081507255,46.0,45.0,42.0,45.0,42.0,46.0,44.0,1,0,0,0,7.6664,0,0,7.5352,0,7.6904,0,0,0
1776184401.6245866,8.4408,-6.498316065073175e-07,0.8194386696636123,1.5225573684994675,-1.3659517524149498,-1.522557574653853,-1.365951659187313,-1.5225576081507255,46.0,45.0,42.0,45.0,42.0,46.0,44.0,2,7.76,0,7.8168,0,0,0,0,0,0,7.6856,0,7.6432
1776184401.6246517,8.4408,-6.498316065073175e-07,0.8194386696636123,1.5225573684994675,-1.3659517524149498,-1.522557574653853,-1.365951659187313,-1.5225576081507255,46.0,45.0,42.0,45.0,42.0,46.0,44.0,3,0,0,0,7.5056,0,0,7.2176,0,7.916,0,0,0
1776184401.624783,8.4408,-6.498316065073175e-07,0.8194386696636123,1.5225573684994675,-1.3659517524149498,-1.522557574653853,-1.365951659187313,-1.5225576081507255,46.0,45.0,42.0,45.0,42.0,46.0,44.0,4,8.4408,0,7.5704,0,0,0,0,0,0,7.5656,0,7.5576
1776184401.6248507,8.4408,-6.498316065073175e-07,0.8194386696636123,1.5225573684994675,-1.3659517524149498,-1.522557574653853,-1.365951659187313,-1.5225576081507255,46.0,45.0,42.0,45.0,42.0,46.0,44.0,5,0,0,0,7.504,0,0,7.308,0,7.7656,0,0,0
1776184401.6249151,8.4408,-6.498316065073175e-07,0.8194386696636123,1.5225573684994675,-1.3659517524149498,-1.522557574653853,-1.365951659187313,-1.5225576081507255,46.0,45.0,42.0,45.0,42.0,46.0,44.0,6,7.984,0,7.6072,0,0,0,0,0,0,8.4008,0,7.5168
1776184401.6249788,8.4408,-6.498316065073175e-07,0.8194386696636123,1.5225573684994675,-1.3659517524149498,-1.522557574653853,-1.365951659187313,-1.5225576081507255,46.0,45.0,42.0,45.0,42.0,46.0,44.0,7,7.5008,0,7.6704,0,0,0,0,0,0,7.5144,0,7.5264
1776184401.6250417,8.4408,-6.498316065073175e-07,0.8194386696636123,1.5225573684994675,-1.3659517524149498,-1.522557574653853,-1.365951659187313,-1.5225576081507255,46.0,45.0,42.0,45.0,42.0,46.0,44.0,8,7.516,0,7.5176,0,0,0,0,0,0,7.5208,0,7.6696
1776184401.6768982,8.4408,-6.498316065073175e-07,0.8240498962703401,1.5271062211294781,-1.3700327173666509,-1.527106423160776,-1.370032626003567,-1.527106455987711,46.0,45.0,42.0,45.0,42.0,46.0,44.0,0,7.612,0,8.024,0,0,0,0,0,0,7.964,0,7.9984
1776184401.6770003,8.4408,-6.498316065073175e-07,0.8240498962703401,1.5271062211294781,-1.3700327173666509,-1.527106423160776,-1.370032626003567,-1.527106455987711,46.0,45.0,42.0,45.0,42.0,46.0,44.0,1,0,0,0,7.6664,0,0,7.5352,0,7.6904,0,0,0
1776184401.6771235,8.4408,-6.498316065073175e-07,0.8240498962703401,1.5271062211294781,-1.3700327173666509,-1.527106423160776,-1.370032626003567,-1.527106455987711,46.0,45.0,42.0,45.0,42.0,46.0,44.0,2,7.76,0,7.8168,0,0,0,0,0,0,7.6856,0,7.6432
1776184401.6771913,8.4408,-6.498316065073175e-07,0.8240498962703401,1.5271062211294781,-1.3700327173666509,-1.527106423160776,-1.370032626003567,-1.527106455987711,46.0,45.0,42.0,45.0,42.0,46.0,44.0,3,0,0,0,7.5056,0,0,7.2176,0,7.916,0,0,0
1776184401.6772528,8.4408,-6.498316065073175e-07,0.8240498962703401,1.5271062211294781,-1.3700327173666509,-1.527106423160776,-1.370032626003567,-1.527106455987711,46.0,45.0,42.0,45.0,42.0,46.0,44.0,4,8.4408,0,7.5704,0,0,0,0,0,0,7.5656,0,7.5576
1776184401.6773148,8.4408,-6.498316065073175e-07,0.8240498962703401,1.5271062211294781,-1.3700327173666509,-1.527106423160776,-1.370032626003567,-1.527106455987711,46.0,45.0,42.0,45.0,42.0,46.0,44.0,5,0,0,0,7.504,0,0,7.308,0,7.7656,0,0,0
1776184401.6773784,8.4408,-6.498316065073175e-07,0.8240498962703401,1.5271062211294781,-1.3700327173666509,-1.527106423160776,-1.370032626003567,-1.527106455987711,46.0,45.0,42.0,45.0,42.0,46.0,44.0,6,7.984,0,7.6072,0,0,0,0,0,0,8.4008,0,7.5168
1776184401.6774404,8.4408,-6.498316065073175e-07,0.8240498962703401,1.5271062211294781,-1.3700327173666509,-1.527106423160776,-1.370032626003567,-1.527106455987711,46.0,45.0,42.0,45.0,42.0,46.0,44.0,7,7.5008,0,7.6704,0,0,0,0,0,0,7.5144,0,7.5264
