time,step,sensor_id,joint0,joint1,joint2,joint3,joint4,joint5,joint6,motor_temp0,motor_temp1,motor_temp2,motor_temp3,motor_temp4,motor_temp5,motor_temp6,sensor_temp,p0,p1,p2,p3,p4,p5,p6,p7,p8,p9,p10,p11
1773868957.062701,0.0,0,0.0,-0.19179999999999997,0.525,-0.471,-0.525,-0.471,-0.525,47.0,49.0,44.0,46.0,41.0,47.0,43.0,40.0,7.6056,0,8.0208,0,0,0,0,0,0,7.9512,0,7.8672
1773868957.064954,0.0,1,0.0,-0.19179999999999997,0.525,-0.471,-0.525,-0.471,-0.525,47.0,49.0,44.0,46.0,41.0,47.0,43.0,0.0,0,0,0,7.7032,0,0,7.5592,0,7.72,0,0,0
1773868957.0663228,0.0,2,0.0,-0.19179999999999997,0.525,-0.471,-0.525,-0.471,-0.525,47.0,49.0,44.0,46.0,41.0,47.0,43.0,37.0,7.6648,0,7.0336,0,0,0,0,0,0,7.6368,0,7.4976
1773868957.0680563,0.0,3,0.0,-0.19179999999999997,0.525,-0.471,-0.525,-0.471,-0.525,47.0,49.0,44.0,46.0,41.0,47.0,43.0,0.0,0,0,0,7.4568,0,0,7.2664,0,7.7472,0,0,0
1773868957.0696821,0.0,4,0.0,-0.19179999999999997,0.525,-0.471,-0.525,-0.471,-0.525,47.0,49.0,44.0,46.0,41.0,47.0,43.0,37.0,8.4824,0,7.372,0,0,0,0,0,0,7.48,0,7.4672
1773868957.071173,0.0,5,0.0,-0.19179999999999997,0.525,-0.471,-0.525,-0.471,-0.525,47.0,49.0,44.0,46.0,41.0,47.0,43.0,0.0,0,0,0,7.4616,0,0,7.3568,0,7.7368,0,0,0
1773868957.0723896,0.0,6,0.0,-0.19179999999999997,0.525,-0.471,-0.525,-0.471,-0.525,47.0,49.0,44.0,46.0,41.0,47.0,43.0,40.0,7.9024,0,7.5456,0,0,0,0,0,0,8.3568,0,7.4672
1773868957.073874,0.0,7,0.0,-0.19179999999999997,0.525,-0.471,-0.525,-0.471,-0.525,47.0,49.0,44.0,46.0,41.0,47.0,43.0,41.0,7.4872,0,7.6808,0,0,0,0,0,0,7.4608,0,7.4768
1773868957.0752838,0.0,8,0.0,-0.19179999999999997,0.525,-0.471,-0.525,-0.471,-0.525,47.0,49.0,44.0,46.0,41.0,47.0,43.0,41.0,7.4672,0,7.4824,0,0,0,0,0,0,7.4792,0,7.6904
1773868957.2779744,0.02564102564102564,0,0.0,-0.15995897435897433,0.5564102564102564,-0.4991794871794872,-0.5564102564102564,-0.4991794871794872,-0.5564102564102564,47.0,49.0,44.0,46.0,41.0,47.0,43.0,40.0,7.6056,0,8.0216,0,0,0,0,0,0,7.952,0,7.8664
1773868957.2789788,0.02564102564102564,1,0.0,-0.15995897435897433,0.5564102564102564,-0.4991794871794872,-0.5564102564102564,-0.4991794871794872,-0.5564102564102564,47.0,49.0,44.0,46.0,41.0,47.0,43.0,0.0,0,0,0,7.7032,0,0,7.56,0,7.7208,0,0,0
1773868957.2796717,0.02564102564102564,2,0.0,-0.15995897435897433,0.5564102564102564,-0.4991794871794872,-0.5564102564102564,-0.4991794871794872,-0.5564102564102564,47.0,49.0,44.0,46.0,41.0,47.0,43.0,37.0,7.664,0,7.0336,0,0,0,0,0,0,7.6376,0,7.4976
1773868957.2805822,0.02564102564102564,3,0.0,-0.15995897435897433,0.5564102564102564,-0.4991794871794872,-0.5564102564102564,-0.4991794871794872,-0.5564102564102564,47.0,49.0,44.0,46.0,41.0,47.0,43.0,0.0,0,0,0,7.4568,0,0,7.2664,0,7.7464,0,0,0
1773868957.2815087,0.02564102564102564,4,0.0,-0.15995897435897433,0.5564102564102564,-0.4991794871794872,-0.5564102564102564,-0.4991794871794872,-0.5564102564102564,47.0,49.0,44.0,46.0,41.0,47.0,43.0,37.0,8.4824,0,7.372,0,0,0,0,0,0,7.4784,0,7.4664
1773868957.2823536,0.02564102564102564,5,0.0,-0.15995897435897433,0.5564102564102564,-0.4991794871794872,-0.5564102564102564,-0.4991794871794872,-0.5564102564102564,47.0,49.0,44.0,46.0,41.0,47.0,43.0,0.0,0,0,0,7.4608,0,0,7.3568,0,7.7376,0,0,0
1773868957.2832186,0.02564102564102564,6,0.0,-0.15995897435897433,0.5564102564102564,-0.4991794871794872,-0.5564102564102564,-0.4991794871794872,-0.5564102564102564,47.0,49.0,44.0,46.0,41.0,47.0,43.0,40.0,7.9024,0,7.5472,0,0,0,0,0,0,8.356,0,7.4664
1773868957.2843068,0.02564102564102564,7,0.0,-0.15995897435897433,0.5564102564102564,-0.4991794871794872,-0.5564102564102564,-0.4991794871794872,-0.5564102564102564,47.0,49.0,44.0,46.0,41.0,47.0,43.0,41.0,7.4872,0,7.6792,0,0,0,0,0,0,7.4624,0,7.4768
1773868957.2858493,0.02564102564102564,8,0.0,-0.15995897435897433,0.5564102564102564,-0.4991794871794872,-0.5564102564102564,-0.4991794871794872,-0.5564102564102564,47.0,49.0,44.0,46.0,41.0,47.0,43.0,41.0,7.4656,0,7.4816,0,0,0,0,0,0,7.4792,0,7.6912
1773868957.4882646,0.05128205128205128,0,0.0,-0.12811794871794868,0.5878205128205128,-0.5273589743589744,-0.5878205128205128,-0.5273589743589744,-0.5878205128205128,47.0,49.0,44.0,46.0,41.0,47.0,43.0,40.0,7.6064,0,8.0208,0,0,0,0,0,0,7.9528,0,7.8672
1773868957.4890223,0.05128205128205128,1,0.0,-0.12811794871794868,0.5878205128205128,-0.5273589743589744,-0.5878205128205128,-0.5273589743589744,-0.5878205128205128,47.0,49.0,44.0,46.0,41.0,47.0,43.0,0.0,0,0,0,7.7032,0,0,7.5592,0,7.7192,0,0,0
1773868957.4897273,0.05128205128205128,2,0.0,-0.12811794871794868,0.5878205128205128,-0.5273589743589744,-0.5878205128205128,-0.5273589743589744,-0.5878205128205128,47.0,49.0,44.0,46.0,41.0,47.0,43.0,37.0,7.6656,0,7.0336,0,0,0,0,0,0,7.6376,0,7.4984
1773868957.4903479,0.05128205128205128,3,0.0,-0.12811794871794868,0.5878205128205128,-0.5273589743589744,-0.5878205128205128,-0.5273589743589744,-0.5878205128205128,47.0,49.0,44.0,46.0,41.0,47.0,43.0,0.0,0,0,0,7.4568,0,0,7.2672,0,7.7472,0,0,0
1773868957.4910002,0.05128205128205128,4,0.0,-0.12811794871794868,0.5878205128205128,-0.5273589743589744,-0.5878205128205128,-0.5273589743589744,-0.5878205128205128,47.0,49.0,44.0,46.0,41.0,47.0,43.0,37.0,8.4816,0,7.372,0,0,0,0,0,0,7.4792,0,7.4664
1773868957.4915738,0.05128205128205128,5,0.0,-0.12811794871794868,0.5878205128205128,-0.5273589743589744,-0.5878205128205128,-0.5273589743589744,-0.5878205128205128,47.0,49.0,44.0,46.0,41.0,47.0,43.0,0.0,0,0,0,7.4608,0,0,7.3552,0,7.7376,0,0,0
1773868957.4921577,0.05128205128205128,6,0.0,-0.12811794871794868,0.5878205128205128,-0.5273589743589744,-0.5878205128205128,-0.5273589743589744,-0.5878205128205128,47.0,49.0,44.0,46.0,41.0,47.0,43.0,40.0,7.9024,0,7.5456,0,0,0,0,0,0,8.3568,0,7.4656
1773868957.4927435,0.05128205128205128,7,0.0,-0.12811794871794868,0.5878205128205128,-0.5273589743589744,-0.5878205128205128,-0.5273589743589744,-0.5878205128205128,47.0,49.0,44.0,46.0,41.0,47.0,43.0,41.0,7.488,0,7.68,0,0,0,0,0,0,7.4616,0,7.4768
1773868957.4935539,0.05128205128205128,8,0.0,-0.12811794871794868,0.5878205128205128,-0.5273589743589744,-0.5878205128205128,-0.5273589743589744,-0.5878205128205128,47.0,49.0,44.0,46.0,41.0,47.0,43.0,41.0,7.4648,0,7.4824,0,0,0,0,0,0,7.4784,0,7.6912
1773868957.695873,0.07692307692307693,0,0.0,-0.09627692307692304,0.6192307692307693,-0.5555384615384615,-0.6192307692307693,-0.5555384615384615,-0.6192307692307693,47.0,49.0,44.0,46.0,41.0,47.0,43.0,40.0,7.6056,0,8.0216,0,0,0,0,0,0,7.952,0,7.868
1773868957.6975057,0.07692307692307693,1,0.0,-0.09627692307692304,0.6192307692307693,-0.5555384615384615,-0.6192307692307693,-0.5555384615384615,-0.6192307692307693,47.0,49.0,44.0,46.0,41.0,47.0,43.0,0.0,0,0,0,7.7032,0,0,7.56,0,7.72,0,0,0
1773868957.6990163,0.07692307692307693,2,0.0,-0.09627692307692304,0.6192307692307693,-0.5555384615384615,-0.6192307692307693,-0.5555384615384615,-0.6192307692307693,47.0,49.0,44.0,46.0,41.0,47.0,43.0,37.0,7.6648,0,7.032,0,0,0,0,0,0,7.6384,0,7.4984
1773868957.7005062,0.07692307692307693,3,0.0,-0.09627692307692304,0.6192307692307693,-0.5555384615384615,-0.6192307692307693,-0.5555384615384615,-0.6192307692307693,47.0,49.0,44.0,46.0,41.0,47.0,43.0,0.0,0,0,0,7.4568,0,0,7.2664,0,7.748,0,0,0
1773868957.7025352,0.07692307692307693,4,0.0,-0.09627692307692304,0.6192307692307693,-0.5555384615384615,-0.6192307692307693,-0.5555384615384615,-0.6192307692307693,47.0,49.0,44.0,46.0,41.0,47.0,43.0,37.0,8.4808,0,7.3712,0,0,0,0,0,0,7.4776,0,7.4672
1773868957.7062159,0.07692307692307693,5,0.0,-0.09627692307692304,0.6192307692307693,-0.5555384615384615,-0.6192307692307693,-0.5555384615384615,-0.6192307692307693,47.0,49.0,44.0,46.0,41.0,47.0,43.0,0.0,0,0,0,7.4608,0,0,7.3552,0,7.7376,0,0,0
1773868957.7085059,0.07692307692307693,6,0.0,-0.09627692307692304,0.6192307692307693,-0.5555384615384615,-0.6192307692307693,-0.5555384615384615,-0.6192307692307693,47.0,49.0,44.0,46.0,41.0,47.0,43.0,40.0,7.9016,0,7.5456,0,0,0,0,0,0,8.3568,0,7.4672
1773868957.710808,0.07692307692307693,7,0.0,-0.09627692307692304,0.6192307692307693,-0.5555384615384615,-0.6192307692307693,-0.5555384615384615,-0.6192307692307693,47.0,49.0,44.0,46.0,41.0,47.0,43.0,41.0,7.488,0,7.68,0,0,0,0,0,0,7.4624,0,7.4776
1773868957.7143126,0.07692307692307693,8,0.0,-0.09627692307692304,0.6192307692307693,-0.5555384615384615,-0.6192307692307693,-0.5555384615384615,-0.6192307692307693,47.0,49.0,44.0,46.0,41.0,47.0,43.0,41.0,7.4656,0,7.4816,0,0,0,0,0,0,7.4792,0,7.6896
1773868957.9184864,0.10256410256410256,0,0.0,-0.06443589743589742,0.6506410256410257,-0.5837179487179487,-0.6506410256410257,-0.5837179487179487,-0.6506410256410257,47.0,49.0,44.0,46.0,41.0,47.0,43.0,40.0,7.6064,0,8.0208,0,0,0,0,0,0,7.9528,0,7.868
1773868957.9201305,0.10256410256410256,1,0.0,-0.06443589743589742,0.6506410256410257,-0.5837179487179487,-0.6506410256410257,-0.5837179487179487,-0.6506410256410257,47.0,49.0,44.0,46.0,41.0,47.0,43.0,0.0,0,0,0,7.704,0,0,7.5608,0,7.7216,0,0,0
1773868957.9215262,0.10256410256410256,2,0.0,-0.06443589743589742,0.6506410256410257,-0.5837179487179487,-0.6506410256410257,-0.5837179487179487,-0.6506410256410257,47.0,49.0,44.0,46.0,41.0,47.0,43.0,37.0,7.664,0,7.0336,0,0,0,0,0,0,7.6368,0,7.4976
1773868957.9228916,0.10256410256410256,3,0.0,-0.06443589743589742,0.6506410256410257,-0.5837179487179487,-0.6506410256410257,-0.5837179487179487,-0.6506410256410257,47.0,49.0,44.0,46.0,41.0,47.0,43.0,0.0,0,0,0,7.4576,0,0,7.2664,0,7.748,0,0,0
1773868957.924098,0.10256410256410256,4,0.0,-0.06443589743589742,0.6506410256410257,-0.5837179487179487,-0.6506410256410257,-0.5837179487179487,-0.6506410256410257,47.0,49.0,44.0,46.0,41.0,47.0,43.0,37.0,8.4816,0,7.3704,0,0,0,0,0,0,7.4792,0,7.4672
1773868957.9252756,0.10256410256410256,5,0.0,-0.06443589743589742,0.6506410256410257,-0.5837179487179487,-0.6506410256410257,-0.5837179487179487,-0.6506410256410257,47.0,49.0,44.0,46.0,41.0,47.0,43.0,0.0,0,0,0,7.4616,0,0,7.3552,0,7.736,0,0,0
1773868957.9268658,0.10256410256410256,6,0.0,-0.06443589743589742,0.6506410256410257,-0.5837179487179487,-0.6506410256410257,-0.5837179487179487,-0.6506410256410257,47.0,49.0,44.0,46.0,41.0,47.0,43.0,40.0,7.9024,0,7.5456,0,0,0,0,0,0,8.3568,0,7.4664
1773868957.9280658,0.10256410256410256,7,0.0,-0.06443589743589742,0.6506410256410257,-0.5837179487179487,-0.6506410256410257,-0.5837179487179487,-0.6506410256410257,47.0,49.0,44.0,46.0,41.0,47.0,43.0,41.0,7.488,0,7.6792,0,0,0,0,0,0,7.4616,0,7.4768
1773868957.9291117,0.10256410256410256,8,0.0,-0.06443589743589742,0.6506410256410257,-0.5837179487179487,-0.6506410256410257,-0.5837179487179487,-0.6506410256410257,47.0,49.0,44.0,46.0,41.0,47.0,43.0,41.0,7.4664,0,7.4824,0,0,0,0,0,0,7.4792,0,7.6904
1773868958.1316516,0.1282051282051282,0,0.0,-0.03259487179487178,0.6820512820512821,-0.6118974358974358,-0.6820512820512821,-0.6118974358974358,-0.6820512820512821,47.0,49.0,44.0,46.0,41.0,47.0,43.0,40.0,7.6064,0,8.0224,0,0,0,0,0,0,7.9528,0,7.8672
1773868958.133342,0.1282051282051282,1,0.0,-0.03259487179487178,0.6820512820512821,-0.6118974358974358,-0.6820512820512821,-0.6118974358974358,-0.6820512820512821,47.0,49.0,44.0,46.0,41.0,47.0,43.0,0.0,0,0,0,7.7024,0,0,7.56,0,7.7192,0,0,0
1773868958.1348157,0.1282051282051282,2,0.0,-0.03259487179487178,0.6820512820512821,-0.6118974358974358,-0.6820512820512821,-0.6118974358974358,-0.6820512820512821,47.0,49.0,44.0,46.0,41.0,47.0,43.0,37.0,7.6664,0,7.032,0,0,0,0,0,0,7.6376,0,7.4984
1773868958.1362793,0.1282051282051282,3,0.0,-0.03259487179487178,0.6820512820512821,-0.6118974358974358,-0.6820512820512821,-0.6118974358974358,-0.6820512820512821,47.0,49.0,44.0,46.0,41.0,47.0,43.0,0.0,0,0,0,7.4568,0,0,7.2672,0,7.7472,0,0,0
1773868958.1385083,0.1282051282051282,4,0.0,-0.03259487179487178,0.6820512820512821,-0.6118974358974358,-0.6820512820512821,-0.6118974358974358,-0.6820512820512821,47.0,49.0,44.0,46.0,41.0,47.0,43.0,37.0,8.4808,0,7.3712,0,0,0,0,0,0,7.4784,0,7.4664
1773868958.140761,0.1282051282051282,5,0.0,-0.03259487179487178,0.6820512820512821,-0.6118974358974358,-0.6820512820512821,-0.6118974358974358,-0.6820512820512821,47.0,49.0,44.0,46.0,41.0,47.0,43.0,0.0,0,0,0,7.4616,0,0,7.3568,0,7.736,0,0,0
1773868958.1429982,0.1282051282051282,6,0.0,-0.03259487179487178,0.6820512820512821,-0.6118974358974358,-0.6820512820512821,-0.6118974358974358,-0.6820512820512821,47.0,49.0,44.0,46.0,41.0,47.0,43.0,40.0,7.9024,0,7.5456,0,0,0,0,0,0,8.356,0,7.4672
1773868958.1450827,0.1282051282051282,7,0.0,-0.03259487179487178,0.6820512820512821,-0.6118974358974358,-0.6820512820512821,-0.6118974358974358,-0.6820512820512821,47.0,49.0,44.0,46.0,41.0,47.0,43.0,41.0,7.488,0,7.6792,0,0,0,0,0,0,7.4624,0,7.4776
1773868958.147262,0.1282051282051282,8,0.0,-0.03259487179487178,0.6820512820512821,-0.6118974358974358,-0.6820512820512821,-0.6118974358974358,-0.6820512820512821,47.0,49.0,44.0,46.0,41.0,47.0,43.0,41.0,7.4656,0,7.4816,0,0,0,0,0,0,7.4792,0,7.6912
1773868958.3506808,0.15384615384615385,0,0.0,-0.000753846153846105,0.7134615384615385,-0.6400769230769231,-0.7134615384615385,-0.6400769230769231,-0.7134615384615385,47.0,49.0,44.0,46.0,41.0,47.0,43.0,40.0,7.6056,0,8.0216,0,0,0,0,0,0,7.952,0,7.8688
1773868958.3523755,0.15384615384615385,1,0.0,-0.000753846153846105,0.7134615384615385,-0.6400769230769231,-0.7134615384615385,-0.6400769230769231,-0.7134615384615385,47.0,49.0,44.0,46.0,41.0,47.0,43.0,0.0,0,0,0,7.7032,0,0,7.56,0,7.7192,0,0,0
1773868958.353957,0.15384615384615385,2,0.0,-0.000753846153846105,0.7134615384615385,-0.6400769230769231,-0.7134615384615385,-0.6400769230769231,-0.7134615384615385,47.0,49.0,44.0,46.0,41.0,47.0,43.0,37.0,7.6656,0,7.0296,0,0,0,0,0,0,7.6376,0,7.4976
1773868958.3583372,0.15384615384615385,3,0.0,-0.000753846153846105,0.7134615384615385,-0.6400769230769231,-0.7134615384615385,-0.6400769230769231,-0.7134615384615385,47.0,49.0,44.0,46.0,41.0,47.0,43.0,0.0,0,0,0,7.4568,0,0,7.2672,0,7.748,0,0,0
1773868958.3607514,0.15384615384615385,4,0.0,-0.000753846153846105,0.7134615384615385,-0.6400769230769231,-0.7134615384615385,-0.6400769230769231,-0.7134615384615385,47.0,49.0,44.0,46.0,41.0,47.0,43.0,37.0,8.4816,0,7.3704,0,0,0,0,0,0,7.4784,0,7.4656
1773868958.3622332,0.15384615384615385,5,0.0,-0.000753846153846105,0.7134615384615385,-0.6400769230769231,-0.7134615384615385,-0.6400769230769231,-0.7134615384615385,47.0,49.0,44.0,46.0,41.0,47.0,43.0,0.0,0,0,0,7.4616,0,0,7.3544,0,7.7352,0,0,0
1773868958.3644857,0.15384615384615385,6,0.0,-0.000753846153846105,0.7134615384615385,-0.6400769230769231,-0.7134615384615385,-0.6400769230769231,-0.7134615384615385,47.0,49.0,44.0,46.0,41.0,47.0,43.0,40.0,7.9032,0,7.5464,0,0,0,0,0,0,8.356,0,7.4672
1773868958.367137,0.15384615384615385,7,0.0,-0.000753846153846105,0.7134615384615385,-0.6400769230769231,-0.7134615384615385,-0.6400769230769231,-0.7134615384615385,47.0,49.0,44.0,46.0,41.0,47.0,43.0,41.0,7.488,0,7.6792,0,0,0,0,0,0,7.4616,0,7.4776
1773868958.3694627,0.15384615384615385,8,0.0,-0.000753846153846105,0.7134615384615385,-0.6400769230769231,-0.7134615384615385,-0.6400769230769231,-0.7134615384615385,47.0,49.0,44.0,46.0,41.0,47.0,43.0,41.0,7.4656,0,7.4824,0,0,0,0,0,0,7.4784,0,7.6896
1773868958.5737443,0.1794871794871795,0,0.0,0.03108717948717951,0.7448717948717949,-0.6682564102564102,-0.7448717948717949,-0.6682564102564102,-0.7448717948717949,47.0,49.0,44.0,46.0,41.0,47.0,43.0,40.0,7.6048,0,8.0216,0,0,0,0,0,0,7.9528,0,7.8672
1773868958.5759022,0.1794871794871795,1,0.0,0.03108717948717951,0.7448717948717949,-0.6682564102564102,-0.7448717948717949,-0.6682564102564102,-0.7448717948717949,47.0,49.0,44.0,46.0,41.0,47.0,43.0,0.0,0,0,0,7.7024,0,0,7.5592,0,7.7184,0,0,0
1773868958.5776036,0.1794871794871795,2,0.0,0.03108717948717951,0.7448717948717949,-0.6682564102564102,-0.7448717948717949,-0.6682564102564102,-0.7448717948717949,47.0,49.0,44.0,46.0,41.0,47.0,43.0,37.0,7.6664,0,7.0288,0,0,0,0,0,0,7.6368,0,7.4984
1773868958.5793102,0.1794871794871795,3,0.0,0.03108717948717951,0.7448717948717949,-0.6682564102564102,-0.7448717948717949,-0.6682564102564102,-0.7448717948717949,47.0,49.0,44.0,46.0,41.0,47.0,43.0,0.0,0,0,0,7.4568,0,0,7.2672,0,7.748,0,0,0
1773868958.5815225,0.1794871794871795,4,0.0,0.03108717948717951,0.7448717948717949,-0.6682564102564102,-0.7448717948717949,-0.6682564102564102,-0.7448717948717949,47.0,49.0,44.0,46.0,41.0,47.0,43.0,37.0,8.4808,0,7.3712,0,0,0,0,0,0,7.4776,0,7.4656
1773868958.5837069,0.1794871794871795,5,0.0,0.03108717948717951,0.7448717948717949,-0.6682564102564102,-0.7448717948717949,-0.6682564102564102,-0.7448717948717949,47.0,49.0,44.0,46.0,41.0,47.0,43.0,0.0,0,0,0,7.4608,0,0,7.3552,0,7.7352,0,0,0
1773868958.5857368,0.1794871794871795,6,0.0,0.03108717948717951,0.7448717948717949,-0.6682564102564102,-0.7448717948717949,-0.6682564102564102,-0.7448717948717949,47.0,49.0,44.0,46.0,41.0,47.0,43.0,40.0,7.9024,0,7.5464,0,0,0,0,0,0,8.3576,0,7.4664
1773868958.5879047,0.1794871794871795,7,0.0,0.03108717948717951,0.7448717948717949,-0.6682564102564102,-0.7448717948717949,-0.6682564102564102,-0.7448717948717949,47.0,49.0,44.0,46.0,41.0,47.0,43.0,41.0,7.4872,0,7.6792,0,0,0,0,0,0,7.4616,0,7.4768
1773868958.589492,0.1794871794871795,8,0.0,0.03108717948717951,0.7448717948717949,-0.6682564102564102,-0.7448717948717949,-0.6682564102564102,-0.7448717948717949,47.0,49.0,44.0,46.0,41.0,47.0,43.0,41.0,7.4664,0,7.4824,0,0,0,0,0,0,7.4784,0,7.6904
1773868958.7930365,0.20512820512820512,0,0.0,0.06292820512820513,0.7762820512820513,-0.6964358974358975,-0.7762820512820513,-0.6964358974358975,-0.7762820512820513,47.0,49.0,44.0,46.0,41.0,47.0,43.0,40.0,7.6048,0,8.0216,0,0,0,0,0,0,7.952,0,7.8688
1773868958.7948964,0.20512820512820512,1,0.0,0.06292820512820513,0.7762820512820513,-0.6964358974358975,-0.7762820512820513,-0.6964358974358975,-0.7762820512820513,47.0,49.0,44.0,46.0,41.0,47.0,43.0,0.0,0,0,0,7.7024,0,0,7.5592,0,7.7176,0,0,0
1773868958.7963054,0.20512820512820512,2,0.0,0.06292820512820513,0.7762820512820513,-0.6964358974358975,-0.7762820512820513,-0.6964358974358975,-0.7762820512820513,47.0,49.0,44.0,46.0,41.0,47.0,43.0,37.0,7.6664,0,7.0288,0,0,0,0,0,0,7.6376,0,7.4984
1773868958.7977455,0.20512820512820512,3,0.0,0.06292820512820513,0.7762820512820513,-0.6964358974358975,-0.7762820512820513,-0.6964358974358975,-0.7762820512820513,47.0,49.0,44.0,46.0,41.0,47.0,43.0,0.0,0,0,0,7.4568,0,0,7.2664,0,7.7464,0,0,0
1773868958.799517,0.20512820512820512,4,0.0,0.06292820512820513,0.7762820512820513,-0.6964358974358975,-0.7762820512820513,-0.6964358974358975,-0.7762820512820513,47.0,49.0,44.0,46.0,41.0,47.0,43.0,37.0,8.4808,0,7.3704,0,0,0,0,0,0,7.4776,0,7.4664
1773868958.8015745,0.20512820512820512,5,0.0,0.06292820512820513,0.7762820512820513,-0.6964358974358975,-0.7762820512820513,-0.6964358974358975,-0.7762820512820513,47.0,49.0,44.0,46.0,41.0,47.0,43.0,0.0,0,0,0,7.4616,0,0,7.3544,0,7.736,0,0,0
1773868958.8034508,0.20512820512820512,6,0.0,0.06292820512820513,0.7762820512820513,-0.6964358974358975,-0.7762820512820513,-0.6964358974358975,-0.7762820512820513,47.0,49.0,44.0,46.0,41.0,47.0,43.0,40.0,7.9032,0,7.544,0,0,0,0,0,0,8.3568,0,7.468
1773868958.8100102,0.20512820512820512,7,0.0,0.06292820512820513,0.7762820512820513,-0.6964358974358975,-0.7762820512820513,-0.6964358974358975,-0.7762820512820513,47.0,49.0,44.0,46.0,41.0,47.0,43.0,41.0,7.488,0,7.6808,0,0,0,0,0,0,7.4624,0,7.4776
1773868958.8130152,0.20512820512820512,8,0.0,0.06292820512820513,0.7762820512820513,-0.6964358974358975,-0.7762820512820513,-0.6964358974358975,-0.7762820512820513,47.0,49.0,44.0,46.0,41.0,47.0,43.0,41.0,7.4664,0,7.4824,0,0,0,0,0,0,7.4784,0,7.6896
1773868959.017141,0.23076923076923075,0,0.0,0.09476923076923077,0.8076923076923077,-0.7246153846153847,-0.8076923076923077,-0.7246153846153847,-0.8076923076923077,47.0,49.0,44.0,46.0,41.0,47.0,43.0,40.0,7.6056,0,8.0224,0,0,0,0,0,0,7.9536,0,7.8672
1773868959.0190883,0.23076923076923075,1,0.0,0.09476923076923077,0.8076923076923077,-0.7246153846153847,-0.8076923076923077,-0.7246153846153847,-0.8076923076923077,47.0,49.0,44.0,46.0,41.0,47.0,43.0,0.0,0,0,0,7.7008,0,0,7.5584,0,7.7168,0,0,0
1773868959.0209186,0.23076923076923075,2,0.0,0.09476923076923077,0.8076923076923077,-0.7246153846153847,-0.8076923076923077,-0.7246153846153847,-0.8076923076923077,47.0,49.0,44.0,46.0,41.0,47.0,43.0,37.0,7.664,0,7.0272,0,0,0,0,0,0,7.6368,0,7.4984
1773868959.022526,0.23076923076923075,3,0.0,0.09476923076923077,0.8076923076923077,-0.7246153846153847,-0.8076923076923077,-0.7246153846153847,-0.8076923076923077,47.0,49.0,44.0,46.0,41.0,47.0,43.0,0.0,0,0,0,7.4568,0,0,7.2648,0,7.7456,0,0,0
1773868959.0241067,0.23076923076923075,4,0.0,0.09476923076923077,0.8076923076923077,-0.7246153846153847,-0.8076923076923077,-0.7246153846153847,-0.8076923076923077,47.0,49.0,44.0,46.0,41.0,47.0,43.0,37.0,8.4816,0,7.3712,0,0,0,0,0,0,7.4784,0,7.4664
1773868959.0264938,0.23076923076923075,5,0.0,0.09476923076923077,0.8076923076923077,-0.7246153846153847,-0.8076923076923077,-0.7246153846153847,-0.8076923076923077,47.0,49.0,44.0,46.0,41.0,47.0,43.0,0.0,0,0,0,7.46,0,0,7.3536,0,7.736,0,0,0
1773868959.0287929,0.23076923076923075,6,0.0,0.09476923076923077,0.8076923076923077,-0.7246153846153847,-0.8076923076923077,-0.7246153846153847,-0.8076923076923077,47.0,49.0,44.0,46.0,41.0,47.0,43.0,40.0,7.9024,0,7.5456,0,0,0,0,0,0,8.356,0,7.4672
1773868959.0310657,0.23076923076923075,7,0.0,0.09476923076923077,0.8076923076923077,-0.7246153846153847,-0.8076923076923077,-0.7246153846153847,-0.8076923076923077,47.0,49.0,44.0,46.0,41.0,47.0,43.0,41.0,7.4872,0,7.68,0,0,0,0,0,0,7.4632,0,7.4768
1773868959.033129,0.23076923076923075,8,0.0,0.09476923076923077,0.8076923076923077,-0.7246153846153847,-0.8076923076923077,-0.7246153846153847,-0.8076923076923077,47.0,49.0,44.0,46.0,41.0,47.0,43.0,41.0,7.4672,0,7.4824,0,0,0,0,0,0,7.4784,0,7.6904
1773868959.2368855,0.2564102564102564,0,0.0,0.12661025641025642,0.8391025641025641,-0.7527948717948718,-0.8391025641025641,-0.7527948717948718,-0.8391025641025641,47.0,49.0,44.0,46.0,41.0,47.0,43.0,40.0,7.6048,0,8.0224,0,0,0,0,0,0,7.952,0,7.868
1773868959.238519,0.2564102564102564,1,0.0,0.12661025641025642,0.8391025641025641,-0.7527948717948718,-0.8391025641025641,-0.7527948717948718,-0.8391025641025641,47.0,49.0,44.0,46.0,41.0,47.0,43.0,0.0,0,0,0,7.7008,0,0,7.56,0,7.7184,0,0,0
1773868959.2396917,0.2564102564102564,2,0.0,0.12661025641025642,0.8391025641025641,-0.7527948717948718,-0.8391025641025641,-0.7527948717948718,-0.8391025641025641,47.0,49.0,44.0,46.0,41.0,47.0,43.0,37.0,7.6664,0,7.0264,0,0,0,0,0,0,7.6376,0,7.4984
1773868959.240941,0.2564102564102564,3,0.0,0.12661025641025642,0.8391025641025641,-0.7527948717948718,-0.8391025641025641,-0.7527948717948718,-0.8391025641025641,47.0,49.0,44.0,46.0,41.0,47.0,43.0,0.0,0,0,0,7.456,0,0,7.2664,0,7.7464,0,0,0
1773868959.242313,0.2564102564102564,4,0.0,0.12661025641025642,0.8391025641025641,-0.7527948717948718,-0.8391025641025641,-0.7527948717948718,-0.8391025641025641,47.0,49.0,44.0,46.0,41.0,47.0,43.0,37.0,8.48,0,7.3696,0,0,0,0,0,0,7.4784,0,7.4648
1773868959.2438874,0.2564102564102564,5,0.0,0.12661025641025642,0.8391025641025641,-0.7527948717948718,-0.8391025641025641,-0.7527948717948718,-0.8391025641025641,47.0,49.0,44.0,46.0,41.0,47.0,43.0,0.0,0,0,0,7.4616,0,0,7.3528,0,7.7352,0,0,0
1773868959.2459276,0.2564102564102564,6,0.0,0.12661025641025642,0.8391025641025641,-0.7527948717948718,-0.8391025641025641,-0.7527948717948718,-0.8391025641025641,47.0,49.0,44.0,46.0,41.0,47.0,43.0,40.0,7.9032,0,7.5456,0,0,0,0,0,0,8.356,0,7.4664
1773868959.247928,0.2564102564102564,7,0.0,0.12661025641025642,0.8391025641025641,-0.7527948717948718,-0.8391025641025641,-0.7527948717948718,-0.8391025641025641,47.0,49.0,44.0,46.0,41.0,47.0,43.0,41.0,7.4872,0,7.68,0,0,0,0,0,0,7.4632,0,7.4776
1773868959.250285,0.2564102564102564,8,0.0,0.12661025641025642,0.8391025641025641,-0.7527948717948718,-0.8391025641025641,-0.7527948717948718,-0.8391025641025641,47.0,49.0,44.0,46.0,41.0,47.0,43.0,41.0,7.4656,0,7.4816,0,0,0,0,0,0,7.4784,0,7.6912
1773868959.4559503,0.28205128205128205,0,0.0,0.15845128205128206,0.8705128205128205,-0.780974358974359,-0.8705128205128205,-0.780974358974359,-0.8705128205128205,47.0,49.0,44.0,46.0,41.0,47.0,43.0,40.0,7.6064,0,8.0224,0,0,0,0,0,0,7.9536,0,7.868
1773868959.4578204,0.28205128205128205,1,0.0,0.15845128205128206,0.8705128205128205,-0.780974358974359,-0.8705128205128205,-0.780974358974359,-0.8705128205128205,47.0,49.0,44.0,46.0,41.0,47.0,43.0,0.0,0,0,0,7.7016,0,0,7.5592,0,7.7176,0,0,0
1773868959.4597807,0.28205128205128205,2,0.0,0.15845128205128206,0.8705128205128205,-0.780974358974359,-0.8705128205128205,-0.780974358974359,-0.8705128205128205,47.0,49.0,44.0,46.0,41.0,47.0,43.0,37.0,7.6656,0,7.0264,0,0,0,0,0,0,7.6376,0,7.4984
1773868959.4618275,0.28205128205128205,3,0.0,0.15845128205128206,0.8705128205128205,-0.780974358974359,-0.8705128205128205,-0.780974358974359,-0.8705128205128205,47.0,49.0,44.0,46.0,41.0,47.0,43.0,0.0,0,0,0,7.4576,0,0,7.2648,0,7.7456,0,0,0
1773868959.4641383,0.28205128205128205,4,0.0,0.15845128205128206,0.8705128205128205,-0.780974358974359,-0.8705128205128205,-0.780974358974359,-0.8705128205128205,47.0,49.0,44.0,46.0,41.0,47.0,43.0,37.0,8.4792,0,7.3704,0,0,0,0,0,0,7.4792,0,7.4664
1773868959.4662898,0.28205128205128205,5,0.0,0.15845128205128206,0.8705128205128205,-0.780974358974359,-0.8705128205128205,-0.780974358974359,-0.8705128205128205,47.0,49.0,44.0,46.0,41.0,47.0,43.0,0.0,0,0,0,7.46,0,0,7.3512,0,7.7336,0,0,0
1773868959.4676282,0.28205128205128205,6,0.0,0.15845128205128206,0.8705128205128205,-0.780974358974359,-0.8705128205128205,-0.780974358974359,-0.8705128205128205,47.0,49.0,44.0,46.0,41.0,47.0,43.0,40.0,7.904,0,7.544,0,0,0,0,0,0,8.3568,0,7.4664
1773868959.4697456,0.28205128205128205,7,0.0,0.15845128205128206,0.8705128205128205,-0.780974358974359,-0.8705128205128205,-0.780974358974359,-0.8705128205128205,47.0,49.0,44.0,46.0,41.0,47.0,43.0,41.0,7.488,0,7.68,0,0,0,0,0,0,7.4624,0,7.4768
1773868959.471249,0.28205128205128205,8,0.0,0.15845128205128206,0.8705128205128205,-0.780974358974359,-0.8705128205128205,-0.780974358974359,-0.8705128205128205,47.0,49.0,44.0,46.0,41.0,47.0,43.0,41.0,7.4664,0,7.4832,0,0,0,0,0,0,7.4776,0,7.6912
1773868959.676028,0.3076923076923077,0,0.0,0.19029230769230776,0.901923076923077,-0.8091538461538462,-0.901923076923077,-0.8091538461538462,-0.901923076923077,47.0,48.0,44.0,46.0,41.0,47.0,43.0,40.0,7.6056,0,8.0224,0,0,0,0,0,0,7.9528,0,7.868
1773868959.67792,0.3076923076923077,1,0.0,0.19029230769230776,0.901923076923077,-0.8091538461538462,-0.901923076923077,-0.8091538461538462,-0.901923076923077,47.0,48.0,44.0,46.0,41.0,47.0,43.0,0.0,0,0,0,7.7024,0,0,7.5592,0,7.7176,0,0,0
1773868959.6793954,0.3076923076923077,2,0.0,0.19029230769230776,0.901923076923077,-0.8091538461538462,-0.901923076923077,-0.8091538461538462,-0.901923076923077,47.0,48.0,44.0,46.0,41.0,47.0,43.0,37.0,7.6664,0,7.0264,0,0,0,0,0,0,7.6384,0,7.4984
1773868959.6809282,0.3076923076923077,3,0.0,0.19029230769230776,0.901923076923077,-0.8091538461538462,-0.901923076923077,-0.8091538461538462,-0.901923076923077,47.0,48.0,44.0,46.0,41.0,47.0,43.0,0.0,0,0,0,7.456,0,0,7.2664,0,7.7464,0,0,0
1773868959.6829138,0.3076923076923077,4,0.0,0.19029230769230776,0.901923076923077,-0.8091538461538462,-0.901923076923077,-0.8091538461538462,-0.901923076923077,47.0,48.0,44.0,46.0,41.0,47.0,43.0,37.0,8.4784,0,7.3704,0,0,0,0,0,0,7.4784,0,7.4664
1773868959.6850724,0.3076923076923077,5,0.0,0.19029230769230776,0.901923076923077,-0.8091538461538462,-0.901923076923077,-0.8091538461538462,-0.901923076923077,47.0,48.0,44.0,46.0,41.0,47.0,43.0,0.0,0,0,0,7.4608,0,0,7.352,0,7.7352,0,0,0
1773868959.6871884,0.3076923076923077,6,0.0,0.19029230769230776,0.901923076923077,-0.8091538461538462,-0.901923076923077,-0.8091538461538462,-0.901923076923077,47.0,48.0,44.0,46.0,41.0,47.0,43.0,40.0,7.904,0,7.5464,0,0,0,0,0,0,8.356,0,7.4672
1773868959.6892178,0.3076923076923077,7,0.0,0.19029230769230776,0.901923076923077,-0.8091538461538462,-0.901923076923077,-0.8091538461538462,-0.901923076923077,47.0,48.0,44.0,46.0,41.0,47.0,43.0,41.0,7.4872,0,7.68,0,0,0,0,0,0,7.4616,0,7.4776
1773868959.6915982,0.3076923076923077,8,0.0,0.19029230769230776,0.901923076923077,-0.8091538461538462,-0.901923076923077,-0.8091538461538462,-0.901923076923077,47.0,48.0,44.0,46.0,41.0,47.0,43.0,41.0,7.4664,0,7.4824,0,0,0,0,0,0,7.4784,0,7.692
1773868959.894869,0.3333333333333333,0,0.0,0.22213333333333335,0.9333333333333333,-0.8373333333333334,-0.9333333333333333,-0.8373333333333334,-0.9333333333333333,47.0,48.0,44.0,46.0,41.0,47.0,43.0,40.0,7.6056,0,8.0232,0,0,0,0,0,0,7.9528,0,7.868
1773868959.8965244,0.3333333333333333,1,0.0,0.22213333333333335,0.9333333333333333,-0.8373333333333334,-0.9333333333333333,-0.8373333333333334,-0.9333333333333333,47.0,48.0,44.0,46.0,41.0,47.0,43.0,0.0,0,0,0,7.7008,0,0,7.5584,0,7.7192,0,0,0
1773868959.897876,0.3333333333333333,2,0.0,0.22213333333333335,0.9333333333333333,-0.8373333333333334,-0.9333333333333333,-0.8373333333333334,-0.9333333333333333,47.0,48.0,44.0,46.0,41.0,47.0,43.0,37.0,7.6656,0,7.0256,0,0,0,0,0,0,7.6376,0,7.4984
1773868959.8991778,0.3333333333333333,3,0.0,0.22213333333333335,0.9333333333333333,-0.8373333333333334,-0.9333333333333333,-0.8373333333333334,-0.9333333333333333,47.0,48.0,44.0,46.0,41.0,47.0,43.0,0.0,0,0,0,7.4568,0,0,7.2656,0,7.7448,0,0,0
1773868959.900441,0.3333333333333333,4,0.0,0.22213333333333335,0.9333333333333333,-0.8373333333333334,-0.9333333333333333,-0.8373333333333334,-0.9333333333333333,47.0,48.0,44.0,46.0,41.0,47.0,43.0,37.0,8.48,0,7.3696,0,0,0,0,0,0,7.4776,0,7.4656
1773868959.901823,0.3333333333333333,5,0.0,0.22213333333333335,0.9333333333333333,-0.8373333333333334,-0.9333333333333333,-0.8373333333333334,-0.9333333333333333,47.0,48.0,44.0,46.0,41.0,47.0,43.0,0.0,0,0,0,7.4616,0,0,7.3512,0,7.7336,0,0,0
1773868959.9041045,0.3333333333333333,6,0.0,0.22213333333333335,0.9333333333333333,-0.8373333333333334,-0.9333333333333333,-0.8373333333333334,-0.9333333333333333,47.0,48.0,44.0,46.0,41.0,47.0,43.0,40.0,7.9032,0,7.5448,0,0,0,0,0,0,8.356,0,7.4664
1773868959.9066944,0.3333333333333333,7,0.0,0.22213333333333335,0.9333333333333333,-0.8373333333333334,-0.9333333333333333,-0.8373333333333334,-0.9333333333333333,47.0,48.0,44.0,46.0,41.0,47.0,43.0,41.0,7.488,0,7.6792,0,0,0,0,0,0,7.4624,0,7.4776
1773868959.908938,0.3333333333333333,8,0.0,0.22213333333333335,0.9333333333333333,-0.8373333333333334,-0.9333333333333333,-0.8373333333333334,-0.9333333333333333,47.0,48.0,44.0,46.0,41.0,47.0,43.0,41.0,7.4656,0,7.4832,0,0,0,0,0,0,7.4784,0,7.6912
1773868960.11558,0.358974358974359,0,0.0,0.253974358974359,0.9647435897435899,-0.8655128205128206,-0.9647435897435899,-0.8655128205128206,-0.9647435897435899,47.0,48.0,44.0,46.0,41.0,47.0,43.0,40.0,7.6064,0,8.024,0,0,0,0,0,0,7.952,0,7.8672
1773868960.1173384,0.358974358974359,1,0.0,0.253974358974359,0.9647435897435899,-0.8655128205128206,-0.9647435897435899,-0.8655128205128206,-0.9647435897435899,47.0,48.0,44.0,46.0,41.0,47.0,43.0,0.0,0,0,0,7.7,0,0,7.5592,0,7.7176,0,0,0
1773868960.1189878,0.358974358974359,2,0.0,0.253974358974359,0.9647435897435899,-0.8655128205128206,-0.9647435897435899,-0.8655128205128206,-0.9647435897435899,47.0,48.0,44.0,46.0,41.0,47.0,43.0,37.0,7.6664,0,7.024,0,0,0,0,0,0,7.6376,0,7.4976
1773868960.1203566,0.358974358974359,3,0.0,0.253974358974359,0.9647435897435899,-0.8655128205128206,-0.9647435897435899,-0.8655128205128206,-0.9647435897435899,47.0,48.0,44.0,46.0,41.0,47.0,43.0,0.0,0,0,0,7.4568,0,0,7.264,0,7.744,0,0,0
1773868960.1222208,0.358974358974359,4,0.0,0.253974358974359,0.9647435897435899,-0.8655128205128206,-0.9647435897435899,-0.8655128205128206,-0.9647435897435899,47.0,48.0,44.0,46.0,41.0,47.0,43.0,37.0,8.48,0,7.368,0,0,0,0,0,0,7.4776,0,7.4664
1773868960.1240542,0.358974358974359,5,0.0,0.253974358974359,0.9647435897435899,-0.8655128205128206,-0.9647435897435899,-0.8655128205128206,-0.9647435897435899,47.0,48.0,44.0,46.0,41.0,47.0,43.0,0.0,0,0,0,7.4616,0,0,7.3488,0,7.7344,0,0,0
1773868960.1262808,0.358974358974359,6,0.0,0.253974358974359,0.9647435897435899,-0.8655128205128206,-0.9647435897435899,-0.8655128205128206,-0.9647435897435899,47.0,48.0,44.0,46.0,41.0,47.0,43.0,40.0,7.9032,0,7.5448,0,0,0,0,0,0,8.3568,0,7.4672
1773868960.1283038,0.358974358974359,7,0.0,0.253974358974359,0.9647435897435899,-0.8655128205128206,-0.9647435897435899,-0.8655128205128206,-0.9647435897435899,47.0,48.0,44.0,46.0,41.0,47.0,43.0,41.0,7.4888,0,7.6808,0,0,0,0,0,0,7.4616,0,7.4776
1773868960.1305234,0.358974358974359,8,0.0,0.253974358974359,0.9647435897435899,-0.8655128205128206,-0.9647435897435899,-0.8655128205128206,-0.9647435897435899,47.0,48.0,44.0,46.0,41.0,47.0,43.0,41.0,7.4664,0,7.4832,0,0,0,0,0,0,7.4784,0,7.6904
1773868960.3361363,0.3846153846153846,0,0.0,0.2858153846153846,0.9961538461538462,-0.8936923076923078,-0.9961538461538462,-0.8936923076923078,-0.9961538461538462,47.0,48.0,44.0,46.0,41.0,47.0,43.0,40.0,7.6064,0,8.0232,0,0,0,0,0,0,7.952,0,7.8672
1773868960.3383586,0.3846153846153846,1,0.0,0.2858153846153846,0.9961538461538462,-0.8936923076923078,-0.9961538461538462,-0.8936923076923078,-0.9961538461538462,47.0,48.0,44.0,46.0,41.0,47.0,43.0,0.0,0,0,0,7.7,0,0,7.5584,0,7.7168,0,0,0
1773868960.3399212,0.3846153846153846,2,0.0,0.2858153846153846,0.9961538461538462,-0.8936923076923078,-0.9961538461538462,-0.8936923076923078,-0.9961538461538462,47.0,48.0,44.0,46.0,41.0,47.0,43.0,37.0,7.6648,0,7.024,0,0,0,0,0,0,7.6376,0,7.5
1773868960.3413177,0.3846153846153846,3,0.0,0.2858153846153846,0.9961538461538462,-0.8936923076923078,-0.9961538461538462,-0.8936923076923078,-0.9961538461538462,47.0,48.0,44.0,46.0,41.0,47.0,43.0,0.0,0,0,0,7.4568,0,0,7.264,0,7.7432,0,0,0
1773868960.3435168,0.3846153846153846,4,0.0,0.2858153846153846,0.9961538461538462,-0.8936923076923078,-0.9961538461538462,-0.8936923076923078,-0.9961538461538462,47.0,48.0,44.0,46.0,41.0,47.0,43.0,37.0,8.4784,0,7.3688,0,0,0,0,0,0,7.4792,0,7.4656
1773868960.3462658,0.3846153846153846,5,0.0,0.2858153846153846,0.9961538461538462,-0.8936923076923078,-0.9961538461538462,-0.8936923076923078,-0.9961538461538462,47.0,48.0,44.0,46.0,41.0,47.0,43.0,0.0,0,0,0,7.4616,0,0,7.3496,0,7.7344,0,0,0
1773868960.3486547,0.3846153846153846,6,0.0,0.2858153846153846,0.9961538461538462,-0.8936923076923078,-0.9961538461538462,-0.8936923076923078,-0.9961538461538462,47.0,48.0,44.0,46.0,41.0,47.0,43.0,40.0,7.9032,0,7.5456,0,0,0,0,0,0,8.356,0,7.4656
1773868960.3510027,0.3846153846153846,7,0.0,0.2858153846153846,0.9961538461538462,-0.8936923076923078,-0.9961538461538462,-0.8936923076923078,-0.9961538461538462,47.0,48.0,44.0,46.0,41.0,47.0,43.0,41.0,7.4888,0,7.68,0,0,0,0,0,0,7.464,0,7.4776
1773868960.3533545,0.3846153846153846,8,0.0,0.2858153846153846,0.9961538461538462,-0.8936923076923078,-0.9961538461538462,-0.8936923076923078,-0.9961538461538462,47.0,48.0,44.0,46.0,41.0,47.0,43.0,41.0,7.4664,0,7.4816,0,0,0,0,0,0,7.4792,0,7.6912
1773868960.5570755,0.41025641025641024,0,0.0,0.3176564102564102,1.0275641025641025,-0.9218717948717949,-1.0275641025641025,-0.9218717948717949,-1.0275641025641025,47.0,48.0,44.0,46.0,41.0,47.0,43.0,40.0,7.6064,0,8.024,0,0,0,0,0,0,7.9536,0,7.868
1773868960.5587916,0.41025641025641024,1,0.0,0.3176564102564102,1.0275641025641025,-0.9218717948717949,-1.0275641025641025,-0.9218717948717949,-1.0275641025641025,47.0,48.0,44.0,46.0,41.0,47.0,43.0,0.0,0,0,0,7.6992,0,0,7.5592,0,7.716,0,0,0
1773868960.560096,0.41025641025641024,2,0.0,0.3176564102564102,1.0275641025641025,-0.9218717948717949,-1.0275641025641025,-0.9218717948717949,-1.0275641025641025,47.0,48.0,44.0,46.0,41.0,47.0,43.0,37.0,7.6664,0,7.0224,0,0,0,0,0,0,7.6368,0,7.4984
1773868960.56149,0.41025641025641024,3,0.0,0.3176564102564102,1.0275641025641025,-0.9218717948717949,-1.0275641025641025,-0.9218717948717949,-1.0275641025641025,47.0,48.0,44.0,46.0,41.0,47.0,43.0,0.0,0,0,0,7.4568,0,0,7.2632,0,7.7424,0,0,0
1773868960.563165,0.41025641025641024,4,0.0,0.3176564102564102,1.0275641025641025,-0.9218717948717949,-1.0275641025641025,-0.9218717948717949,-1.0275641025641025,47.0,48.0,44.0,46.0,41.0,47.0,43.0,37.0,8.4776,0,7.3688,0,0,0,0,0,0,7.4792,0,7.4672
1773868960.5652423,0.41025641025641024,5,0.0,0.3176564102564102,1.0275641025641025,-0.9218717948717949,-1.0275641025641025,-0.9218717948717949,-1.0275641025641025,47.0,48.0,44.0,46.0,41.0,47.0,43.0,0.0,0,0,0,7.4624,0,0,7.348,0,7.7328,0,0,0
1773868960.5670257,0.41025641025641024,6,0.0,0.3176564102564102,1.0275641025641025,-0.9218717948717949,-1.0275641025641025,-0.9218717948717949,-1.0275641025641025,47.0,48.0,44.0,46.0,41.0,47.0,43.0,40.0,7.904,0,7.5456,0,0,0,0,0,0,8.3568,0,7.4664
1773868960.5686889,0.41025641025641024,7,0.0,0.3176564102564102,1.0275641025641025,-0.9218717948717949,-1.0275641025641025,-0.9218717948717949,-1.0275641025641025,47.0,48.0,44.0,46.0,41.0,47.0,43.0,41.0,7.4888,0,7.6792,0,0,0,0,0,0,7.4624,0,7.4768
1773868960.5711877,0.41025641025641024,8,0.0,0.3176564102564102,1.0275641025641025,-0.9218717948717949,-1.0275641025641025,-0.9218717948717949,-1.0275641025641025,47.0,48.0,44.0,46.0,41.0,47.0,43.0,41.0,7.4672,0,7.4824,0,0,0,0,0,0,7.4792,0,7.6912
1773868960.7743256,0.4358974358974359,0,0.0,0.349497435897436,1.058974358974359,-0.9500512820512821,-1.058974358974359,-0.9500512820512821,-1.058974358974359,47.0,48.0,44.0,46.0,41.0,47.0,43.0,40.0,7.6056,0,8.024,0,0,0,0,0,0,7.9536,0,7.868
1773868960.776164,0.4358974358974359,1,0.0,0.349497435897436,1.058974358974359,-0.9500512820512821,-1.058974358974359,-0.9500512820512821,-1.058974358974359,47.0,48.0,44.0,46.0,41.0,47.0,43.0,0.0,0,0,0,7.7,0,0,7.5576,0,7.7168,0,0,0
1773868960.777523,0.4358974358974359,2,0.0,0.349497435897436,1.058974358974359,-0.9500512820512821,-1.058974358974359,-0.9500512820512821,-1.058974358974359,47.0,48.0,44.0,46.0,41.0,47.0,43.0,37.0,7.6656,0,7.0224,0,0,0,0,0,0,7.6392,0,7.4984
1773868960.7788339,0.4358974358974359,3,0.0,0.349497435897436,1.058974358974359,-0.9500512820512821,-1.058974358974359,-0.9500512820512821,-1.058974358974359,47.0,48.0,44.0,46.0,41.0,47.0,43.0,0.0,0,0,0,7.4568,0,0,7.2632,0,7.7432,0,0,0
1773868960.7802253,0.4358974358974359,4,0.0,0.349497435897436,1.058974358974359,-0.9500512820512821,-1.058974358974359,-0.9500512820512821,-1.058974358974359,47.0,48.0,44.0,46.0,41.0,47.0,43.0,37.0,8.4792,0,7.3696,0,0,0,0,0,0,7.4784,0,7.4664
1773868960.782412,0.4358974358974359,5,0.0,0.349497435897436,1.058974358974359,-0.9500512820512821,-1.058974358974359,-0.9500512820512821,-1.058974358974359,47.0,48.0,44.0,46.0,41.0,47.0,43.0,0.0,0,0,0,7.4624,0,0,7.348,0,7.732,0,0,0
1773868960.7844687,0.4358974358974359,6,0.0,0.349497435897436,1.058974358974359,-0.9500512820512821,-1.058974358974359,-0.9500512820512821,-1.058974358974359,47.0,48.0,44.0,46.0,41.0,47.0,43.0,40.0,7.904,0,7.5456,0,0,0,0,0,0,8.356,0,7.4664
1773868960.7862108,0.4358974358974359,7,0.0,0.349497435897436,1.058974358974359,-0.9500512820512821,-1.058974358974359,-0.9500512820512821,-1.058974358974359,47.0,48.0,44.0,46.0,41.0,47.0,43.0,41.0,7.488,0,7.6792,0,0,0,0,0,0,7.4632,0,7.4776
1773868960.788013,0.4358974358974359,8,0.0,0.349497435897436,1.058974358974359,-0.9500512820512821,-1.058974358974359,-0.9500512820512821,-1.058974358974359,47.0,48.0,44.0,46.0,41.0,47.0,43.0,41.0,7.4656,0,7.4824,0,0,0,0,0,0,7.4784,0,7.6912
1773868960.9907463,0.4615384615384615,0,0.0,0.3813384615384615,1.0903846153846155,-0.9782307692307692,-1.0903846153846155,-0.9782307692307692,-1.0903846153846155,47.0,48.0,44.0,46.0,41.0,47.0,43.0,40.0,7.6056,0,8.0248,0,0,0,0,0,0,7.952,0,7.8664
1773868960.9923484,0.4615384615384615,1,0.0,0.3813384615384615,1.0903846153846155,-0.9782307692307692,-1.0903846153846155,-0.9782307692307692,-1.0903846153846155,47.0,48.0,44.0,46.0,41.0,47.0,43.0,0.0,0,0,0,7.6992,0,0,7.5584,0,7.716,0,0,0
1773868960.993998,0.4615384615384615,2,0.0,0.3813384615384615,1.0903846153846155,-0.9782307692307692,-1.0903846153846155,-0.9782307692307692,-1.0903846153846155,47.0,48.0,44.0,46.0,41.0,47.0,43.0,37.0,7.6664,0,7.0232,0,0,0,0,0,0,7.6384,0,7.4984
1773868960.9954617,0.4615384615384615,3,0.0,0.3813384615384615,1.0903846153846155,-0.9782307692307692,-1.0903846153846155,-0.9782307692307692,-1.0903846153846155,47.0,48.0,44.0,46.0,41.0,47.0,43.0,0.0,0,0,0,7.4576,0,0,7.2632,0,7.7424,0,0,0
1773868960.997352,0.4615384615384615,4,0.0,0.3813384615384615,1.0903846153846155,-0.9782307692307692,-1.0903846153846155,-0.9782307692307692,-1.0903846153846155,47.0,48.0,44.0,46.0,41.0,47.0,43.0,37.0,8.4776,0,7.368,0,0,0,0,0,0,7.4792,0,7.4664
1773868960.9995232,0.4615384615384615,5,0.0,0.3813384615384615,1.0903846153846155,-0.9782307692307692,-1.0903846153846155,-0.9782307692307692,-1.0903846153846155,47.0,48.0,44.0,46.0,41.0,47.0,43.0,0.0,0,0,0,7.4608,0,0,7.3472,0,7.732,0,0,0
1773868961.0018759,0.4615384615384615,6,0.0,0.3813384615384615,1.0903846153846155,-0.9782307692307692,-1.0903846153846155,-0.9782307692307692,-1.0903846153846155,47.0,48.0,44.0,46.0,41.0,47.0,43.0,40.0,7.904,0,7.5464,0,0,0,0,0,0,8.3552,0,7.4672
1773868961.004209,0.4615384615384615,7,0.0,0.3813384615384615,1.0903846153846155,-0.9782307692307692,-1.0903846153846155,-0.9782307692307692,-1.0903846153846155,47.0,48.0,44.0,46.0,41.0,47.0,43.0,41.0,7.4888,0,7.68,0,0,0,0,0,0,7.4616,0,7.4776
1773868961.006424,0.4615384615384615,8,0.0,0.3813384615384615,1.0903846153846155,-0.9782307692307692,-1.0903846153846155,-0.9782307692307692,-1.0903846153846155,47.0,48.0,44.0,46.0,41.0,47.0,43.0,41.0,7.4664,0,7.4824,0,0,0,0,0,0,7.4792,0,7.6912
1773868961.2099817,0.48717948717948717,0,0.0,0.41317948717948716,1.1217948717948718,-1.0064102564102564,-1.1217948717948718,-1.0064102564102564,-1.1217948717948718,47.0,48.0,44.0,46.0,41.0,47.0,43.0,40.0,7.6064,0,8.0272,0,0,0,0,0,0,7.9536,0,7.8672
1773868961.2119155,0.48717948717948717,1,0.0,0.41317948717948716,1.1217948717948718,-1.0064102564102564,-1.1217948717948718,-1.0064102564102564,-1.1217948717948718,47.0,48.0,44.0,46.0,41.0,47.0,43.0,0.0,0,0,0,7.6984,0,0,7.5584,0,7.716,0,0,0
1773868961.213217,0.48717948717948717,2,0.0,0.41317948717948716,1.1217948717948718,-1.0064102564102564,-1.1217948717948718,-1.0064102564102564,-1.1217948717948718,47.0,48.0,44.0,46.0,41.0,47.0,43.0,37.0,7.6672,0,7.0224,0,0,0,0,0,0,7.6376,0,7.4984
1773868961.214603,0.48717948717948717,3,0.0,0.41317948717948716,1.1217948717948718,-1.0064102564102564,-1.1217948717948718,-1.0064102564102564,-1.1217948717948718,47.0,48.0,44.0,46.0,41.0,47.0,43.0,0.0,0,0,0,7.4568,0,0,7.2616,0,7.7416,0,0,0
1773868961.2163148,0.48717948717948717,4,0.0,0.41317948717948716,1.1217948717948718,-1.0064102564102564,-1.1217948717948718,-1.0064102564102564,-1.1217948717948718,47.0,48.0,44.0,46.0,41.0,47.0,43.0,37.0,8.4776,0,7.368,0,0,0,0,0,0,7.4784,0,7.4656
1773868961.2186728,0.48717948717948717,5,0.0,0.41317948717948716,1.1217948717948718,-1.0064102564102564,-1.1217948717948718,-1.0064102564102564,-1.1217948717948718,47.0,48.0,44.0,46.0,41.0,47.0,43.0,0.0,0,0,0,7.4624,0,0,7.3472,0,7.732,0,0,0
1773868961.2202642,0.48717948717948717,6,0.0,0.41317948717948716,1.1217948717948718,-1.0064102564102564,-1.1217948717948718,-1.0064102564102564,-1.1217948717948718,47.0,48.0,44.0,46.0,41.0,47.0,43.0,40.0,7.904,0,7.5472,0,0,0,0,0,0,8.356,0,7.4664
1773868961.223963,0.48717948717948717,7,0.0,0.41317948717948716,1.1217948717948718,-1.0064102564102564,-1.1217948717948718,-1.0064102564102564,-1.1217948717948718,47.0,48.0,44.0,46.0,41.0,47.0,43.0,41.0,7.488,0,7.6792,0,0,0,0,0,0,7.4632,0,7.4776
1773868961.2261736,0.48717948717948717,8,0.0,0.41317948717948716,1.1217948717948718,-1.0064102564102564,-1.1217948717948718,-1.0064102564102564,-1.1217948717948718,47.0,48.0,44.0,46.0,41.0,47.0,43.0,41.0,7.4672,0,7.4824,0,0,0,0,0,0,7.4784,0,7.6904
1773868961.4301238,0.5128205128205128,0,0.0,0.4450205128205128,1.153205128205128,-1.0345897435897435,-1.153205128205128,-1.0345897435897435,-1.153205128205128,47.0,48.0,44.0,46.0,41.0,47.0,43.0,40.0,7.6048,0,8.0248,0,0,0,0,0,0,7.9528,0,7.8672
1773868961.4318573,0.5128205128205128,1,0.0,0.4450205128205128,1.153205128205128,-1.0345897435897435,-1.153205128205128,-1.0345897435897435,-1.153205128205128,47.0,48.0,44.0,46.0,41.0,47.0,43.0,0.0,0,0,0,7.6992,0,0,7.5584,0,7.7176,0,0,0
1773868961.4333103,0.5128205128205128,2,0.0,0.4450205128205128,1.153205128205128,-1.0345897435897435,-1.153205128205128,-1.0345897435897435,-1.153205128205128,47.0,48.0,44.0,46.0,41.0,47.0,43.0,37.0,7.6656,0,7.0216,0,0,0,0,0,0,7.6376,0,7.4976
1773868961.4348242,0.5128205128205128,3,0.0,0.4450205128205128,1.153205128205128,-1.0345897435897435,-1.153205128205128,-1.0345897435897435,-1.153205128205128,47.0,48.0,44.0,46.0,41.0,47.0,43.0,0.0,0,0,0,7.4584,0,0,7.2624,0,7.7424,0,0,0
1773868961.43695,0.5128205128205128,4,0.0,0.4450205128205128,1.153205128205128,-1.0345897435897435,-1.153205128205128,-1.0345897435897435,-1.153205128205128,47.0,48.0,44.0,46.0,41.0,47.0,43.0,37.0,8.4776,0,7.3672,0,0,0,0,0,0,7.4792,0,7.4672
1773868961.4391236,0.5128205128205128,5,0.0,0.4450205128205128,1.153205128205128,-1.0345897435897435,-1.153205128205128,-1.0345897435897435,-1.153205128205128,47.0,48.0,44.0,46.0,41.0,47.0,43.0,0.0,0,0,0,7.4624,0,0,7.3456,0,7.7296,0,0,0
1773868961.4411774,0.5128205128205128,6,0.0,0.4450205128205128,1.153205128205128,-1.0345897435897435,-1.153205128205128,-1.0345897435897435,-1.153205128205128,47.0,48.0,44.0,46.0,41.0,47.0,43.0,40.0,7.904,0,7.5464,0,0,0,0,0,0,8.3568,0,7.4672
1773868961.4430466,0.5128205128205128,7,0.0,0.4450205128205128,1.153205128205128,-1.0345897435897435,-1.153205128205128,-1.0345897435897435,-1.153205128205128,47.0,48.0,44.0,46.0,41.0,47.0,43.0,41.0,7.488,0,7.6792,0,0,0,0,0,0,7.464,0,7.4784
1773868961.4451632,0.5128205128205128,8,0.0,0.4450205128205128,1.153205128205128,-1.0345897435897435,-1.153205128205128,-1.0345897435897435,-1.153205128205128,47.0,48.0,44.0,46.0,41.0,47.0,43.0,41.0,7.4664,0,7.4816,0,0,0,0,0,0,7.4792,0,7.6904
1773868961.6487195,0.5384615384615384,0,0.0,0.47686153846153845,1.1846153846153846,-1.0627692307692307,-1.1846153846153846,-1.0627692307692307,-1.1846153846153846,47.0,48.0,44.0,46.0,41.0,47.0,43.0,40.0,7.6064,0,8.0248,0,0,0,0,0,0,7.9528,0,7.8672
1773868961.6508799,0.5384615384615384,1,0.0,0.47686153846153845,1.1846153846153846,-1.0627692307692307,-1.1846153846153846,-1.0627692307692307,-1.1846153846153846,47.0,48.0,44.0,46.0,41.0,47.0,43.0,0.0,0,0,0,7.6976,0,0,7.5584,0,7.716,0,0,0
1773868961.652788,0.5384615384615384,2,0.0,0.47686153846153845,1.1846153846153846,-1.0627692307692307,-1.1846153846153846,-1.0627692307692307,-1.1846153846153846,47.0,48.0,44.0,46.0,41.0,47.0,43.0,37.0,7.6672,0,7.0216,0,0,0,0,0,0,7.6368,0,7.4992
1773868961.6541831,0.5384615384615384,3,0.0,0.47686153846153845,1.1846153846153846,-1.0627692307692307,-1.1846153846153846,-1.0627692307692307,-1.1846153846153846,47.0,48.0,44.0,46.0,41.0,47.0,43.0,0.0,0,0,0,7.4568,0,0,7.2616,0,7.7424,0,0,0
1773868961.6558602,0.5384615384615384,4,0.0,0.47686153846153845,1.1846153846153846,-1.0627692307692307,-1.1846153846153846,-1.0627692307692307,-1.1846153846153846,47.0,48.0,44.0,46.0,41.0,47.0,43.0,37.0,8.4768,0,7.3672,0,0,0,0,0,0,7.4784,0,7.4664
1773868961.6572726,0.5384615384615384,5,0.0,0.47686153846153845,1.1846153846153846,-1.0627692307692307,-1.1846153846153846,-1.0627692307692307,-1.1846153846153846,47.0,48.0,44.0,46.0,41.0,47.0,43.0,0.0,0,0,0,7.4616,0,0,7.3456,0,7.7296,0,0,0
1773868961.6587143,0.5384615384615384,6,0.0,0.47686153846153845,1.1846153846153846,-1.0627692307692307,-1.1846153846153846,-1.0627692307692307,-1.1846153846153846,47.0,48.0,44.0,46.0,41.0,47.0,43.0,40.0,7.904,0,7.5448,0,0,0,0,0,0,8.356,0,7.4664
1773868961.660284,0.5384615384615384,7,0.0,0.47686153846153845,1.1846153846153846,-1.0627692307692307,-1.1846153846153846,-1.0627692307692307,-1.1846153846153846,47.0,48.0,44.0,46.0,41.0,47.0,43.0,41.0,7.4888,0,7.6792,0,0,0,0,0,0,7.464,0,7.476
1773868961.6623447,0.5384615384615384,8,0.0,0.47686153846153845,1.1846153846153846,-1.0627692307692307,-1.1846153846153846,-1.0627692307692307,-1.1846153846153846,47.0,48.0,44.0,46.0,41.0,47.0,43.0,41.0,7.4672,0,7.4832,0,0,0,0,0,0,7.4776,0,7.6912
1773868961.8656573,0.5641025641025641,0,0.0,0.5087025641025641,1.2160256410256411,-1.090948717948718,-1.2160256410256411,-1.090948717948718,-1.2160256410256411,47.0,48.0,44.0,47.0,41.0,47.0,43.0,40.0,7.6064,0,8.024,0,0,0,0,0,0,7.952,0,7.868
1773868961.866723,0.5641025641025641,1,0.0,0.5087025641025641,1.2160256410256411,-1.090948717948718,-1.2160256410256411,-1.090948717948718,-1.2160256410256411,47.0,48.0,44.0,47.0,41.0,47.0,43.0,0.0,0,0,0,7.6984,0,0,7.5576,0,7.7168,0,0,0
1773868961.867335,0.5641025641025641,2,0.0,0.5087025641025641,1.2160256410256411,-1.090948717948718,-1.2160256410256411,-1.090948717948718,-1.2160256410256411,47.0,48.0,44.0,47.0,41.0,47.0,43.0,37.0,7.6656,0,7.0208,0,0,0,0,0,0,7.6384,0,7.4992
1773868961.8682384,0.5641025641025641,3,0.0,0.5087025641025641,1.2160256410256411,-1.090948717948718,-1.2160256410256411,-1.090948717948718,-1.2160256410256411,47.0,48.0,44.0,47.0,41.0,47.0,43.0,0.0,0,0,0,7.4568,0,0,7.26,0,7.7408,0,0,0
1773868961.8689995,0.5641025641025641,4,0.0,0.5087025641025641,1.2160256410256411,-1.090948717948718,-1.2160256410256411,-1.090948717948718,-1.2160256410256411,47.0,48.0,44.0,47.0,41.0,47.0,43.0,37.0,8.4776,0,7.3672,0,0,0,0,0,0,7.4784,0,7.4672
1773868961.8697436,0.5641025641025641,5,0.0,0.5087025641025641,1.2160256410256411,-1.090948717948718,-1.2160256410256411,-1.090948717948718,-1.2160256410256411,47.0,48.0,44.0,47.0,41.0,47.0,43.0,0.0,0,0,0,7.4624,0,0,7.3432,0,7.7296,0,0,0
1773868961.8705165,0.5641025641025641,6,0.0,0.5087025641025641,1.2160256410256411,-1.090948717948718,-1.2160256410256411,-1.090948717948718,-1.2160256410256411,47.0,48.0,44.0,47.0,41.0,47.0,43.0,40.0,7.904,0,7.5456,0,0,0,0,0,0,8.356,0,7.4672
1773868961.871507,0.5641025641025641,7,0.0,0.5087025641025641,1.2160256410256411,-1.090948717948718,-1.2160256410256411,-1.090948717948718,-1.2160256410256411,47.0,48.0,44.0,47.0,41.0,47.0,43.0,41.0,7.488,0,7.6792,0,0,0,0,0,0,7.4632,0,7.4776
1773868961.8728676,0.5641025641025641,8,0.0,0.5087025641025641,1.2160256410256411,-1.090948717948718,-1.2160256410256411,-1.090948717948718,-1.2160256410256411,47.0,48.0,44.0,47.0,41.0,47.0,43.0,41.0,7.4664,0,7.4824,0,0,0,0,0,0,7.4792,0,7.6904
1773868962.0752409,0.5897435897435898,0,0.0,0.5405435897435898,1.2474358974358974,-1.1191282051282052,-1.2474358974358974,-1.1191282051282052,-1.2474358974358974,47.0,48.0,44.0,46.0,41.0,47.0,43.0,40.0,7.6064,0,8.0232,0,0,0,0,0,0,7.952,0,7.8672
1773868962.0769572,0.5897435897435898,1,0.0,0.5405435897435898,1.2474358974358974,-1.1191282051282052,-1.2474358974358974,-1.1191282051282052,-1.2474358974358974,47.0,48.0,44.0,46.0,41.0,47.0,43.0,0.0,0,0,0,7.6976,0,0,7.5584,0,7.7168,0,0,0
1773868962.078602,0.5897435897435898,2,0.0,0.5405435897435898,1.2474358974358974,-1.1191282051282052,-1.2474358974358974,-1.1191282051282052,-1.2474358974358974,47.0,48.0,44.0,46.0,41.0,47.0,43.0,37.0,7.6672,0,7.02,0,0,0,0,0,0,7.6384,0,7.4984
1773868962.0802317,0.5897435897435898,3,0.0,0.5405435897435898,1.2474358974358974,-1.1191282051282052,-1.2474358974358974,-1.1191282051282052,-1.2474358974358974,47.0,48.0,44.0,46.0,41.0,47.0,43.0,0.0,0,0,0,7.4568,0,0,7.2608,0,7.7416,0,0,0
1773868962.0822353,0.5897435897435898,4,0.0,0.5405435897435898,1.2474358974358974,-1.1191282051282052,-1.2474358974358974,-1.1191282051282052,-1.2474358974358974,47.0,48.0,44.0,46.0,41.0,47.0,43.0,37.0,8.4768,0,7.3672,0,0,0,0,0,0,7.4792,0,7.4664
1773868962.0844066,0.5897435897435898,5,0.0,0.5405435897435898,1.2474358974358974,-1.1191282051282052,-1.2474358974358974,-1.1191282051282052,-1.2474358974358974,47.0,48.0,44.0,46.0,41.0,47.0,43.0,0.0,0,0,0,7.4608,0,0,7.3432,0,7.728,0,0,0
1773868962.0863278,0.5897435897435898,6,0.0,0.5405435897435898,1.2474358974358974,-1.1191282051282052,-1.2474358974358974,-1.1191282051282052,-1.2474358974358974,47.0,48.0,44.0,46.0,41.0,47.0,43.0,40.0,7.9048,0,7.5464,0,0,0,0,0,0,8.356,0,7.4672
1773868962.0886068,0.5897435897435898,7,0.0,0.5405435897435898,1.2474358974358974,-1.1191282051282052,-1.2474358974358974,-1.1191282051282052,-1.2474358974358974,47.0,48.0,44.0,46.0,41.0,47.0,43.0,41.0,7.488,0,7.68,0,0,0,0,0,0,7.4632,0,7.4776
1773868962.090344,0.5897435897435898,8,0.0,0.5405435897435898,1.2474358974358974,-1.1191282051282052,-1.2474358974358974,-1.1191282051282052,-1.2474358974358974,47.0,48.0,44.0,46.0,41.0,47.0,43.0,41.0,7.4664,0,7.4816,0,0,0,0,0,0,7.4792,0,7.6912
1773868962.293667,0.6153846153846154,0,0.0,0.5723846153846155,1.278846153846154,-1.1473076923076926,-1.278846153846154,-1.1473076923076926,-1.278846153846154,47.0,48.0,44.0,46.0,41.0,47.0,43.0,40.0,7.6072,0,8.024,0,0,0,0,0,0,7.9528,0,7.8672
1773868962.2954266,0.6153846153846154,1,0.0,0.5723846153846155,1.278846153846154,-1.1473076923076926,-1.278846153846154,-1.1473076923076926,-1.278846153846154,47.0,48.0,44.0,46.0,41.0,47.0,43.0,0.0,0,0,0,7.6976,0,0,7.5576,0,7.7168,0,0,0
1773868962.2968674,0.6153846153846154,2,0.0,0.5723846153846155,1.278846153846154,-1.1473076923076926,-1.278846153846154,-1.1473076923076926,-1.278846153846154,47.0,48.0,44.0,46.0,41.0,47.0,43.0,37.0,7.6664,0,7.0192,0,0,0,0,0,0,7.6384,0,7.4976
1773868962.2983148,0.6153846153846154,3,0.0,0.5723846153846155,1.278846153846154,-1.1473076923076926,-1.278846153846154,-1.1473076923076926,-1.278846153846154,47.0,48.0,44.0,46.0,41.0,47.0,43.0,0.0,0,0,0,7.4576,0,0,7.2608,0,7.7408,0,0,0
1773868962.300215,0.6153846153846154,4,0.0,0.5723846153846155,1.278846153846154,-1.1473076923076926,-1.278846153846154,-1.1473076923076926,-1.278846153846154,47.0,48.0,44.0,46.0,41.0,47.0,43.0,37.0,8.476,0,7.3656,0,0,0,0,0,0,7.4784,0,7.468
1773868962.3037806,0.6153846153846154,5,0.0,0.5723846153846155,1.278846153846154,-1.1473076923076926,-1.278846153846154,-1.1473076923076926,-1.278846153846154,47.0,48.0,44.0,46.0,41.0,47.0,43.0,0.0,0,0,0,7.4624,0,0,7.3432,0,7.7288,0,0,0
1773868962.30612,0.6153846153846154,6,0.0,0.5723846153846155,1.278846153846154,-1.1473076923076926,-1.278846153846154,-1.1473076923076926,-1.278846153846154,47.0,48.0,44.0,46.0,41.0,47.0,43.0,40.0,7.9032,0,7.5464,0,0,0,0,0,0,8.3568,0,7.4664
1773868962.3082235,0.6153846153846154,7,0.0,0.5723846153846155,1.278846153846154,-1.1473076923076926,-1.278846153846154,-1.1473076923076926,-1.278846153846154,47.0,48.0,44.0,46.0,41.0,47.0,43.0,41.0,7.4888,0,7.68,0,0,0,0,0,0,7.4624,0,7.4776
1773868962.310538,0.6153846153846154,8,0.0,0.5723846153846155,1.278846153846154,-1.1473076923076926,-1.278846153846154,-1.1473076923076926,-1.278846153846154,47.0,48.0,44.0,46.0,41.0,47.0,43.0,41.0,7.4664,0,7.4824,0,0,0,0,0,0,7.4808,0,7.692
1773868962.5146456,0.641025641025641,0,0.0,0.604225641025641,1.3102564102564103,-1.1754871794871795,-1.3102564102564103,-1.1754871794871795,-1.3102564102564103,47.0,48.0,44.0,46.0,41.0,47.0,43.0,40.0,7.6064,0,8.0248,0,0,0,0,0,0,7.9528,0,7.8672
1773868962.5150506,0.641025641025641,1,0.0,0.604225641025641,1.3102564102564103,-1.1754871794871795,-1.3102564102564103,-1.1754871794871795,-1.3102564102564103,47.0,48.0,44.0,46.0,41.0,47.0,43.0,0.0,0,0,0,7.7,0,0,7.5584,0,7.7168,0,0,0
1773868962.515316,0.641025641025641,2,0.0,0.604225641025641,1.3102564102564103,-1.1754871794871795,-1.3102564102564103,-1.1754871794871795,-1.3102564102564103,47.0,48.0,44.0,46.0,41.0,47.0,43.0,37.0,7.6672,0,7.0192,0,0,0,0,0,0,7.6384,0,7.4976
1773868962.515592,0.641025641025641,3,0.0,0.604225641025641,1.3102564102564103,-1.1754871794871795,-1.3102564102564103,-1.1754871794871795,-1.3102564102564103,47.0,48.0,44.0,46.0,41.0,47.0,43.0,0.0,0,0,0,7.4568,0,0,7.2592,0,7.74,0,0,0
1773868962.5158684,0.641025641025641,4,0.0,0.604225641025641,1.3102564102564103,-1.1754871794871795,-1.3102564102564103,-1.1754871794871795,-1.3102564102564103,47.0,48.0,44.0,46.0,41.0,47.0,43.0,37.0,8.4752,0,7.3664,0,0,0,0,0,0,7.4784,0,7.4656
1773868962.5162628,0.641025641025641,5,0.0,0.604225641025641,1.3102564102564103,-1.1754871794871795,-1.3102564102564103,-1.1754871794871795,-1.3102564102564103,47.0,48.0,44.0,46.0,41.0,47.0,43.0,0.0,0,0,0,7.4616,0,0,7.3424,0,7.7272,0,0,0
1773868962.5166576,0.641025641025641,6,0.0,0.604225641025641,1.3102564102564103,-1.1754871794871795,-1.3102564102564103,-1.1754871794871795,-1.3102564102564103,47.0,48.0,44.0,46.0,41.0,47.0,43.0,40.0,7.9048,0,7.5456,0,0,0,0,0,0,8.356,0,7.4664
1773868962.5170462,0.641025641025641,7,0.0,0.604225641025641,1.3102564102564103,-1.1754871794871795,-1.3102564102564103,-1.1754871794871795,-1.3102564102564103,47.0,48.0,44.0,46.0,41.0,47.0,43.0,41.0,7.4888,0,7.6808,0,0,0,0,0,0,7.464,0,7.4776
1773868962.5174258,0.641025641025641,8,0.0,0.604225641025641,1.3102564102564103,-1.1754871794871795,-1.3102564102564103,-1.1754871794871795,-1.3102564102564103,47.0,48.0,44.0,46.0,41.0,47.0,43.0,41.0,7.4664,0,7.4824,0,0,0,0,0,0,7.4792,0,7.6912
1773868962.7195082,0.6666666666666666,0,0.0,0.6360666666666667,1.3416666666666668,-1.2036666666666669,-1.3416666666666668,-1.2036666666666669,-1.3416666666666668,47.0,48.0,44.0,46.0,41.0,47.0,43.0,40.0,7.6064,0,8.0256,0,0,0,0,0,0,7.9528,0,7.868
1773868962.7232547,0.6666666666666666,1,0.0,0.6360666666666667,1.3416666666666668,-1.2036666666666669,-1.3416666666666668,-1.2036666666666669,-1.3416666666666668,47.0,48.0,44.0,46.0,41.0,47.0,43.0,0.0,0,0,0,7.7,0,0,7.5584,0,7.7168,0,0,0
1773868962.7250483,0.6666666666666666,2,0.0,0.6360666666666667,1.3416666666666668,-1.2036666666666669,-1.3416666666666668,-1.2036666666666669,-1.3416666666666668,47.0,48.0,44.0,46.0,41.0,47.0,43.0,37.0,7.6664,0,7.0192,0,0,0,0,0,0,7.6376,0,7.4984
1773868962.7275648,0.6666666666666666,3,0.0,0.6360666666666667,1.3416666666666668,-1.2036666666666669,-1.3416666666666668,-1.2036666666666669,-1.3416666666666668,47.0,48.0,44.0,46.0,41.0,47.0,43.0,0.0,0,0,0,7.4576,0,0,7.2608,0,7.7384,0,0,0
1773868962.7300277,0.6666666666666666,4,0.0,0.6360666666666667,1.3416666666666668,-1.2036666666666669,-1.3416666666666668,-1.2036666666666669,-1.3416666666666668,47.0,48.0,44.0,46.0,41.0,47.0,43.0,37.0,8.4752,0,7.3656,0,0,0,0,0,0,7.4792,0,7.4656
1773868962.7323363,0.6666666666666666,5,0.0,0.6360666666666667,1.3416666666666668,-1.2036666666666669,-1.3416666666666668,-1.2036666666666669,-1.3416666666666668,47.0,48.0,44.0,46.0,41.0,47.0,43.0,0.0,0,0,0,7.4616,0,0,7.3424,0,7.7272,0,0,0
1773868962.7347653,0.6666666666666666,6,0.0,0.6360666666666667,1.3416666666666668,-1.2036666666666669,-1.3416666666666668,-1.2036666666666669,-1.3416666666666668,47.0,48.0,44.0,46.0,41.0,47.0,43.0,40.0,7.9048,0,7.5456,0,0,0,0,0,0,8.3568,0,7.4672
1773868962.73741,0.6666666666666666,7,0.0,0.6360666666666667,1.3416666666666668,-1.2036666666666669,-1.3416666666666668,-1.2036666666666669,-1.3416666666666668,47.0,48.0,44.0,46.0,41.0,47.0,43.0,41.0,7.488,0,7.68,0,0,0,0,0,0,7.464,0,7.4776
1773868962.7403731,0.6666666666666666,8,0.0,0.6360666666666667,1.3416666666666668,-1.2036666666666669,-1.3416666666666668,-1.2036666666666669,-1.3416666666666668,47.0,48.0,44.0,46.0,41.0,47.0,43.0,41.0,7.4656,0,7.4816,0,0,0,0,0,0,7.4792,0,7.6904
1773868962.9448516,0.6923076923076923,0,0.0,0.6679076923076923,1.373076923076923,-1.231846153846154,-1.373076923076923,-1.231846153846154,-1.373076923076923,47.0,48.0,44.0,46.0,41.0,47.0,43.0,40.0,7.6072,0,8.024,0,0,0,0,0,0,7.9536,0,7.8664
1773868962.946634,0.6923076923076923,1,0.0,0.6679076923076923,1.373076923076923,-1.231846153846154,-1.373076923076923,-1.231846153846154,-1.373076923076923,47.0,48.0,44.0,46.0,41.0,47.0,43.0,0.0,0,0,0,7.6992,0,0,7.5592,0,7.7168,0,0,0
1773868962.947943,0.6923076923076923,2,0.0,0.6679076923076923,1.373076923076923,-1.231846153846154,-1.373076923076923,-1.231846153846154,-1.373076923076923,47.0,48.0,44.0,46.0,41.0,47.0,43.0,37.0,7.6656,0,7.0192,0,0,0,0,0,0,7.6376,0,7.4976
1773868962.9490352,0.6923076923076923,3,0.0,0.6679076923076923,1.373076923076923,-1.231846153846154,-1.373076923076923,-1.231846153846154,-1.373076923076923,47.0,48.0,44.0,46.0,41.0,47.0,43.0,0.0,0,0,0,7.4568,0,0,7.2584,0,7.74,0,0,0
1773868962.9501462,0.6923076923076923,4,0.0,0.6679076923076923,1.373076923076923,-1.231846153846154,-1.373076923076923,-1.231846153846154,-1.373076923076923,47.0,48.0,44.0,46.0,41.0,47.0,43.0,37.0,8.4736,0,7.3664,0,0,0,0,0,0,7.4784,0,7.4672
1773868962.951497,0.6923076923076923,5,0.0,0.6679076923076923,1.373076923076923,-1.231846153846154,-1.373076923076923,-1.231846153846154,-1.373076923076923,47.0,48.0,44.0,46.0,41.0,47.0,43.0,0.0,0,0,0,7.4608,0,0,7.3408,0,7.7272,0,0,0
1773868962.9535422,0.6923076923076923,6,0.0,0.6679076923076923,1.373076923076923,-1.231846153846154,-1.373076923076923,-1.231846153846154,-1.373076923076923,47.0,48.0,44.0,46.0,41.0,47.0,43.0,40.0,7.904,0,7.5472,0,0,0,0,0,0,8.356,0,7.4664
1773868962.9558892,0.6923076923076923,7,0.0,0.6679076923076923,1.373076923076923,-1.231846153846154,-1.373076923076923,-1.231846153846154,-1.373076923076923,47.0,48.0,44.0,46.0,41.0,47.0,43.0,41.0,7.4888,0,7.6792,0,0,0,0,0,0,7.4624,0,7.4784
1773868962.9579258,0.6923076923076923,8,0.0,0.6679076923076923,1.373076923076923,-1.231846153846154,-1.373076923076923,-1.231846153846154,-1.373076923076923,47.0,48.0,44.0,46.0,41.0,47.0,43.0,41.0,7.4656,0,7.4816,0,0,0,0,0,0,7.4784,0,7.692
1773868963.1614323,0.717948717948718,0,0.0,0.699748717948718,1.4044871794871796,-1.2600256410256412,-1.4044871794871796,-1.2600256410256412,-1.4044871794871796,47.0,48.0,44.0,46.0,41.0,47.0,43.0,40.0,7.6064,0,8.024,0,0,0,0,0,0,7.952,0,7.8672
1773868963.1631842,0.717948717948718,1,0.0,0.699748717948718,1.4044871794871796,-1.2600256410256412,-1.4044871794871796,-1.2600256410256412,-1.4044871794871796,47.0,48.0,44.0,46.0,41.0,47.0,43.0,0.0,0,0,0,7.7,0,0,7.5592,0,7.7176,0,0,0
1773868963.1647255,0.717948717948718,2,0.0,0.699748717948718,1.4044871794871796,-1.2600256410256412,-1.4044871794871796,-1.2600256410256412,-1.4044871794871796,47.0,48.0,44.0,46.0,41.0,47.0,43.0,37.0,7.6672,0,7.0208,0,0,0,0,0,0,7.6384,0,7.4992
1773868963.1658592,0.717948717948718,3,0.0,0.699748717948718,1.4044871794871796,-1.2600256410256412,-1.4044871794871796,-1.2600256410256412,-1.4044871794871796,47.0,48.0,44.0,46.0,41.0,47.0,43.0,0.0,0,0,0,7.4576,0,0,7.26,0,7.7384,0,0,0
1773868963.166899,0.717948717948718,4,0.0,0.699748717948718,1.4044871794871796,-1.2600256410256412,-1.4044871794871796,-1.2600256410256412,-1.4044871794871796,47.0,48.0,44.0,46.0,41.0,47.0,43.0,37.0,8.4736,0,7.3656,0,0,0,0,0,0,7.4784,0,7.4664
1773868963.1687827,0.717948717948718,5,0.0,0.699748717948718,1.4044871794871796,-1.2600256410256412,-1.4044871794871796,-1.2600256410256412,-1.4044871794871796,47.0,48.0,44.0,46.0,41.0,47.0,43.0,0.0,0,0,0,7.4632,0,0,7.34,0,7.7264,0,0,0
1773868963.1705637,0.717948717948718,6,0.0,0.699748717948718,1.4044871794871796,-1.2600256410256412,-1.4044871794871796,-1.2600256410256412,-1.4044871794871796,47.0,48.0,44.0,46.0,41.0,47.0,43.0,40.0,7.904,0,7.5456,0,0,0,0,0,0,8.356,0,7.4672
1773868963.1718128,0.717948717948718,7,0.0,0.699748717948718,1.4044871794871796,-1.2600256410256412,-1.4044871794871796,-1.2600256410256412,-1.4044871794871796,47.0,48.0,44.0,46.0,41.0,47.0,43.0,41.0,7.4888,0,7.6792,0,0,0,0,0,0,7.464,0,7.4784
1773868963.173065,0.717948717948718,8,0.0,0.699748717948718,1.4044871794871796,-1.2600256410256412,-1.4044871794871796,-1.2600256410256412,-1.4044871794871796,47.0,48.0,44.0,46.0,41.0,47.0,43.0,41.0,7.4664,0,7.4824,0,0,0,0,0,0,7.48,0,7.6912
1773868963.3758485,0.7435897435897436,0,0.0,0.7315897435897437,1.4358974358974361,-1.2882051282051283,-1.4358974358974361,-1.2882051282051283,-1.4358974358974361,47.0,48.0,44.0,46.0,41.0,47.0,43.0,40.0,7.6064,0,8.024,0,0,0,0,0,0,7.9528,0,7.8672
1773868963.3773353,0.7435897435897436,1,0.0,0.7315897435897437,1.4358974358974361,-1.2882051282051283,-1.4358974358974361,-1.2882051282051283,-1.4358974358974361,47.0,48.0,44.0,46.0,41.0,47.0,43.0,0.0,0,0,0,7.7,0,0,7.5592,0,7.7176,0,0,0
1773868963.3786278,0.7435897435897436,2,0.0,0.7315897435897437,1.4358974358974361,-1.2882051282051283,-1.4358974358974361,-1.2882051282051283,-1.4358974358974361,47.0,48.0,44.0,46.0,41.0,47.0,43.0,37.0,7.6664,0,7.0184,0,0,0,0,0,0,7.6384,0,7.4984
1773868963.3812454,0.7435897435897436,3,0.0,0.7315897435897437,1.4358974358974361,-1.2882051282051283,-1.4358974358974361,-1.2882051282051283,-1.4358974358974361,47.0,48.0,44.0,46.0,41.0,47.0,43.0,0.0,0,0,0,7.4576,0,0,7.2584,0,7.7384,0,0,0
1773868963.3828392,0.7435897435897436,4,0.0,0.7315897435897437,1.4358974358974361,-1.2882051282051283,-1.4358974358974361,-1.2882051282051283,-1.4358974358974361,47.0,48.0,44.0,46.0,41.0,47.0,43.0,37.0,8.4744,0,7.3656,0,0,0,0,0,0,7.4784,0,7.4664
1773868963.3847234,0.7435897435897436,5,0.0,0.7315897435897437,1.4358974358974361,-1.2882051282051283,-1.4358974358974361,-1.2882051282051283,-1.4358974358974361,47.0,48.0,44.0,46.0,41.0,47.0,43.0,0.0,0,0,0,7.4624,0,0,7.34,0,7.7272,0,0,0
1773868963.386852,0.7435897435897436,6,0.0,0.7315897435897437,1.4358974358974361,-1.2882051282051283,-1.4358974358974361,-1.2882051282051283,-1.4358974358974361,47.0,48.0,44.0,46.0,41.0,47.0,43.0,40.0,7.9048,0,7.5472,0,0,0,0,0,0,8.3568,0,7.4672
1773868963.388732,0.7435897435897436,7,0.0,0.7315897435897437,1.4358974358974361,-1.2882051282051283,-1.4358974358974361,-1.2882051282051283,-1.4358974358974361,47.0,48.0,44.0,46.0,41.0,47.0,43.0,41.0,7.488,0,7.68,0,0,0,0,0,0,7.4624,0,7.4784
1773868963.3906999,0.7435897435897436,8,0.0,0.7315897435897437,1.4358974358974361,-1.2882051282051283,-1.4358974358974361,-1.2882051282051283,-1.4358974358974361,47.0,48.0,44.0,46.0,41.0,47.0,43.0,41.0,7.4672,0,7.4824,0,0,0,0,0,0,7.4784,0,7.6928
1773868963.5942454,0.7692307692307692,0,0.0,0.7634307692307691,1.4673076923076924,-1.3163846153846155,-1.4673076923076924,-1.3163846153846155,-1.4673076923076924,47.0,48.0,44.0,46.0,41.0,47.0,43.0,40.0,7.6072,0,8.024,0,0,0,0,0,0,7.9528,0,7.868
1773868963.596013,0.7692307692307692,1,0.0,0.7634307692307691,1.4673076923076924,-1.3163846153846155,-1.4673076923076924,-1.3163846153846155,-1.4673076923076924,47.0,48.0,44.0,46.0,41.0,47.0,43.0,0.0,0,0,0,7.7016,0,0,7.5592,0,7.7184,0,0,0
1773868963.5976405,0.7692307692307692,2,0.0,0.7634307692307691,1.4673076923076924,-1.3163846153846155,-1.4673076923076924,-1.3163846153846155,-1.4673076923076924,47.0,48.0,44.0,46.0,41.0,47.0,43.0,37.0,7.6672,0,7.0192,0,0,0,0,0,0,7.6384,0,7.4992
1773868963.5996594,0.7692307692307692,3,0.0,0.7634307692307691,1.4673076923076924,-1.3163846153846155,-1.4673076923076924,-1.3163846153846155,-1.4673076923076924,47.0,48.0,44.0,46.0,41.0,47.0,43.0,0.0,0,0,0,7.4568,0,0,7.2584,0,7.7392,0,0,0
1773868963.6020226,0.7692307692307692,4,0.0,0.7634307692307691,1.4673076923076924,-1.3163846153846155,-1.4673076923076924,-1.3163846153846155,-1.4673076923076924,47.0,48.0,44.0,46.0,41.0,47.0,43.0,37.0,8.4736,0,7.3648,0,0,0,0,0,0,7.4792,0,7.4672
1773868963.6046498,0.7692307692307692,5,0.0,0.7634307692307691,1.4673076923076924,-1.3163846153846155,-1.4673076923076924,-1.3163846153846155,-1.4673076923076924,47.0,48.0,44.0,46.0,41.0,47.0,43.0,0.0,0,0,0,7.4616,0,0,7.34,0,7.7256,0,0,0
1773868963.6065838,0.7692307692307692,6,0.0,0.7634307692307691,1.4673076923076924,-1.3163846153846155,-1.4673076923076924,-1.3163846153846155,-1.4673076923076924,47.0,48.0,44.0,46.0,41.0,47.0,43.0,40.0,7.904,0,7.5464,0,0,0,0,0,0,8.3568,0,7.4672
1773868963.6092021,0.7692307692307692,7,0.0,0.7634307692307691,1.4673076923076924,-1.3163846153846155,-1.4673076923076924,-1.3163846153846155,-1.4673076923076924,47.0,48.0,44.0,46.0,41.0,47.0,43.0,41.0,7.4888,0,7.68,0,0,0,0,0,0,7.464,0,7.4776
1773868963.612293,0.7692307692307692,8,0.0,0.7634307692307691,1.4673076923076924,-1.3163846153846155,-1.4673076923076924,-1.3163846153846155,-1.4673076923076924,47.0,48.0,44.0,46.0,41.0,47.0,43.0,41.0,7.4672,0,7.4832,0,0,0,0,0,0,7.48,0,7.6912
1773868963.8163981,0.7948717948717948,0,0.0,0.7952717948717949,1.4987179487179487,-1.3445641025641026,-1.4987179487179487,-1.3445641025641026,-1.4987179487179487,47.0,48.0,44.0,47.0,41.0,47.0,43.0,40.0,7.6064,0,8.0232,0,0,0,0,0,0,7.952,0,7.868
1773868963.8180547,0.7948717948717948,1,0.0,0.7952717948717949,1.4987179487179487,-1.3445641025641026,-1.4987179487179487,-1.3445641025641026,-1.4987179487179487,47.0,48.0,44.0,47.0,41.0,47.0,43.0,0.0,0,0,0,7.7,0,0,7.5592,0,7.7184,0,0,0
1773868963.8194795,0.7948717948717948,2,0.0,0.7952717948717949,1.4987179487179487,-1.3445641025641026,-1.4987179487179487,-1.3445641025641026,-1.4987179487179487,47.0,48.0,44.0,47.0,41.0,47.0,43.0,37.0,7.6672,0,7.02,0,0,0,0,0,0,7.6392,0,7.4984
1773868963.8208818,0.7948717948717948,3,0.0,0.7952717948717949,1.4987179487179487,-1.3445641025641026,-1.4987179487179487,-1.3445641025641026,-1.4987179487179487,47.0,48.0,44.0,47.0,41.0,47.0,43.0,0.0,0,0,0,7.456,0,0,7.2584,0,7.7384,0,0,0
1773868963.8222694,0.7948717948717948,4,0.0,0.7952717948717949,1.4987179487179487,-1.3445641025641026,-1.4987179487179487,-1.3445641025641026,-1.4987179487179487,47.0,48.0,44.0,47.0,41.0,47.0,43.0,37.0,8.4728,0,7.3664,0,0,0,0,0,0,7.4784,0,7.4664
1773868963.8238297,0.7948717948717948,5,0.0,0.7952717948717949,1.4987179487179487,-1.3445641025641026,-1.4987179487179487,-1.3445641025641026,-1.4987179487179487,47.0,48.0,44.0,47.0,41.0,47.0,43.0,0.0,0,0,0,7.4616,0,0,7.34,0,7.7248,0,0,0
1773868963.825571,0.7948717948717948,6,0.0,0.7952717948717949,1.4987179487179487,-1.3445641025641026,-1.4987179487179487,-1.3445641025641026,-1.4987179487179487,47.0,48.0,44.0,47.0,41.0,47.0,43.0,40.0,7.9048,0,7.5456,0,0,0,0,0,0,8.3568,0,7.468
1773868963.827603,0.7948717948717948,7,0.0,0.7952717948717949,1.4987179487179487,-1.3445641025641026,-1.4987179487179487,-1.3445641025641026,-1.4987179487179487,47.0,48.0,44.0,47.0,41.0,47.0,43.0,41.0,7.4896,0,7.6808,0,0,0,0,0,0,7.4632,0,7.4776
1773868963.8297284,0.7948717948717948,8,0.0,0.7952717948717949,1.4987179487179487,-1.3445641025641026,-1.4987179487179487,-1.3445641025641026,-1.4987179487179487,47.0,48.0,44.0,47.0,41.0,47.0,43.0,41.0,7.4664,0,7.4832,0,0,0,0,0,0,7.4808,0,7.692
1773868964.0326388,0.8205128205128205,0,0.0,0.8271128205128204,1.530128205128205,-1.3727435897435898,-1.530128205128205,-1.3727435897435898,-1.530128205128205,47.0,48.0,44.0,47.0,41.0,47.0,43.0,40.0,7.6064,0,8.0232,0,0,0,0,0,0,7.952,0,7.868
1773868964.0331745,0.8205128205128205,1,0.0,0.8271128205128204,1.530128205128205,-1.3727435897435898,-1.530128205128205,-1.3727435897435898,-1.530128205128205,47.0,48.0,44.0,47.0,41.0,47.0,43.0,0.0,0,0,0,7.7,0,0,7.5592,0,7.7184,0,0,0
1773868964.033797,0.8205128205128205,2,0.0,0.8271128205128204,1.530128205128205,-1.3727435897435898,-1.530128205128205,-1.3727435897435898,-1.530128205128205,47.0,48.0,44.0,47.0,41.0,47.0,43.0,37.0,7.6672,0,7.02,0,0,0,0,0,0,7.6392,0,7.4984
1773868964.0343575,0.8205128205128205,3,0.0,0.8271128205128204,1.530128205128205,-1.3727435897435898,-1.530128205128205,-1.3727435897435898,-1.530128205128205,47.0,48.0,44.0,47.0,41.0,47.0,43.0,0.0,0,0,0,7.456,0,0,7.2584,0,7.7384,0,0,0
1773868964.0349343,0.8205128205128205,4,0.0,0.8271128205128204,1.530128205128205,-1.3727435897435898,-1.530128205128205,-1.3727435897435898,-1.530128205128205,47.0,48.0,44.0,47.0,41.0,47.0,43.0,37.0,8.4728,0,7.3664,0,0,0,0,0,0,7.4784,0,7.4664
1773868964.0354872,0.8205128205128205,5,0.0,0.8271128205128204,1.530128205128205,-1.3727435897435898,-1.530128205128205,-1.3727435897435898,-1.530128205128205,47.0,48.0,44.0,47.0,41.0,47.0,43.0,0.0,0,0,0,7.4616,0,0,7.34,0,7.7248,0,0,0
1773868964.0360582,0.8205128205128205,6,0.0,0.8271128205128204,1.530128205128205,-1.3727435897435898,-1.530128205128205,-1.3727435897435898,-1.530128205128205,47.0,48.0,44.0,47.0,41.0,47.0,43.0,40.0,7.9048,0,7.5456,0,0,0,0,0,0,8.3568,0,7.468
1773868964.0366082,0.8205128205128205,7,0.0,0.8271128205128204,1.530128205128205,-1.3727435897435898,-1.530128205128205,-1.3727435897435898,-1.530128205128205,47.0,48.0,44.0,47.0,41.0,47.0,43.0,41.0,7.4896,0,7.6808,0,0,0,0,0,0,7.4632,0,7.4776
1773868964.037192,0.8205128205128205,8,0.0,0.8271128205128204,1.530128205128205,-1.3727435897435898,-1.530128205128205,-1.3727435897435898,-1.530128205128205,47.0,48.0,44.0,47.0,41.0,47.0,43.0,41.0,7.4664,0,7.4832,0,0,0,0,0,0,7.4808,0,7.692
1773868964.2389066,0.8461538461538461,0,0.0,0.8589538461538462,1.5615384615384618,-1.400923076923077,-1.5615384615384618,-1.400923076923077,-1.5615384615384618,47.0,48.0,44.0,46.0,41.0,47.0,43.0,40.0,7.6064,0,8.024,0,0,0,0,0,0,7.9528,0,7.8664
1773868964.2406666,0.8461538461538461,1,0.0,0.8589538461538462,1.5615384615384618,-1.400923076923077,-1.5615384615384618,-1.400923076923077,-1.5615384615384618,47.0,48.0,44.0,46.0,41.0,47.0,43.0,0.0,0,0,0,7.7008,0,0,7.56,0,7.7192,0,0,0
1773868964.2421658,0.8461538461538461,2,0.0,0.8589538461538462,1.5615384615384618,-1.400923076923077,-1.5615384615384618,-1.400923076923077,-1.5615384615384618,47.0,48.0,44.0,46.0,41.0,47.0,43.0,37.0,7.6672,0,7.02,0,0,0,0,0,0,7.6384,0,7.4976
1773868964.2439895,0.8461538461538461,3,0.0,0.8589538461538462,1.5615384615384618,-1.400923076923077,-1.5615384615384618,-1.400923076923077,-1.5615384615384618,47.0,48.0,44.0,46.0,41.0,47.0,43.0,0.0,0,0,0,7.4576,0,0,7.2584,0,7.7384,0,0,0
1773868964.246131,0.8461538461538461,4,0.0,0.8589538461538462,1.5615384615384618,-1.400923076923077,-1.5615384615384618,-1.400923076923077,-1.5615384615384618,47.0,48.0,44.0,46.0,41.0,47.0,43.0,37.0,8.4728,0,7.3656,0,0,0,0,0,0,7.4792,0,7.4672
1773868964.2481804,0.8461538461538461,5,0.0,0.8589538461538462,1.5615384615384618,-1.400923076923077,-1.5615384615384618,-1.400923076923077,-1.5615384615384618,47.0,48.0,44.0,46.0,41.0,47.0,43.0,0.0,0,0,0,7.4624,0,0,7.3392,0,7.7248,0,0,0
1773868964.2503183,0.8461538461538461,6,0.0,0.8589538461538462,1.5615384615384618,-1.400923076923077,-1.5615384615384618,-1.400923076923077,-1.5615384615384618,47.0,48.0,44.0,46.0,41.0,47.0,43.0,40.0,7.904,0,7.5456,0,0,0,0,0,0,8.356,0,7.4672
1773868964.2524521,0.8461538461538461,7,0.0,0.8589538461538462,1.5615384615384618,-1.400923076923077,-1.5615384615384618,-1.400923076923077,-1.5615384615384618,47.0,48.0,44.0,46.0,41.0,47.0,43.0,41.0,7.4896,0,7.6792,0,0,0,0,0,0,7.464,0,7.4776
1773868964.2544441,0.8461538461538461,8,0.0,0.8589538461538462,1.5615384615384618,-1.400923076923077,-1.5615384615384618,-1.400923076923077,-1.5615384615384618,47.0,48.0,44.0,46.0,41.0,47.0,43.0,41.0,7.4656,0,7.484,0,0,0,0,0,0,7.48,0,7.6912
1773868964.4575484,0.8717948717948718,0,0.0,0.8907948717948719,1.592948717948718,-1.4291025641025643,-1.592948717948718,-1.4291025641025643,-1.592948717948718,47.0,48.0,44.0,46.0,41.0,47.0,43.0,40.0,7.6064,0,8.0224,0,0,0,0,0,0,7.9528,0,7.868
1773868964.4590113,0.8717948717948718,1,0.0,0.8907948717948719,1.592948717948718,-1.4291025641025643,-1.592948717948718,-1.4291025641025643,-1.592948717948718,47.0,48.0,44.0,46.0,41.0,47.0,43.0,0.0,0,0,0,7.7008,0,0,7.56,0,7.72,0,0,0
1773868964.460574,0.8717948717948718,2,0.0,0.8907948717948719,1.592948717948718,-1.4291025641025643,-1.592948717948718,-1.4291025641025643,-1.592948717948718,47.0,48.0,44.0,46.0,41.0,47.0,43.0,37.0,7.6664,0,7.0192,0,0,0,0,0,0,7.6384,0,7.4992
1773868964.4620938,0.8717948717948718,3,0.0,0.8907948717948719,1.592948717948718,-1.4291025641025643,-1.592948717948718,-1.4291025641025643,-1.592948717948718,47.0,48.0,44.0,46.0,41.0,47.0,43.0,0.0,0,0,0,7.4576,0,0,7.2584,0,7.7376,0,0,0
1773868964.4633608,0.8717948717948718,4,0.0,0.8907948717948719,1.592948717948718,-1.4291025641025643,-1.592948717948718,-1.4291025641025643,-1.592948717948718,47.0,48.0,44.0,46.0,41.0,47.0,43.0,37.0,8.4728,0,7.3648,0,0,0,0,0,0,7.4784,0,7.468
1773868964.4649825,0.8717948717948718,5,0.0,0.8907948717948719,1.592948717948718,-1.4291025641025643,-1.592948717948718,-1.4291025641025643,-1.592948717948718,47.0,48.0,44.0,46.0,41.0,47.0,43.0,0.0,0,0,0,7.4616,0,0,7.3392,0,7.7248,0,0,0
1773868964.4669962,0.8717948717948718,6,0.0,0.8907948717948719,1.592948717948718,-1.4291025641025643,-1.592948717948718,-1.4291025641025643,-1.592948717948718,47.0,48.0,44.0,46.0,41.0,47.0,43.0,40.0,7.9048,0,7.5464,0,0,0,0,0,0,8.3568,0,7.4664
1773868964.4687002,0.8717948717948718,7,0.0,0.8907948717948719,1.592948717948718,-1.4291025641025643,-1.592948717948718,-1.4291025641025643,-1.592948717948718,47.0,48.0,44.0,46.0,41.0,47.0,43.0,41.0,7.4888,0,7.68,0,0,0,0,0,0,7.4632,0,7.4776
1773868964.4702058,0.8717948717948718,8,0.0,0.8907948717948719,1.592948717948718,-1.4291025641025643,-1.592948717948718,-1.4291025641025643,-1.592948717948718,47.0,48.0,44.0,46.0,41.0,47.0,43.0,41.0,7.4664,0,7.4832,0,0,0,0,0,0,7.4792,0,7.6912
1773868964.6732457,0.8974358974358974,0,0.0,0.9226358974358975,1.6243589743589744,-1.4572820512820512,-1.6243589743589744,-1.4572820512820512,-1.6243589743589744,47.0,48.0,44.0,47.0,41.0,47.0,43.0,40.0,7.608,0,8.0224,0,0,0,0,0,0,7.9536,0,7.8672
1773868964.674832,0.8974358974358974,1,0.0,0.9226358974358975,1.6243589743589744,-1.4572820512820512,-1.6243589743589744,-1.4572820512820512,-1.6243589743589744,47.0,48.0,44.0,47.0,41.0,47.0,43.0,0.0,0,0,0,7.7008,0,0,7.5608,0,7.7208,0,0,0
1773868964.6760886,0.8974358974358974,2,0.0,0.9226358974358975,1.6243589743589744,-1.4572820512820512,-1.6243589743589744,-1.4572820512820512,-1.6243589743589744,47.0,48.0,44.0,47.0,41.0,47.0,43.0,37.0,7.6672,0,7.0192,0,0,0,0,0,0,7.6384,0,7.4968
1773868964.6772585,0.8974358974358974,3,0.0,0.9226358974358975,1.6243589743589744,-1.4572820512820512,-1.6243589743589744,-1.4572820512820512,-1.6243589743589744,47.0,48.0,44.0,47.0,41.0,47.0,43.0,0.0,0,0,0,7.4568,0,0,7.2584,0,7.7384,0,0,0
1773868964.6785042,0.8974358974358974,4,0.0,0.9226358974358975,1.6243589743589744,-1.4572820512820512,-1.6243589743589744,-1.4572820512820512,-1.6243589743589744,47.0,48.0,44.0,47.0,41.0,47.0,43.0,37.0,8.472,0,7.364,0,0,0,0,0,0,7.48,0,7.4664
1773868964.6798077,0.8974358974358974,5,0.0,0.9226358974358975,1.6243589743589744,-1.4572820512820512,-1.6243589743589744,-1.4572820512820512,-1.6243589743589744,47.0,48.0,44.0,47.0,41.0,47.0,43.0,0.0,0,0,0,7.4624,0,0,7.3376,0,7.724,0,0,0
1773868964.681698,0.8974358974358974,6,0.0,0.9226358974358975,1.6243589743589744,-1.4572820512820512,-1.6243589743589744,-1.4572820512820512,-1.6243589743589744,47.0,48.0,44.0,47.0,41.0,47.0,43.0,40.0,7.9056,0,7.5464,0,0,0,0,0,0,8.3576,0,7.468
1773868964.6835117,0.8974358974358974,7,0.0,0.9226358974358975,1.6243589743589744,-1.4572820512820512,-1.6243589743589744,-1.4572820512820512,-1.6243589743589744,47.0,48.0,44.0,47.0,41.0,47.0,43.0,41.0,7.4888,0,7.68,0,0,0,0,0,0,7.464,0,7.4776
1773868964.6852388,0.8974358974358974,8,0.0,0.9226358974358975,1.6243589743589744,-1.4572820512820512,-1.6243589743589744,-1.4572820512820512,-1.6243589743589744,47.0,48.0,44.0,47.0,41.0,47.0,43.0,41.0,7.4672,0,7.4832,0,0,0,0,0,0,7.4792,0,7.6912
1773868964.8886912,0.923076923076923,0,0.0,0.954476923076923,1.6557692307692307,-1.4854615384615384,-1.6557692307692307,-1.4854615384615384,-1.6557692307692307,47.0,48.0,44.0,47.0,41.0,47.0,43.0,40.0,7.6072,0,8.0224,0,0,0,0,0,0,7.9528,0,7.8688
1773868964.8903642,0.923076923076923,1,0.0,0.954476923076923,1.6557692307692307,-1.4854615384615384,-1.6557692307692307,-1.4854615384615384,-1.6557692307692307,47.0,48.0,44.0,47.0,41.0,47.0,43.0,0.0,0,0,0,7.7016,0,0,7.56,0,7.7208,0,0,0
1773868964.8916028,0.923076923076923,2,0.0,0.954476923076923,1.6557692307692307,-1.4854615384615384,-1.6557692307692307,-1.4854615384615384,-1.6557692307692307,47.0,48.0,44.0,47.0,41.0,47.0,43.0,37.0,7.6672,0,7.02,0,0,0,0,0,0,7.6392,0,7.4984
1773868964.8929398,0.923076923076923,3,0.0,0.954476923076923,1.6557692307692307,-1.4854615384615384,-1.6557692307692307,-1.4854615384615384,-1.6557692307692307,47.0,48.0,44.0,47.0,41.0,47.0,43.0,0.0,0,0,0,7.4576,0,0,7.2584,0,7.7376,0,0,0
1773868964.8950524,0.923076923076923,4,0.0,0.954476923076923,1.6557692307692307,-1.4854615384615384,-1.6557692307692307,-1.4854615384615384,-1.6557692307692307,47.0,48.0,44.0,47.0,41.0,47.0,43.0,37.0,8.472,0,7.364,0,0,0,0,0,0,7.4784,0,7.4664
1773868964.897224,0.923076923076923,5,0.0,0.954476923076923,1.6557692307692307,-1.4854615384615384,-1.6557692307692307,-1.4854615384615384,-1.6557692307692307,47.0,48.0,44.0,47.0,41.0,47.0,43.0,0.0,0,0,0,7.4624,0,0,7.3408,0,7.724,0,0,0
1773868964.899695,0.923076923076923,6,0.0,0.954476923076923,1.6557692307692307,-1.4854615384615384,-1.6557692307692307,-1.4854615384615384,-1.6557692307692307,47.0,48.0,44.0,47.0,41.0,47.0,43.0,40.0,7.9056,0,7.5464,0,0,0,0,0,0,8.3568,0,7.468
1773868964.9015956,0.923076923076923,7,0.0,0.954476923076923,1.6557692307692307,-1.4854615384615384,-1.6557692307692307,-1.4854615384615384,-1.6557692307692307,47.0,48.0,44.0,47.0,41.0,47.0,43.0,41.0,7.4888,0,7.68,0,0,0,0,0,0,7.464,0,7.4784
1773868964.903502,0.923076923076923,8,0.0,0.954476923076923,1.6557692307692307,-1.4854615384615384,-1.6557692307692307,-1.4854615384615384,-1.6557692307692307,47.0,48.0,44.0,47.0,41.0,47.0,43.0,41.0,7.4672,0,7.4832,0,0,0,0,0,0,7.4792,0,7.6912
1773868965.1070557,0.9487179487179487,0,0.0,0.9863179487179488,1.6871794871794874,-1.5136410256410255,-1.6871794871794874,-1.5136410256410255,-1.6871794871794874,47.0,48.0,44.0,46.0,41.0,47.0,43.0,40.0,7.6072,0,8.0208,0,0,0,0,0,0,7.9528,0,7.868
1773868965.108838,0.9487179487179487,1,0.0,0.9863179487179488,1.6871794871794874,-1.5136410256410255,-1.6871794871794874,-1.5136410256410255,-1.6871794871794874,47.0,48.0,44.0,46.0,41.0,47.0,43.0,0.0,0,0,0,8.3888,0,0,7.5608,0,7.7584,0,0,0
1773868965.1103647,0.9487179487179487,2,0.0,0.9863179487179488,1.6871794871794874,-1.5136410256410255,-1.6871794871794874,-1.5136410256410255,-1.6871794871794874,47.0,48.0,44.0,46.0,41.0,47.0,43.0,37.0,7.668,0,7.0192,0,0,0,0,0,0,7.6384,0,7.4984
1773868965.1117826,0.9487179487179487,3,0.0,0.9863179487179488,1.6871794871794874,-1.5136410256410255,-1.6871794871794874,-1.5136410256410255,-1.6871794871794874,47.0,48.0,44.0,46.0,41.0,47.0,43.0,0.0,0,0,0,7.4568,0,0,7.2568,0,7.7376,0,0,0
1773868965.1131747,0.9487179487179487,4,0.0,0.9863179487179488,1.6871794871794874,-1.5136410256410255,-1.6871794871794874,-1.5136410256410255,-1.6871794871794874,47.0,48.0,44.0,46.0,41.0,47.0,43.0,37.0,8.4712,0,7.364,0,0,0,0,0,0,7.4784,0,7.4664
1773868965.114982,0.9487179487179487,5,0.0,0.9863179487179488,1.6871794871794874,-1.5136410256410255,-1.6871794871794874,-1.5136410256410255,-1.6871794871794874,47.0,48.0,44.0,46.0,41.0,47.0,43.0,0.0,0,0,0,7.4616,0,0,7.34,0,7.724,0,0,0
1773868965.1173737,0.9487179487179487,6,0.0,0.9863179487179488,1.6871794871794874,-1.5136410256410255,-1.6871794871794874,-1.5136410256410255,-1.6871794871794874,47.0,48.0,44.0,46.0,41.0,47.0,43.0,40.0,7.9064,0,7.5464,0,0,0,0,0,0,8.3568,0,7.4672
1773868965.1198034,0.9487179487179487,7,0.0,0.9863179487179488,1.6871794871794874,-1.5136410256410255,-1.6871794871794874,-1.5136410256410255,-1.6871794871794874,47.0,48.0,44.0,46.0,41.0,47.0,43.0,41.0,7.4896,0,7.6808,0,0,0,0,0,0,7.4648,0,7.4784
1773868965.1219854,0.9487179487179487,8,0.0,0.9863179487179488,1.6871794871794874,-1.5136410256410255,-1.6871794871794874,-1.5136410256410255,-1.6871794871794874,47.0,48.0,44.0,46.0,41.0,47.0,43.0,41.0,7.4672,0,7.4832,0,0,0,0,0,0,7.48,0,7.692
1773868965.3263645,0.9743589743589743,0,0.0,1.0181589743589743,1.7185897435897437,-1.5418205128205131,-1.7185897435897437,-1.5418205128205131,-1.7185897435897437,47.0,48.0,44.0,47.0,41.0,47.0,43.0,40.0,7.6072,0,8.0208,0,0,0,0,0,0,7.9528,0,7.8672
1773868965.328191,0.9743589743589743,1,0.0,1.0181589743589743,1.7185897435897437,-1.5418205128205131,-1.7185897435897437,-1.5418205128205131,-1.7185897435897437,47.0,48.0,44.0,47.0,41.0,47.0,43.0,0.0,0,0,0,9.2016,0,0,7.5552,0,7.7552,0,0,0
1773868965.3296456,0.9743589743589743,2,0.0,1.0181589743589743,1.7185897435897437,-1.5418205128205131,-1.7185897435897437,-1.5418205128205131,-1.7185897435897437,47.0,48.0,44.0,47.0,41.0,47.0,43.0,37.0,7.6672,0,7.0192,0,0,0,0,0,0,7.6392,0,7.4984
1773868965.3310792,0.9743589743589743,3,0.0,1.0181589743589743,1.7185897435897437,-1.5418205128205131,-1.7185897435897437,-1.5418205128205131,-1.7185897435897437,47.0,48.0,44.0,47.0,41.0,47.0,43.0,0.0,0,0,0,7.4576,0,0,7.2568,0,7.7376,0,0,0
1773868965.332524,0.9743589743589743,4,0.0,1.0181589743589743,1.7185897435897437,-1.5418205128205131,-1.7185897435897437,-1.5418205128205131,-1.7185897435897437,47.0,48.0,44.0,47.0,41.0,47.0,43.0,38.0,8.4712,0,7.3632,0,0,0,0,0,0,7.4792,0,7.4656
1773868965.334423,0.9743589743589743,5,0.0,1.0181589743589743,1.7185897435897437,-1.5418205128205131,-1.7185897435897437,-1.5418205128205131,-1.7185897435897437,47.0,48.0,44.0,47.0,41.0,47.0,43.0,0.0,0,0,0,7.4632,0,0,7.34,0,7.7232,0,0,0
1773868965.3365273,0.9743589743589743,6,0.0,1.0181589743589743,1.7185897435897437,-1.5418205128205131,-1.7185897435897437,-1.5418205128205131,-1.7185897435897437,47.0,48.0,44.0,47.0,41.0,47.0,43.0,40.0,7.9056,0,7.5464,0,0,0,0,0,0,8.3568,0,7.468
1773868965.338822,0.9743589743589743,7,0.0,1.0181589743589743,1.7185897435897437,-1.5418205128205131,-1.7185897435897437,-1.5418205128205131,-1.7185897435897437,47.0,48.0,44.0,47.0,41.0,47.0,43.0,41.0,7.4904,0,7.68,0,0,0,0,0,0,7.4648,0,7.4776
1773868965.3413482,0.9743589743589743,8,0.0,1.0181589743589743,1.7185897435897437,-1.5418205128205131,-1.7185897435897437,-1.5418205128205131,-1.7185897435897437,47.0,48.0,44.0,47.0,41.0,47.0,43.0,41.0,7.4672,0,7.4824,0,0,0,0,0,0,7.48,0,7.6904
1773868965.545402,1.0,0,0.0,1.05,1.75,-1.5700000000000003,-1.75,-1.5700000000000003,-1.75,47.0,48.0,44.0,46.0,41.0,47.0,43.0,40.0,7.6064,0,8.0176,0,0,0,0,0,0,7.9536,0,7.8672
1773868965.5474098,1.0,1,0.0,1.05,1.75,-1.5700000000000003,-1.75,-1.5700000000000003,-1.75,47.0,48.0,44.0,46.0,41.0,47.0,43.0,0.0,0,0,0,9.9376,0,0,7.552,0,7.776,0,0,0
1773868965.548754,1.0,2,0.0,1.05,1.75,-1.5700000000000003,-1.75,-1.5700000000000003,-1.75,47.0,48.0,44.0,46.0,41.0,47.0,43.0,37.0,7.668,0,7.0192,0,0,0,0,0,0,7.6376,0,7.4992
1773868965.5503583,1.0,3,0.0,1.05,1.75,-1.5700000000000003,-1.75,-1.5700000000000003,-1.75,47.0,48.0,44.0,46.0,41.0,47.0,43.0,0.0,0,0,0,7.456,0,0,7.2584,0,7.7368,0,0,0
1773868965.5515404,1.0,4,0.0,1.05,1.75,-1.5700000000000003,-1.75,-1.5700000000000003,-1.75,47.0,48.0,44.0,46.0,41.0,47.0,43.0,38.0,8.4704,0,7.3632,0,0,0,0,0,0,7.4792,0,7.4672
1773868965.5532413,1.0,5,0.0,1.05,1.75,-1.5700000000000003,-1.75,-1.5700000000000003,-1.75,47.0,48.0,44.0,46.0,41.0,47.0,43.0,0.0,0,0,0,7.4624,0,0,7.3384,0,7.724,0,0,0
1773868965.5551019,1.0,6,0.0,1.05,1.75,-1.5700000000000003,-1.75,-1.5700000000000003,-1.75,47.0,48.0,44.0,46.0,41.0,47.0,43.0,40.0,7.9056,0,7.5464,0,0,0,0,0,0,8.356,0,7.4688
1773868965.5571058,1.0,7,0.0,1.05,1.75,-1.5700000000000003,-1.75,-1.5700000000000003,-1.75,47.0,48.0,44.0,46.0,41.0,47.0,43.0,41.0,7.4904,0,7.68,0,0,0,0,0,0,7.464,0,7.4776
1773868965.5588958,1.0,8,0.0,1.05,1.75,-1.5700000000000003,-1.75,-1.5700000000000003,-1.75,47.0,48.0,44.0,46.0,41.0,47.0,43.0,41.0,7.4664,0,7.484,0,0,0,0,0,0,7.4784,0,7.6904
1773868965.762498,1.0,0,0.0,1.05,1.75,-1.57,-1.75,-1.57,-1.75,47.0,48.0,44.0,46.0,41.0,47.0,43.0,40.0,7.6072,0,8.0184,0,0,0,0,0,0,7.9544,0,7.8688
1773868965.7638683,1.0,1,0.0,1.05,1.75,-1.57,-1.75,-1.57,-1.75,47.0,48.0,44.0,46.0,41.0,47.0,43.0,0.0,0,0,0,10.4176,0,0,7.5512,0,7.792,0,0,0
1773868965.7651317,1.0,2,0.0,1.05,1.75,-1.57,-1.75,-1.57,-1.75,47.0,48.0,44.0,46.0,41.0,47.0,43.0,37.0,7.6688,0,7.0192,0,0,0,0,0,0,7.6384,0,7.4976
1773868965.766526,1.0,3,0.0,1.05,1.75,-1.57,-1.75,-1.57,-1.75,47.0,48.0,44.0,46.0,41.0,47.0,43.0,0.0,0,0,0,7.4576,0,0,7.2584,0,7.7376,0,0,0
1773868965.7683983,1.0,4,0.0,1.05,1.75,-1.57,-1.75,-1.57,-1.75,47.0,48.0,44.0,46.0,41.0,47.0,43.0,38.0,8.4696,0,7.364,0,0,0,0,0,0,7.4792,0,7.468
1773868965.7700977,1.0,5,0.0,1.05,1.75,-1.57,-1.75,-1.57,-1.75,47.0,48.0,44.0,46.0,41.0,47.0,43.0,0.0,0,0,0,7.4608,0,0,7.3392,0,7.7232,0,0,0
1773868965.7721152,1.0,6,0.0,1.05,1.75,-1.57,-1.75,-1.57,-1.75,47.0,48.0,44.0,46.0,41.0,47.0,43.0,40.0,7.9056,0,7.5456,0,0,0,0,0,0,8.356,0,7.468
1773868965.7740955,1.0,7,0.0,1.05,1.75,-1.57,-1.75,-1.57,-1.75,47.0,48.0,44.0,46.0,41.0,47.0,43.0,41.0,7.4904,0,7.68,0,0,0,0,0,0,7.4648,0,7.4776
1773868965.7763398,1.0,8,0.0,1.05,1.75,-1.57,-1.75,-1.57,-1.75,47.0,48.0,44.0,46.0,41.0,47.0,43.0,41.0,7.4672,0,7.4824,0,0,0,0,0,0,7.48,0,7.6912
1773868965.9797988,0.9743589743589743,0,0.0,1.0181589743589745,1.7185897435897437,-1.541820512820513,-1.7185897435897437,-1.541820512820513,-1.7185897435897437,47.0,48.0,44.0,46.0,41.0,47.0,43.0,40.0,7.6072,0,8.0184,0,0,0,0,0,0,7.9544,0,7.8688
1773868965.9815228,0.9743589743589743,1,0.0,1.0181589743589745,1.7185897435897437,-1.541820512820513,-1.7185897435897437,-1.541820512820513,-1.7185897435897437,47.0,48.0,44.0,46.0,41.0,47.0,43.0,0.0,0,0,0,10.4176,0,0,7.5512,0,7.792,0,0,0
1773868965.9829652,0.9743589743589743,2,0.0,1.0181589743589745,1.7185897435897437,-1.541820512820513,-1.7185897435897437,-1.541820512820513,-1.7185897435897437,47.0,48.0,44.0,46.0,41.0,47.0,43.0,37.0,7.6688,0,7.0192,0,0,0,0,0,0,7.6384,0,7.4976
1773868965.984662,0.9743589743589743,3,0.0,1.0181589743589745,1.7185897435897437,-1.541820512820513,-1.7185897435897437,-1.541820512820513,-1.7185897435897437,47.0,48.0,44.0,46.0,41.0,47.0,43.0,0.0,0,0,0,7.4576,0,0,7.2584,0,7.7376,0,0,0
1773868965.9864144,0.9743589743589743,4,0.0,1.0181589743589745,1.7185897435897437,-1.541820512820513,-1.7185897435897437,-1.541820512820513,-1.7185897435897437,47.0,48.0,44.0,46.0,41.0,47.0,43.0,38.0,8.4696,0,7.364,0,0,0,0,0,0,7.4792,0,7.468
1773868965.9895883,0.9743589743589743,5,0.0,1.0181589743589745,1.7185897435897437,-1.541820512820513,-1.7185897435897437,-1.541820512820513,-1.7185897435897437,47.0,48.0,44.0,46.0,41.0,47.0,43.0,0.0,0,0,0,7.4608,0,0,7.3392,0,7.7232,0,0,0
1773868965.9920406,0.9743589743589743,6,0.0,1.0181589743589745,1.7185897435897437,-1.541820512820513,-1.7185897435897437,-1.541820512820513,-1.7185897435897437,47.0,48.0,44.0,46.0,41.0,47.0,43.0,40.0,7.9056,0,7.5456,0,0,0,0,0,0,8.356,0,7.468
1773868965.9947765,0.9743589743589743,7,0.0,1.0181589743589745,1.7185897435897437,-1.541820512820513,-1.7185897435897437,-1.541820512820513,-1.7185897435897437,47.0,48.0,44.0,46.0,41.0,47.0,43.0,41.0,7.4904,0,7.68,0,0,0,0,0,0,7.4648,0,7.4776
1773868965.9980524,0.9743589743589743,8,0.0,1.0181589743589745,1.7185897435897437,-1.541820512820513,-1.7185897435897437,-1.541820512820513,-1.7185897435897437,47.0,48.0,44.0,46.0,41.0,47.0,43.0,41.0,7.4672,0,7.4824,0,0,0,0,0,0,7.48,0,7.6912
1773868966.2027416,0.9487179487179487,0,0.0,0.9863179487179488,1.6871794871794872,-1.5136410256410258,-1.6871794871794872,-1.5136410256410258,-1.6871794871794872,47.0,48.0,44.0,47.0,41.0,47.0,43.0,40.0,7.6072,0,8.0232,0,0,0,0,0,0,7.9544,0,7.8664
1773868966.2047188,0.9487179487179487,1,0.0,0.9863179487179488,1.6871794871794872,-1.5136410256410258,-1.6871794871794872,-1.5136410256410258,-1.6871794871794872,47.0,48.0,44.0,47.0,41.0,47.0,43.0,0.0,0,0,0,10.4104,0,0,7.5504,0,7.7912,0,0,0
1773868966.2067955,0.9487179487179487,2,0.0,0.9863179487179488,1.6871794871794872,-1.5136410256410258,-1.6871794871794872,-1.5136410256410258,-1.6871794871794872,47.0,48.0,44.0,47.0,41.0,47.0,43.0,37.0,7.6672,0,7.0192,0,0,0,0,0,0,7.6384,0,7.4984
1773868966.208497,0.9487179487179487,3,0.0,0.9863179487179488,1.6871794871794872,-1.5136410256410258,-1.6871794871794872,-1.5136410256410258,-1.6871794871794872,47.0,48.0,44.0,47.0,41.0,47.0,43.0,0.0,0,0,0,7.4576,0,0,7.2568,0,7.7368,0,0,0
1773868966.2106695,0.9487179487179487,4,0.0,0.9863179487179488,1.6871794871794872,-1.5136410256410258,-1.6871794871794872,-1.5136410256410258,-1.6871794871794872,47.0,48.0,44.0,47.0,41.0,47.0,43.0,38.0,8.4712,0,7.3632,0,0,0,0,0,0,7.4792,0,7.4664
1773868966.2134435,0.9487179487179487,5,0.0,0.9863179487179488,1.6871794871794872,-1.5136410256410258,-1.6871794871794872,-1.5136410256410258,-1.6871794871794872,47.0,48.0,44.0,47.0,41.0,47.0,43.0,0.0,0,0,0,7.4624,0,0,7.3384,0,7.724,0,0,0
1773868966.215873,0.9487179487179487,6,0.0,0.9863179487179488,1.6871794871794872,-1.5136410256410258,-1.6871794871794872,-1.5136410256410258,-1.6871794871794872,47.0,48.0,44.0,47.0,41.0,47.0,43.0,40.0,7.9064,0,7.5472,0,0,0,0,0,0,8.3568,0,7.4672
1773868966.2185056,0.9487179487179487,7,0.0,0.9863179487179488,1.6871794871794872,-1.5136410256410258,-1.6871794871794872,-1.5136410256410258,-1.6871794871794872,47.0,48.0,44.0,47.0,41.0,47.0,43.0,41.0,7.4896,0,7.6808,0,0,0,0,0,0,7.4632,0,7.4768
1773868966.221835,0.9487179487179487,8,0.0,0.9863179487179488,1.6871794871794872,-1.5136410256410258,-1.6871794871794872,-1.5136410256410258,-1.6871794871794872,47.0,48.0,44.0,47.0,41.0,47.0,43.0,41.0,7.468,0,7.4824,0,0,0,0,0,0,7.48,0,7.6912
1773868966.426797,0.9230769230769231,0,0.0,0.9544769230769231,1.6557692307692307,-1.4854615384615384,-1.6557692307692307,-1.4854615384615384,-1.6557692307692307,47.0,48.0,44.0,46.0,41.0,47.0,43.0,40.0,7.608,0,8.0192,0,0,0,0,0,0,7.9536,0,7.8672
1773868966.4287975,0.9230769230769231,1,0.0,0.9544769230769231,1.6557692307692307,-1.4854615384615384,-1.6557692307692307,-1.4854615384615384,-1.6557692307692307,47.0,48.0,44.0,46.0,41.0,47.0,43.0,0.0,0,0,0,10.4016,0,0,7.552,0,7.792,0,0,0
1773868966.4309373,0.9230769230769231,2,0.0,0.9544769230769231,1.6557692307692307,-1.4854615384615384,-1.6557692307692307,-1.4854615384615384,-1.6557692307692307,47.0,48.0,44.0,46.0,41.0,47.0,43.0,37.0,7.6688,0,7.0224,0,0,0,0,0,0,7.6392,0,7.4984
1773868966.4324129,0.9230769230769231,3,0.0,0.9544769230769231,1.6557692307692307,-1.4854615384615384,-1.6557692307692307,-1.4854615384615384,-1.6557692307692307,47.0,48.0,44.0,46.0,41.0,47.0,43.0,0.0,0,0,0,7.4576,0,0,7.2576,0,7.7376,0,0,0
1773868966.4348953,0.9230769230769231,4,0.0,0.9544769230769231,1.6557692307692307,-1.4854615384615384,-1.6557692307692307,-1.4854615384615384,-1.6557692307692307,47.0,48.0,44.0,46.0,41.0,47.0,43.0,38.0,8.4696,0,7.3624,0,0,0,0,0,0,7.4784,0,7.4664
1773868966.4389122,0.9230769230769231,5,0.0,0.9544769230769231,1.6557692307692307,-1.4854615384615384,-1.6557692307692307,-1.4854615384615384,-1.6557692307692307,47.0,48.0,44.0,46.0,41.0,47.0,43.0,0.0,0,0,0,7.4624,0,0,7.3376,0,7.7224,0,0,0
1773868966.4402308,0.9230769230769231,6,0.0,0.9544769230769231,1.6557692307692307,-1.4854615384615384,-1.6557692307692307,-1.4854615384615384,-1.6557692307692307,47.0,48.0,44.0,46.0,41.0,47.0,43.0,40.0,7.9064,0,7.5464,0,0,0,0,0,0,8.3568,0,7.468
1773868966.4416661,0.9230769230769231,7,0.0,0.9544769230769231,1.6557692307692307,-1.4854615384615384,-1.6557692307692307,-1.4854615384615384,-1.6557692307692307,47.0,48.0,44.0,46.0,41.0,47.0,43.0,41.0,7.4896,0,7.6808,0,0,0,0,0,0,7.464,0,7.4776
1773868966.4429245,0.9230769230769231,8,0.0,0.9544769230769231,1.6557692307692307,-1.4854615384615384,-1.6557692307692307,-1.4854615384615384,-1.6557692307692307,47.0,48.0,44.0,46.0,41.0,47.0,43.0,41.0,7.4672,0,7.4816,0,0,0,0,0,0,7.4808,0,7.6912
1773868966.6449971,0.8974358974358975,0,0.0,0.9226358974358975,1.6243589743589744,-1.4572820512820512,-1.6243589743589744,-1.4572820512820512,-1.6243589743589744,47.0,48.0,44.0,46.0,41.0,47.0,43.0,40.0,7.6072,0,8.0152,0,0,0,0,0,0,7.9536,0,7.8672
1773868966.648237,0.8974358974358975,1,0.0,0.9226358974358975,1.6243589743589744,-1.4572820512820512,-1.6243589743589744,-1.4572820512820512,-1.6243589743589744,47.0,48.0,44.0,46.0,41.0,47.0,43.0,0.0,0,0,0,10.3952,0,0,7.5512,0,7.7928,0,0,0
1773868966.649547,0.8974358974358975,2,0.0,0.9226358974358975,1.6243589743589744,-1.4572820512820512,-1.6243589743589744,-1.4572820512820512,-1.6243589743589744,47.0,48.0,44.0,46.0,41.0,47.0,43.0,37.0,7.668,0,7.024,0,0,0,0,0,0,7.6392,0,7.4992
1773868966.6511226,0.8974358974358975,3,0.0,0.9226358974358975,1.6243589743589744,-1.4572820512820512,-1.6243589743589744,-1.4572820512820512,-1.6243589743589744,47.0,48.0,44.0,46.0,41.0,47.0,43.0,0.0,0,0,0,7.4584,0,0,7.2584,0,7.7376,0,0,0
1773868966.652844,0.8974358974358975,4,0.0,0.9226358974358975,1.6243589743589744,-1.4572820512820512,-1.6243589743589744,-1.4572820512820512,-1.6243589743589744,47.0,48.0,44.0,46.0,41.0,47.0,43.0,38.0,8.4712,0,7.3632,0,0,0,0,0,0,7.4792,0,7.4664
1773868966.654721,0.8974358974358975,5,0.0,0.9226358974358975,1.6243589743589744,-1.4572820512820512,-1.6243589743589744,-1.4572820512820512,-1.6243589743589744,47.0,48.0,44.0,46.0,41.0,47.0,43.0,0.0,0,0,0,7.4624,0,0,7.3384,0,7.7232,0,0,0
1773868966.6560555,0.8974358974358975,6,0.0,0.9226358974358975,1.6243589743589744,-1.4572820512820512,-1.6243589743589744,-1.4572820512820512,-1.6243589743589744,47.0,48.0,44.0,46.0,41.0,47.0,43.0,40.0,7.9056,0,7.5464,0,0,0,0,0,0,8.3568,0,7.468
1773868966.658123,0.8974358974358975,7,0.0,0.9226358974358975,1.6243589743589744,-1.4572820512820512,-1.6243589743589744,-1.4572820512820512,-1.6243589743589744,47.0,48.0,44.0,46.0,41.0,47.0,43.0,41.0,7.4896,0,7.6808,0,0,0,0,0,0,7.464,0,7.4776
1773868966.6602879,0.8974358974358975,8,0.0,0.9226358974358975,1.6243589743589744,-1.4572820512820512,-1.6243589743589744,-1.4572820512820512,-1.6243589743589744,47.0,48.0,44.0,46.0,41.0,47.0,43.0,41.0,7.468,0,7.4832,0,0,0,0,0,0,7.4792,0,7.6912
1773868966.8640108,0.8717948717948718,0,0.0,0.8907948717948718,1.592948717948718,-1.429102564102564,-1.592948717948718,-1.429102564102564,-1.592948717948718,47.0,48.0,44.0,46.0,41.0,47.0,43.0,40.0,7.608,0,8.0136,0,0,0,0,0,0,7.9536,0,7.8688
1773868966.8653576,0.8717948717948718,1,0.0,0.8907948717948718,1.592948717948718,-1.429102564102564,-1.592948717948718,-1.429102564102564,-1.592948717948718,47.0,48.0,44.0,46.0,41.0,47.0,43.0,0.0,0,0,0,9.6792,0,0,7.5488,0,7.7448,0,0,0
1773868966.8665445,0.8717948717948718,2,0.0,0.8907948717948718,1.592948717948718,-1.429102564102564,-1.592948717948718,-1.429102564102564,-1.592948717948718,47.0,48.0,44.0,46.0,41.0,47.0,43.0,37.0,7.668,0,7.0224,0,0,0,0,0,0,7.6392,0,7.5
1773868966.8676367,0.8717948717948718,3,0.0,0.8907948717948718,1.592948717948718,-1.429102564102564,-1.592948717948718,-1.429102564102564,-1.592948717948718,47.0,48.0,44.0,46.0,41.0,47.0,43.0,0.0,0,0,0,7.4576,0,0,7.2584,0,7.7376,0,0,0
1773868966.869018,0.8717948717948718,4,0.0,0.8907948717948718,1.592948717948718,-1.429102564102564,-1.592948717948718,-1.429102564102564,-1.592948717948718,47.0,48.0,44.0,46.0,41.0,47.0,43.0,38.0,8.4696,0,7.3616,0,0,0,0,0,0,7.4792,0,7.4672
1773868966.870615,0.8717948717948718,5,0.0,0.8907948717948718,1.592948717948718,-1.429102564102564,-1.592948717948718,-1.429102564102564,-1.592948717948718,47.0,48.0,44.0,46.0,41.0,47.0,43.0,0.0,0,0,0,7.4608,0,0,7.3392,0,7.7224,0,0,0
1773868966.8725588,0.8717948717948718,6,0.0,0.8907948717948718,1.592948717948718,-1.429102564102564,-1.592948717948718,-1.429102564102564,-1.592948717948718,47.0,48.0,44.0,46.0,41.0,47.0,43.0,40.0,7.9072,0,7.5464,0,0,0,0,0,0,8.3568,0,7.468
1773868966.874592,0.8717948717948718,7,0.0,0.8907948717948718,1.592948717948718,-1.429102564102564,-1.592948717948718,-1.429102564102564,-1.592948717948718,47.0,48.0,44.0,46.0,41.0,47.0,43.0,41.0,7.4904,0,7.6808,0,0,0,0,0,0,7.464,0,7.4784
1773868966.876349,0.8717948717948718,8,0.0,0.8907948717948718,1.592948717948718,-1.429102564102564,-1.592948717948718,-1.429102564102564,-1.592948717948718,47.0,48.0,44.0,46.0,41.0,47.0,43.0,41.0,7.468,0,7.484,0,0,0,0,0,0,7.48,0,7.692
1773868967.0797272,0.8461538461538461,0,0.0,0.8589538461538462,1.5615384615384615,-1.400923076923077,-1.5615384615384615,-1.400923076923077,-1.5615384615384615,47.0,48.0,44.0,46.0,41.0,47.0,43.0,40.0,7.608,0,8.0136,0,0,0,0,0,0,7.9544,0,7.868
1773868967.0814815,0.8461538461538461,1,0.0,0.8589538461538462,1.5615384615384615,-1.400923076923077,-1.5615384615384615,-1.400923076923077,-1.5615384615384615,47.0,48.0,44.0,46.0,41.0,47.0,43.0,0.0,0,0,0,9.2808,0,0,7.5536,0,7.748,0,0,0
1773868967.0829756,0.8461538461538461,2,0.0,0.8589538461538462,1.5615384615384615,-1.400923076923077,-1.5615384615384615,-1.400923076923077,-1.5615384615384615,47.0,48.0,44.0,46.0,41.0,47.0,43.0,37.0,7.6688,0,7.0232,0,0,0,0,0,0,7.6384,0,7.4992
1773868967.0843973,0.8461538461538461,3,0.0,0.8589538461538462,1.5615384615384615,-1.400923076923077,-1.5615384615384615,-1.400923076923077,-1.5615384615384615,47.0,48.0,44.0,46.0,41.0,47.0,43.0,0.0,0,0,0,7.4576,0,0,7.2584,0,7.7376,0,0,0
1773868967.0864813,0.8461538461538461,4,0.0,0.8589538461538462,1.5615384615384615,-1.400923076923077,-1.5615384615384615,-1.400923076923077,-1.5615384615384615,47.0,48.0,44.0,46.0,41.0,47.0,43.0,38.0,8.4712,0,7.3632,0,0,0,0,0,0,7.4784,0,7.468
1773868967.0883644,0.8461538461538461,5,0.0,0.8589538461538462,1.5615384615384615,-1.400923076923077,-1.5615384615384615,-1.400923076923077,-1.5615384615384615,47.0,48.0,44.0,46.0,41.0,47.0,43.0,0.0,0,0,0,7.4624,0,0,7.3392,0,7.7232,0,0,0
1773868967.0906284,0.8461538461538461,6,0.0,0.8589538461538462,1.5615384615384615,-1.400923076923077,-1.5615384615384615,-1.400923076923077,-1.5615384615384615,47.0,48.0,44.0,46.0,41.0,47.0,43.0,40.0,7.9064,0,7.5464,0,0,0,0,0,0,8.3568,0,7.4672
1773868967.0930638,0.8461538461538461,7,0.0,0.8589538461538462,1.5615384615384615,-1.400923076923077,-1.5615384615384615,-1.400923076923077,-1.5615384615384615,47.0,48.0,44.0,46.0,41.0,47.0,43.0,41.0,7.4896,0,7.6808,0,0,0,0,0,0,7.4648,0,7.4776
1773868967.09561,0.8461538461538461,8,0.0,0.8589538461538462,1.5615384615384615,-1.400923076923077,-1.5615384615384615,-1.400923076923077,-1.5615384615384615,47.0,48.0,44.0,46.0,41.0,47.0,43.0,41.0,7.468,0,7.4824,0,0,0,0,0,0,7.4792,0,7.6912
1773868967.299555,0.8205128205128205,0,0.0,0.8271128205128205,1.530128205128205,-1.3727435897435898,-1.530128205128205,-1.3727435897435898,-1.530128205128205,47.0,48.0,44.0,46.0,41.0,47.0,43.0,40.0,7.608,0,8.0136,0,0,0,0,0,0,7.9536,0,7.8688
1773868967.3011265,0.8205128205128205,1,0.0,0.8271128205128205,1.530128205128205,-1.3727435897435898,-1.530128205128205,-1.3727435897435898,-1.530128205128205,47.0,48.0,44.0,46.0,41.0,47.0,43.0,0.0,0,0,0,7.9704,0,0,7.5584,0,7.7256,0,0,0
1773868967.302485,0.8205128205128205,2,0.0,0.8271128205128205,1.530128205128205,-1.3727435897435898,-1.530128205128205,-1.3727435897435898,-1.530128205128205,47.0,48.0,44.0,46.0,41.0,47.0,43.0,37.0,7.668,0,7.0232,0,0,0,0,0,0,7.6384,0,7.4984
1773868967.3037872,0.8205128205128205,3,0.0,0.8271128205128205,1.530128205128205,-1.3727435897435898,-1.530128205128205,-1.3727435897435898,-1.530128205128205,47.0,48.0,44.0,46.0,41.0,47.0,43.0,0.0,0,0,0,7.4576,0,0,7.2584,0,7.7384,0,0,0
1773868967.3051581,0.8205128205128205,4,0.0,0.8271128205128205,1.530128205128205,-1.3727435897435898,-1.530128205128205,-1.3727435897435898,-1.530128205128205,47.0,48.0,44.0,46.0,41.0,47.0,43.0,38.0,8.4712,0,7.3632,0,0,0,0,0,0,7.4784,0,7.4672
1773868967.3066924,0.8205128205128205,5,0.0,0.8271128205128205,1.530128205128205,-1.3727435897435898,-1.530128205128205,-1.3727435897435898,-1.530128205128205,47.0,48.0,44.0,46.0,41.0,47.0,43.0,0.0,0,0,0,7.4624,0,0,7.34,0,7.7232,0,0,0
1773868967.3081343,0.8205128205128205,6,0.0,0.8271128205128205,1.530128205128205,-1.3727435897435898,-1.530128205128205,-1.3727435897435898,-1.530128205128205,47.0,48.0,44.0,46.0,41.0,47.0,43.0,40.0,7.908,0,7.5464,0,0,0,0,0,0,8.3568,0,7.4688
1773868967.310053,0.8205128205128205,7,0.0,0.8271128205128205,1.530128205128205,-1.3727435897435898,-1.530128205128205,-1.3727435897435898,-1.530128205128205,47.0,48.0,44.0,46.0,41.0,47.0,43.0,41.0,7.4896,0,7.6808,0,0,0,0,0,0,7.464,0,7.4784
1773868967.3119578,0.8205128205128205,8,0.0,0.8271128205128205,1.530128205128205,-1.3727435897435898,-1.530128205128205,-1.3727435897435898,-1.530128205128205,47.0,48.0,44.0,46.0,41.0,47.0,43.0,41.0,7.4672,0,7.4824,0,0,0,0,0,0,7.48,0,7.6912
1773868967.515261,0.7948717948717949,0,0.0,0.7952717948717949,1.4987179487179487,-1.3445641025641026,-1.4987179487179487,-1.3445641025641026,-1.4987179487179487,47.0,48.0,44.0,46.0,41.0,47.0,43.0,40.0,7.608,0,8.0144,0,0,0,0,0,0,7.9552,0,7.868
1773868967.5170188,0.7948717948717949,1,0.0,0.7952717948717949,1.4987179487179487,-1.3445641025641026,-1.4987179487179487,-1.3445641025641026,-1.4987179487179487,47.0,48.0,44.0,46.0,41.0,47.0,43.0,0.0,0,0,0,7.7544,0,0,7.5608,0,7.7224,0,0,0
1773868967.5186238,0.7948717948717949,2,0.0,0.7952717948717949,1.4987179487179487,-1.3445641025641026,-1.4987179487179487,-1.3445641025641026,-1.4987179487179487,47.0,48.0,44.0,46.0,41.0,47.0,43.0,37.0,7.6688,0,7.0232,0,0,0,0,0,0,7.6384,0,7.4984
1773868967.5200105,0.7948717948717949,3,0.0,0.7952717948717949,1.4987179487179487,-1.3445641025641026,-1.4987179487179487,-1.3445641025641026,-1.4987179487179487,47.0,48.0,44.0,46.0,41.0,47.0,43.0,0.0,0,0,0,7.4568,0,0,7.2576,0,7.7376,0,0,0
1773868967.5214045,0.7948717948717949,4,0.0,0.7952717948717949,1.4987179487179487,-1.3445641025641026,-1.4987179487179487,-1.3445641025641026,-1.4987179487179487,47.0,48.0,44.0,46.0,41.0,47.0,43.0,38.0,8.4704,0,7.3632,0,0,0,0,0,0,7.4792,0,7.4664
1773868967.5235927,0.7948717948717949,5,0.0,0.7952717948717949,1.4987179487179487,-1.3445641025641026,-1.4987179487179487,-1.3445641025641026,-1.4987179487179487,47.0,48.0,44.0,46.0,41.0,47.0,43.0,0.0,0,0,0,7.4624,0,0,7.3384,0,7.7224,0,0,0
1773868967.5261533,0.7948717948717949,6,0.0,0.7952717948717949,1.4987179487179487,-1.3445641025641026,-1.4987179487179487,-1.3445641025641026,-1.4987179487179487,47.0,48.0,44.0,46.0,41.0,47.0,43.0,40.0,7.908,0,7.5464,0,0,0,0,0,0,8.356,0,7.468
1773868967.5282753,0.7948717948717949,7,0.0,0.7952717948717949,1.4987179487179487,-1.3445641025641026,-1.4987179487179487,-1.3445641025641026,-1.4987179487179487,47.0,48.0,44.0,46.0,41.0,47.0,43.0,41.0,7.4904,0,7.6808,0,0,0,0,0,0,7.464,0,7.4776
1773868967.5303447,0.7948717948717949,8,0.0,0.7952717948717949,1.4987179487179487,-1.3445641025641026,-1.4987179487179487,-1.3445641025641026,-1.4987179487179487,47.0,48.0,44.0,46.0,41.0,47.0,43.0,41.0,7.4672,0,7.4832,0,0,0,0,0,0,7.4808,0,7.6912
1773868967.7339382,0.7692307692307693,0,0.0,0.7634307692307694,1.4673076923076924,-1.3163846153846155,-1.4673076923076924,-1.3163846153846155,-1.4673076923076924,47.0,48.0,44.0,46.0,41.0,47.0,43.0,40.0,7.6088,0,8.0136,0,0,0,0,0,0,7.9536,0,7.868
1773868967.7355647,0.7692307692307693,1,0.0,0.7634307692307694,1.4673076923076924,-1.3163846153846155,-1.4673076923076924,-1.3163846153846155,-1.4673076923076924,47.0,48.0,44.0,46.0,41.0,47.0,43.0,0.0,0,0,0,7.7448,0,0,7.56,0,7.7216,0,0,0
1773868967.7370672,0.7692307692307693,2,0.0,0.7634307692307694,1.4673076923076924,-1.3163846153846155,-1.4673076923076924,-1.3163846153846155,-1.4673076923076924,47.0,48.0,44.0,46.0,41.0,47.0,43.0,37.0,7.668,0,7.024,0,0,0,0,0,0,7.6392,0,7.5
1773868967.7384076,0.7692307692307693,3,0.0,0.7634307692307694,1.4673076923076924,-1.3163846153846155,-1.4673076923076924,-1.3163846153846155,-1.4673076923076924,47.0,48.0,44.0,46.0,41.0,47.0,43.0,0.0,0,0,0,7.4568,0,0,7.2592,0,7.7392,0,0,0
1773868967.7399275,0.7692307692307693,4,0.0,0.7634307692307694,1.4673076923076924,-1.3163846153846155,-1.4673076923076924,-1.3163846153846155,-1.4673076923076924,47.0,48.0,44.0,46.0,41.0,47.0,43.0,38.0,8.472,0,7.3624,0,0,0,0,0,0,7.4792,0,7.4664
1773868967.7417006,0.7692307692307693,5,0.0,0.7634307692307694,1.4673076923076924,-1.3163846153846155,-1.4673076923076924,-1.3163846153846155,-1.4673076923076924,47.0,48.0,44.0,46.0,41.0,47.0,43.0,0.0,0,0,0,7.4624,0,0,7.3392,0,7.7248,0,0,0
1773868967.743098,0.7692307692307693,6,0.0,0.7634307692307694,1.4673076923076924,-1.3163846153846155,-1.4673076923076924,-1.3163846153846155,-1.4673076923076924,47.0,48.0,44.0,46.0,41.0,47.0,43.0,40.0,7.9064,0,7.5456,0,0,0,0,0,0,8.3576,0,7.468
1773868967.7444208,0.7692307692307693,7,0.0,0.7634307692307694,1.4673076923076924,-1.3163846153846155,-1.4673076923076924,-1.3163846153846155,-1.4673076923076924,47.0,48.0,44.0,46.0,41.0,47.0,43.0,41.0,7.4912,0,7.6808,0,0,0,0,0,0,7.4648,0,7.4776
1773868967.7464125,0.7692307692307693,8,0.0,0.7634307692307694,1.4673076923076924,-1.3163846153846155,-1.4673076923076924,-1.3163846153846155,-1.4673076923076924,47.0,48.0,44.0,46.0,41.0,47.0,43.0,41.0,7.468,0,7.4824,0,0,0,0,0,0,7.48,0,7.692
1773868967.9496403,0.7435897435897436,0,0.0,0.7315897435897436,1.435897435897436,-1.2882051282051283,-1.435897435897436,-1.2882051282051283,-1.435897435897436,47.0,48.0,44.0,46.0,41.0,47.0,43.0,40.0,7.608,0,8.0128,0,0,0,0,0,0,7.9544,0,7.8688
1773868967.9512324,0.7435897435897436,1,0.0,0.7315897435897436,1.435897435897436,-1.2882051282051283,-1.435897435897436,-1.2882051282051283,-1.435897435897436,47.0,48.0,44.0,46.0,41.0,47.0,43.0,0.0,0,0,0,7.7408,0,0,7.5608,0,7.7224,0,0,0
1773868967.9525049,0.7435897435897436,2,0.0,0.7315897435897436,1.435897435897436,-1.2882051282051283,-1.435897435897436,-1.2882051282051283,-1.435897435897436,47.0,48.0,44.0,46.0,41.0,47.0,43.0,37.0,7.668,0,7.0232,0,0,0,0,0,0,7.6384,0,7.4984
1773868967.9538915,0.7435897435897436,3,0.0,0.7315897435897436,1.435897435897436,-1.2882051282051283,-1.435897435897436,-1.2882051282051283,-1.435897435897436,47.0,48.0,44.0,46.0,41.0,47.0,43.0,0.0,0,0,0,7.4568,0,0,7.2584,0,7.74,0,0,0
1773868967.9552107,0.7435897435897436,4,0.0,0.7315897435897436,1.435897435897436,-1.2882051282051283,-1.435897435897436,-1.2882051282051283,-1.435897435897436,47.0,48.0,44.0,46.0,41.0,47.0,43.0,38.0,8.4704,0,7.364,0,0,0,0,0,0,7.4784,0,7.4664
1773868967.9570541,0.7435897435897436,5,0.0,0.7315897435897436,1.435897435897436,-1.2882051282051283,-1.435897435897436,-1.2882051282051283,-1.435897435897436,47.0,48.0,44.0,46.0,41.0,47.0,43.0,0.0,0,0,0,7.4632,0,0,7.3376,0,7.7232,0,0,0
1773868967.9592292,0.7435897435897436,6,0.0,0.7315897435897436,1.435897435897436,-1.2882051282051283,-1.435897435897436,-1.2882051282051283,-1.435897435897436,47.0,48.0,44.0,46.0,41.0,47.0,43.0,40.0,7.9064,0,7.5464,0,0,0,0,0,0,8.3568,0,7.4688
1773868967.961255,0.7435897435897436,7,0.0,0.7315897435897436,1.435897435897436,-1.2882051282051283,-1.435897435897436,-1.2882051282051283,-1.435897435897436,47.0,48.0,44.0,46.0,41.0,47.0,43.0,41.0,7.4896,0,7.6808,0,0,0,0,0,0,7.464,0,7.4784
1773868967.9629755,0.7435897435897436,8,0.0,0.7315897435897436,1.435897435897436,-1.2882051282051283,-1.435897435897436,-1.2882051282051283,-1.435897435897436,47.0,48.0,44.0,46.0,41.0,47.0,43.0,41.0,7.4688,0,7.4832,0,0,0,0,0,0,7.48,0,7.692
1773868968.1661527,0.717948717948718,0,0.0,0.6997487179487181,1.4044871794871794,-1.260025641025641,-1.4044871794871794,-1.260025641025641,-1.4044871794871794,47.0,48.0,44.0,46.0,41.0,47.0,43.0,40.0,7.6088,0,8.0136,0,0,0,0,0,0,7.9544,0,7.868
1773868968.167802,0.717948717948718,1,0.0,0.6997487179487181,1.4044871794871794,-1.260025641025641,-1.4044871794871794,-1.260025641025641,-1.4044871794871794,47.0,48.0,44.0,46.0,41.0,47.0,43.0,0.0,0,0,0,7.7416,0,0,7.56,0,7.7224,0,0,0
1773868968.16909,0.717948717948718,2,0.0,0.6997487179487181,1.4044871794871794,-1.260025641025641,-1.4044871794871794,-1.260025641025641,-1.4044871794871794,47.0,48.0,44.0,46.0,41.0,47.0,43.0,37.0,7.6688,0,7.024,0,0,0,0,0,0,7.6376,0,7.4992
1773868968.1705995,0.717948717948718,3,0.0,0.6997487179487181,1.4044871794871794,-1.260025641025641,-1.4044871794871794,-1.260025641025641,-1.4044871794871794,47.0,48.0,44.0,46.0,41.0,47.0,43.0,0.0,0,0,0,7.4576,0,0,7.2576,0,7.7392,0,0,0
1773868968.1720643,0.717948717948718,4,0.0,0.6997487179487181,1.4044871794871794,-1.260025641025641,-1.4044871794871794,-1.260025641025641,-1.4044871794871794,47.0,48.0,44.0,46.0,41.0,47.0,43.0,38.0,8.4712,0,7.3648,0,0,0,0,0,0,7.4792,0,7.4664
1773868968.1760788,0.717948717948718,5,0.0,0.6997487179487181,1.4044871794871794,-1.260025641025641,-1.4044871794871794,-1.260025641025641,-1.4044871794871794,47.0,48.0,44.0,46.0,41.0,47.0,43.0,0.0,0,0,0,7.4624,0,0,7.3392,0,7.7232,0,0,0
1773868968.1786675,0.717948717948718,6,0.0,0.6997487179487181,1.4044871794871794,-1.260025641025641,-1.4044871794871794,-1.260025641025641,-1.4044871794871794,47.0,48.0,44.0,46.0,41.0,47.0,43.0,40.0,7.9072,0,7.5456,0,0,0,0,0,0,8.3576,0,7.4688
1773868968.1809225,0.717948717948718,7,0.0,0.6997487179487181,1.4044871794871794,-1.260025641025641,-1.4044871794871794,-1.260025641025641,-1.4044871794871794,47.0,48.0,44.0,46.0,41.0,47.0,43.0,41.0,7.4904,0,7.6816,0,0,0,0,0,0,7.464,0,7.4784
1773868968.1836832,0.717948717948718,8,0.0,0.6997487179487181,1.4044871794871794,-1.260025641025641,-1.4044871794871794,-1.260025641025641,-1.4044871794871794,47.0,48.0,44.0,46.0,41.0,47.0,43.0,41.0,7.468,0,7.484,0,0,0,0,0,0,7.48,0,7.6912
1773868968.3881862,0.6923076923076923,0,0.0,0.6679076923076923,1.373076923076923,-1.2318461538461538,-1.373076923076923,-1.2318461538461538,-1.373076923076923,47.0,48.0,44.0,46.0,41.0,47.0,43.0,40.0,7.6088,0,8.0128,0,0,0,0,0,0,7.9544,0,7.8696
1773868968.3900855,0.6923076923076923,1,0.0,0.6679076923076923,1.373076923076923,-1.2318461538461538,-1.373076923076923,-1.2318461538461538,-1.373076923076923,47.0,48.0,44.0,46.0,41.0,47.0,43.0,0.0,0,0,0,7.7384,0,0,7.56,0,7.7216,0,0,0
1773868968.3916895,0.6923076923076923,2,0.0,0.6679076923076923,1.373076923076923,-1.2318461538461538,-1.373076923076923,-1.2318461538461538,-1.373076923076923,47.0,48.0,44.0,46.0,41.0,47.0,43.0,37.0,7.6688,0,7.0248,0,0,0,0,0,0,7.6384,0,7.4992
1773868968.3937535,0.6923076923076923,3,0.0,0.6679076923076923,1.373076923076923,-1.2318461538461538,-1.373076923076923,-1.2318461538461538,-1.373076923076923,47.0,48.0,44.0,46.0,41.0,47.0,43.0,0.0,0,0,0,7.4568,0,0,7.2584,0,7.74,0,0,0
1773868968.395945,0.6923076923076923,4,0.0,0.6679076923076923,1.373076923076923,-1.2318461538461538,-1.373076923076923,-1.2318461538461538,-1.373076923076923,47.0,48.0,44.0,46.0,41.0,47.0,43.0,38.0,8.4704,0,7.364,0,0,0,0,0,0,7.4792,0,7.4664
1773868968.3979921,0.6923076923076923,5,0.0,0.6679076923076923,1.373076923076923,-1.2318461538461538,-1.373076923076923,-1.2318461538461538,-1.373076923076923,47.0,48.0,44.0,46.0,41.0,47.0,43.0,0.0,0,0,0,7.4624,0,0,7.3384,0,7.724,0,0,0
1773868968.3995914,0.6923076923076923,6,0.0,0.6679076923076923,1.373076923076923,-1.2318461538461538,-1.373076923076923,-1.2318461538461538,-1.373076923076923,47.0,48.0,44.0,46.0,41.0,47.0,43.0,40.0,7.908,0,7.5472,0,0,0,0,0,0,8.3568,0,7.4672
1773868968.4016435,0.6923076923076923,7,0.0,0.6679076923076923,1.373076923076923,-1.2318461538461538,-1.373076923076923,-1.2318461538461538,-1.373076923076923,47.0,48.0,44.0,46.0,41.0,47.0,43.0,41.0,7.4904,0,7.6808,0,0,0,0,0,0,7.4648,0,7.4776
1773868968.404597,0.6923076923076923,8,0.0,0.6679076923076923,1.373076923076923,-1.2318461538461538,-1.373076923076923,-1.2318461538461538,-1.373076923076923,47.0,48.0,44.0,46.0,41.0,47.0,43.0,41.0,7.468,0,7.4824,0,0,0,0,0,0,7.48,0,7.6928
1773868968.608838,0.6666666666666667,0,0.0,0.6360666666666668,1.3416666666666668,-1.2036666666666667,-1.3416666666666668,-1.2036666666666667,-1.3416666666666668,47.0,48.0,44.0,46.0,41.0,47.0,43.0,40.0,7.608,0,8.0136,0,0,0,0,0,0,7.9544,0,7.8688
1773868968.6109655,0.6666666666666667,1,0.0,0.6360666666666668,1.3416666666666668,-1.2036666666666667,-1.3416666666666668,-1.2036666666666667,-1.3416666666666668,47.0,48.0,44.0,46.0,41.0,47.0,43.0,0.0,0,0,0,7.7384,0,0,7.5592,0,7.72,0,0,0
1773868968.6123357,0.6666666666666667,2,0.0,0.6360666666666668,1.3416666666666668,-1.2036666666666667,-1.3416666666666668,-1.2036666666666667,-1.3416666666666668,47.0,48.0,44.0,46.0,41.0,47.0,43.0,37.0,7.668,0,7.0248,0,0,0,0,0,0,7.6384,0,7.4992
1773868968.6139097,0.6666666666666667,3,0.0,0.6360666666666668,1.3416666666666668,-1.2036666666666667,-1.3416666666666668,-1.2036666666666667,-1.3416666666666668,47.0,48.0,44.0,46.0,41.0,47.0,43.0,0.0,0,0,0,7.4576,0,0,7.2568,0,7.74,0,0,0
1773868968.6157448,0.6666666666666667,4,0.0,0.6360666666666668,1.3416666666666668,-1.2036666666666667,-1.3416666666666668,-1.2036666666666667,-1.3416666666666668,47.0,48.0,44.0,46.0,41.0,47.0,43.0,38.0,8.472,0,7.3632,0,0,0,0,0,0,7.4792,0,7.4664
1773868968.6178641,0.6666666666666667,5,0.0,0.6360666666666668,1.3416666666666668,-1.2036666666666667,-1.3416666666666668,-1.2036666666666667,-1.3416666666666668,47.0,48.0,44.0,46.0,41.0,47.0,43.0,0.0,0,0,0,7.4616,0,0,7.3392,0,7.724,0,0,0
1773868968.6195776,0.6666666666666667,6,0.0,0.6360666666666668,1.3416666666666668,-1.2036666666666667,-1.3416666666666668,-1.2036666666666667,-1.3416666666666668,47.0,48.0,44.0,46.0,41.0,47.0,43.0,40.0,7.908,0,7.5472,0,0,0,0,0,0,8.356,0,7.4688
1773868968.6221797,0.6666666666666667,7,0.0,0.6360666666666668,1.3416666666666668,-1.2036666666666667,-1.3416666666666668,-1.2036666666666667,-1.3416666666666668,47.0,48.0,44.0,46.0,41.0,47.0,43.0,41.0,7.492,0,7.6808,0,0,0,0,0,0,7.464,0,7.4784
1773868968.6242034,0.6666666666666667,8,0.0,0.6360666666666668,1.3416666666666668,-1.2036666666666667,-1.3416666666666668,-1.2036666666666667,-1.3416666666666668,47.0,48.0,44.0,46.0,41.0,47.0,43.0,41.0,7.468,0,7.4832,0,0,0,0,0,0,7.4808,0,7.6936
1773868968.828154,0.641025641025641,0,0.0,0.604225641025641,1.3102564102564103,-1.1754871794871795,-1.3102564102564103,-1.1754871794871795,-1.3102564102564103,47.0,48.0,44.0,46.0,41.0,47.0,43.0,40.0,7.6088,0,8.0152,0,0,0,0,0,0,7.9544,0,7.8696
1773868968.830004,0.641025641025641,1,0.0,0.604225641025641,1.3102564102564103,-1.1754871794871795,-1.3102564102564103,-1.1754871794871795,-1.3102564102564103,47.0,48.0,44.0,46.0,41.0,47.0,43.0,0.0,0,0,0,7.7376,0,0,7.56,0,7.7208,0,0,0
1773868968.8315065,0.641025641025641,2,0.0,0.604225641025641,1.3102564102564103,-1.1754871794871795,-1.3102564102564103,-1.1754871794871795,-1.3102564102564103,47.0,48.0,44.0,46.0,41.0,47.0,43.0,37.0,7.6696,0,7.0256,0,0,0,0,0,0,7.6392,0,7.5
1773868968.8328755,0.641025641025641,3,0.0,0.604225641025641,1.3102564102564103,-1.1754871794871795,-1.3102564102564103,-1.1754871794871795,-1.3102564102564103,47.0,48.0,44.0,46.0,41.0,47.0,43.0,0.0,0,0,0,7.4584,0,0,7.2592,0,7.74,0,0,0
1773868968.8345516,0.641025641025641,4,0.0,0.604225641025641,1.3102564102564103,-1.1754871794871795,-1.3102564102564103,-1.1754871794871795,-1.3102564102564103,47.0,48.0,44.0,46.0,41.0,47.0,43.0,38.0,8.4712,0,7.3648,0,0,0,0,0,0,7.4784,0,7.4664
1773868968.83601,0.641025641025641,5,0.0,0.604225641025641,1.3102564102564103,-1.1754871794871795,-1.3102564102564103,-1.1754871794871795,-1.3102564102564103,47.0,48.0,44.0,46.0,41.0,47.0,43.0,0.0,0,0,0,7.4624,0,0,7.34,0,7.7248,0,0,0
1773868968.8381336,0.641025641025641,6,0.0,0.604225641025641,1.3102564102564103,-1.1754871794871795,-1.3102564102564103,-1.1754871794871795,-1.3102564102564103,47.0,48.0,44.0,46.0,41.0,47.0,43.0,40.0,7.9072,0,7.5464,0,0,0,0,0,0,8.3568,0,7.4688
1773868968.8400671,0.641025641025641,7,0.0,0.604225641025641,1.3102564102564103,-1.1754871794871795,-1.3102564102564103,-1.1754871794871795,-1.3102564102564103,47.0,48.0,44.0,46.0,41.0,47.0,43.0,41.0,7.4912,0,7.6808,0,0,0,0,0,0,7.4648,0,7.4792
1773868968.842075,0.641025641025641,8,0.0,0.604225641025641,1.3102564102564103,-1.1754871794871795,-1.3102564102564103,-1.1754871794871795,-1.3102564102564103,47.0,48.0,44.0,46.0,41.0,47.0,43.0,41.0,7.468,0,7.4832,0,0,0,0,0,0,7.48,0,7.692
1773868969.045648,0.6153846153846154,0,0.0,0.5723846153846155,1.2788461538461537,-1.1473076923076924,-1.2788461538461537,-1.1473076923076924,-1.2788461538461537,47.0,48.0,44.0,46.0,41.0,47.0,43.0,40.0,7.6088,0,8.0144,0,0,0,0,0,0,7.9536,0,7.8688
1773868969.0475543,0.6153846153846154,1,0.0,0.5723846153846155,1.2788461538461537,-1.1473076923076924,-1.2788461538461537,-1.1473076923076924,-1.2788461538461537,47.0,48.0,44.0,46.0,41.0,47.0,43.0,0.0,0,0,0,7.7368,0,0,7.56,0,7.7208,0,0,0
1773868969.0496266,0.6153846153846154,2,0.0,0.5723846153846155,1.2788461538461537,-1.1473076923076924,-1.2788461538461537,-1.1473076923076924,-1.2788461538461537,47.0,48.0,44.0,46.0,41.0,47.0,43.0,37.0,7.6688,0,7.0264,0,0,0,0,0,0,7.64,0,7.5
1773868969.0515835,0.6153846153846154,3,0.0,0.5723846153846155,1.2788461538461537,-1.1473076923076924,-1.2788461538461537,-1.1473076923076924,-1.2788461538461537,47.0,48.0,44.0,46.0,41.0,47.0,43.0,0.0,0,0,0,7.4584,0,0,7.2592,0,7.7408,0,0,0
1773868969.0536568,0.6153846153846154,4,0.0,0.5723846153846155,1.2788461538461537,-1.1473076923076924,-1.2788461538461537,-1.1473076923076924,-1.2788461538461537,47.0,48.0,44.0,46.0,41.0,47.0,43.0,38.0,8.472,0,7.3648,0,0,0,0,0,0,7.4792,0,7.4672
1773868969.0559332,0.6153846153846154,5,0.0,0.5723846153846155,1.2788461538461537,-1.1473076923076924,-1.2788461538461537,-1.1473076923076924,-1.2788461538461537,47.0,48.0,44.0,46.0,41.0,47.0,43.0,0.0,0,0,0,7.4632,0,0,7.3408,0,7.7256,0,0,0
1773868969.0584683,0.6153846153846154,6,0.0,0.5723846153846155,1.2788461538461537,-1.1473076923076924,-1.2788461538461537,-1.1473076923076924,-1.2788461538461537,47.0,48.0,44.0,46.0,41.0,47.0,43.0,40.0,7.908,0,7.5456,0,0,0,0,0,0,8.3576,0,7.4688
1773868969.0605116,0.6153846153846154,7,0.0,0.5723846153846155,1.2788461538461537,-1.1473076923076924,-1.2788461538461537,-1.1473076923076924,-1.2788461538461537,47.0,48.0,44.0,46.0,41.0,47.0,43.0,41.0,7.4912,0,7.6808,0,0,0,0,0,0,7.4648,0,7.4784
1773868969.063085,0.6153846153846154,8,0.0,0.5723846153846155,1.2788461538461537,-1.1473076923076924,-1.2788461538461537,-1.1473076923076924,-1.2788461538461537,47.0,48.0,44.0,46.0,41.0,47.0,43.0,41.0,7.4688,0,7.4832,0,0,0,0,0,0,7.4816,0,7.6912
1773868969.2669497,0.5897435897435898,0,0.0,0.5405435897435898,1.2474358974358974,-1.119128205128205,-1.2474358974358974,-1.119128205128205,-1.2474358974358974,47.0,48.0,44.0,46.0,41.0,47.0,43.0,40.0,7.6088,0,8.0144,0,0,0,0,0,0,7.9544,0,7.8696
1773868969.2687435,0.5897435897435898,1,0.0,0.5405435897435898,1.2474358974358974,-1.119128205128205,-1.2474358974358974,-1.119128205128205,-1.2474358974358974,47.0,48.0,44.0,46.0,41.0,47.0,43.0,0.0,0,0,0,7.736,0,0,7.56,0,7.72,0,0,0
1773868969.2703311,0.5897435897435898,2,0.0,0.5405435897435898,1.2474358974358974,-1.119128205128205,-1.2474358974358974,-1.119128205128205,-1.2474358974358974,47.0,48.0,44.0,46.0,41.0,47.0,43.0,37.0,7.6704,0,7.0272,0,0,0,0,0,0,7.6392,0,7.4992
1773868969.2716906,0.5897435897435898,3,0.0,0.5405435897435898,1.2474358974358974,-1.119128205128205,-1.2474358974358974,-1.119128205128205,-1.2474358974358974,47.0,48.0,44.0,46.0,41.0,47.0,43.0,0.0,0,0,0,7.4576,0,0,7.26,0,7.74,0,0,0
1773868969.2735138,0.5897435897435898,4,0.0,0.5405435897435898,1.2474358974358974,-1.119128205128205,-1.2474358974358974,-1.119128205128205,-1.2474358974358974,47.0,48.0,44.0,46.0,41.0,47.0,43.0,38.0,8.472,0,7.3648,0,0,0,0,0,0,7.4792,0,7.4672
1773868969.275542,0.5897435897435898,5,0.0,0.5405435897435898,1.2474358974358974,-1.119128205128205,-1.2474358974358974,-1.119128205128205,-1.2474358974358974,47.0,48.0,44.0,46.0,41.0,47.0,43.0,0.0,0,0,0,7.4624,0,0,7.3416,0,7.7256,0,0,0
1773868969.27787,0.5897435897435898,6,0.0,0.5405435897435898,1.2474358974358974,-1.119128205128205,-1.2474358974358974,-1.119128205128205,-1.2474358974358974,47.0,48.0,44.0,46.0,41.0,47.0,43.0,40.0,7.9096,0,7.5464,0,0,0,0,0,0,8.3584,0,7.4696
1773868969.2796185,0.5897435897435898,7,0.0,0.5405435897435898,1.2474358974358974,-1.119128205128205,-1.2474358974358974,-1.119128205128205,-1.2474358974358974,47.0,48.0,44.0,46.0,41.0,47.0,43.0,41.0,7.4912,0,7.6824,0,0,0,0,0,0,7.4648,0,7.4792
1773868969.2820556,0.5897435897435898,8,0.0,0.5405435897435898,1.2474358974358974,-1.119128205128205,-1.2474358974358974,-1.119128205128205,-1.2474358974358974,47.0,48.0,44.0,46.0,41.0,47.0,43.0,41.0,7.4688,0,7.4832,0,0,0,0,0,0,7.48,0,7.6912
1773868969.4861908,0.5641025641025641,0,0.0,0.5087025641025641,1.2160256410256411,-1.0909487179487178,-1.2160256410256411,-1.0909487179487178,-1.2160256410256411,47.0,48.0,44.0,46.0,41.0,47.0,43.0,40.0,7.6088,0,8.0144,0,0,0,0,0,0,7.9544,0,7.8688
1773868969.4881158,0.5641025641025641,1,0.0,0.5087025641025641,1.2160256410256411,-1.0909487179487178,-1.2160256410256411,-1.0909487179487178,-1.2160256410256411,47.0,48.0,44.0,46.0,41.0,47.0,43.0,0.0,0,0,0,7.7368,0,0,7.5584,0,7.7192,0,0,0
1773868969.4896407,0.5641025641025641,2,0.0,0.5087025641025641,1.2160256410256411,-1.0909487179487178,-1.2160256410256411,-1.0909487179487178,-1.2160256410256411,47.0,48.0,44.0,46.0,41.0,47.0,43.0,37.0,7.6688,0,7.0264,0,0,0,0,0,0,7.6392,0,7.4984
1773868969.4911397,0.5641025641025641,3,0.0,0.5087025641025641,1.2160256410256411,-1.0909487179487178,-1.2160256410256411,-1.0909487179487178,-1.2160256410256411,47.0,48.0,44.0,46.0,41.0,47.0,43.0,0.0,0,0,0,7.4568,0,0,7.26,0,7.7408,0,0,0
1773868969.492626,0.5641025641025641,4,0.0,0.5087025641025641,1.2160256410256411,-1.0909487179487178,-1.2160256410256411,-1.0909487179487178,-1.2160256410256411,47.0,48.0,44.0,46.0,41.0,47.0,43.0,38.0,8.4728,0,7.3648,0,0,0,0,0,0,7.4792,0,7.4664
1773868969.4945893,0.5641025641025641,5,0.0,0.5087025641025641,1.2160256410256411,-1.0909487179487178,-1.2160256410256411,-1.0909487179487178,-1.2160256410256411,47.0,48.0,44.0,46.0,41.0,47.0,43.0,0.0,0,0,0,7.4632,0,0,7.3408,0,7.728,0,0,0
1773868969.4965868,0.5641025641025641,6,0.0,0.5087025641025641,1.2160256410256411,-1.0909487179487178,-1.2160256410256411,-1.0909487179487178,-1.2160256410256411,47.0,48.0,44.0,46.0,41.0,47.0,43.0,40.0,7.9072,0,7.5472,0,0,0,0,0,0,8.3584,0,7.4696
1773868969.4985614,0.5641025641025641,7,0.0,0.5087025641025641,1.2160256410256411,-1.0909487179487178,-1.2160256410256411,-1.0909487179487178,-1.2160256410256411,47.0,48.0,44.0,46.0,41.0,47.0,43.0,41.0,7.4912,0,7.6808,0,0,0,0,0,0,7.464,0,7.4792
1773868969.5007303,0.5641025641025641,8,0.0,0.5087025641025641,1.2160256410256411,-1.0909487179487178,-1.2160256410256411,-1.0909487179487178,-1.2160256410256411,47.0,48.0,44.0,46.0,41.0,47.0,43.0,41.0,7.468,0,7.4832,0,0,0,0,0,0,7.4808,0,7.692
1773868969.7051623,0.5384615384615385,0,0.0,0.47686153846153856,1.1846153846153846,-1.0627692307692307,-1.1846153846153846,-1.0627692307692307,-1.1846153846153846,47.0,48.0,44.0,46.0,41.0,47.0,43.0,40.0,7.6096,0,8.0152,0,0,0,0,0,0,7.9544,0,7.8696
1773868969.7070749,0.5384615384615385,1,0.0,0.47686153846153856,1.1846153846153846,-1.0627692307692307,-1.1846153846153846,-1.0627692307692307,-1.1846153846153846,47.0,48.0,44.0,46.0,41.0,47.0,43.0,0.0,0,0,0,7.736,0,0,7.5592,0,7.7184,0,0,0
1773868969.7084537,0.5384615384615385,2,0.0,0.47686153846153856,1.1846153846153846,-1.0627692307692307,-1.1846153846153846,-1.0627692307692307,-1.1846153846153846,47.0,48.0,44.0,46.0,41.0,47.0,43.0,37.0,7.668,0,7.0272,0,0,0,0,0,0,7.64,0,7.4992
1773868969.7097182,0.5384615384615385,3,0.0,0.47686153846153856,1.1846153846153846,-1.0627692307692307,-1.1846153846153846,-1.0627692307692307,-1.1846153846153846,47.0,48.0,44.0,46.0,41.0,47.0,43.0,0.0,0,0,0,7.4576,0,0,7.26,0,7.7408,0,0,0
1773868969.7110481,0.5384615384615385,4,0.0,0.47686153846153856,1.1846153846153846,-1.0627692307692307,-1.1846153846153846,-1.0627692307692307,-1.1846153846153846,47.0,48.0,44.0,46.0,41.0,47.0,43.0,38.0,8.4728,0,7.3656,0,0,0,0,0,0,7.4784,0,7.4672
1773868969.712508,0.5384615384615385,5,0.0,0.47686153846153856,1.1846153846153846,-1.0627692307692307,-1.1846153846153846,-1.0627692307692307,-1.1846153846153846,47.0,48.0,44.0,46.0,41.0,47.0,43.0,0.0,0,0,0,7.4632,0,0,7.3432,0,7.7264,0,0,0
1773868969.7144148,0.5384615384615385,6,0.0,0.47686153846153856,1.1846153846153846,-1.0627692307692307,-1.1846153846153846,-1.0627692307692307,-1.1846153846153846,47.0,48.0,44.0,46.0,41.0,47.0,43.0,40.0,7.9072,0,7.5464,0,0,0,0,0,0,8.3584,0,7.4672
1773868969.7158184,0.5384615384615385,7,0.0,0.47686153846153856,1.1846153846153846,-1.0627692307692307,-1.1846153846153846,-1.0627692307692307,-1.1846153846153846,47.0,48.0,44.0,46.0,41.0,47.0,43.0,41.0,7.4912,0,7.68,0,0,0,0,0,0,7.4648,0,7.4776
1773868969.717187,0.5384615384615385,8,0.0,0.47686153846153856,1.1846153846153846,-1.0627692307692307,-1.1846153846153846,-1.0627692307692307,-1.1846153846153846,47.0,48.0,44.0,46.0,41.0,47.0,43.0,41.0,7.468,0,7.484,0,0,0,0,0,0,7.48,0,7.692
1773868969.92058,0.5128205128205128,0,0.0,0.4450205128205129,1.153205128205128,-1.0345897435897435,-1.153205128205128,-1.0345897435897435,-1.153205128205128,47.0,48.0,44.0,46.0,41.0,47.0,43.0,40.0,7.608,0,8.0144,0,0,0,0,0,0,7.9544,0,7.8704
1773868969.9222686,0.5128205128205128,1,0.0,0.4450205128205129,1.153205128205128,-1.0345897435897435,-1.153205128205128,-1.0345897435897435,-1.153205128205128,47.0,48.0,44.0,46.0,41.0,47.0,43.0,0.0,0,0,0,7.7344,0,0,7.56,0,7.72,0,0,0
1773868969.9239607,0.5128205128205128,2,0.0,0.4450205128205129,1.153205128205128,-1.0345897435897435,-1.153205128205128,-1.0345897435897435,-1.153205128205128,47.0,48.0,44.0,46.0,41.0,47.0,43.0,37.0,7.6704,0,7.028,0,0,0,0,0,0,7.6384,0,7.5
1773868969.9251285,0.5128205128205128,3,0.0,0.4450205128205129,1.153205128205128,-1.0345897435897435,-1.153205128205128,-1.0345897435897435,-1.153205128205128,47.0,48.0,44.0,46.0,41.0,47.0,43.0,0.0,0,0,0,7.4576,0,0,7.2608,0,7.7424,0,0,0
1773868969.9265301,0.5128205128205128,4,0.0,0.4450205128205129,1.153205128205128,-1.0345897435897435,-1.153205128205128,-1.0345897435897435,-1.153205128205128,47.0,48.0,44.0,46.0,41.0,47.0,43.0,38.0,8.4736,0,7.3656,0,0,0,0,0,0,7.48,0,7.4672
1773868969.927907,0.5128205128205128,5,0.0,0.4450205128205129,1.153205128205128,-1.0345897435897435,-1.153205128205128,-1.0345897435897435,-1.153205128205128,47.0,48.0,44.0,46.0,41.0,47.0,43.0,0.0,0,0,0,7.4624,0,0,7.3424,0,7.7272,0,0,0
1773868969.930408,0.5128205128205128,6,0.0,0.4450205128205129,1.153205128205128,-1.0345897435897435,-1.153205128205128,-1.0345897435897435,-1.153205128205128,47.0,48.0,44.0,46.0,41.0,47.0,43.0,40.0,7.9072,0,7.5464,0,0,0,0,0,0,8.3576,0,7.468
1773868969.932451,0.5128205128205128,7,0.0,0.4450205128205129,1.153205128205128,-1.0345897435897435,-1.153205128205128,-1.0345897435897435,-1.153205128205128,47.0,48.0,44.0,46.0,41.0,47.0,43.0,41.0,7.4912,0,7.6808,0,0,0,0,0,0,7.4664,0,7.4792
1773868969.9344687,0.5128205128205128,8,0.0,0.4450205128205129,1.153205128205128,-1.0345897435897435,-1.153205128205128,-1.0345897435897435,-1.153205128205128,47.0,48.0,44.0,46.0,41.0,47.0,43.0,41.0,7.468,0,7.4832,0,0,0,0,0,0,7.4808,0,7.692
1773868970.1384583,0.4871794871794872,0,0.0,0.41317948717948727,1.1217948717948718,-1.0064102564102564,-1.1217948717948718,-1.0064102564102564,-1.1217948717948718,47.0,48.0,44.0,46.0,41.0,47.0,43.0,40.0,7.608,0,8.0144,0,0,0,0,0,0,7.9544,0,7.8704
1773868970.140289,0.4871794871794872,1,0.0,0.41317948717948727,1.1217948717948718,-1.0064102564102564,-1.1217948717948718,-1.0064102564102564,-1.1217948717948718,47.0,48.0,44.0,46.0,41.0,47.0,43.0,0.0,0,0,0,7.7344,0,0,7.56,0,7.72,0,0,0
1773868970.1416852,0.4871794871794872,2,0.0,0.41317948717948727,1.1217948717948718,-1.0064102564102564,-1.1217948717948718,-1.0064102564102564,-1.1217948717948718,47.0,48.0,44.0,46.0,41.0,47.0,43.0,37.0,7.6704,0,7.028,0,0,0,0,0,0,7.6384,0,7.5
1773868970.143657,0.4871794871794872,3,0.0,0.41317948717948727,1.1217948717948718,-1.0064102564102564,-1.1217948717948718,-1.0064102564102564,-1.1217948717948718,47.0,48.0,44.0,46.0,41.0,47.0,43.0,0.0,0,0,0,7.4576,0,0,7.2608,0,7.7424,0,0,0
1773868970.1453638,0.4871794871794872,4,0.0,0.41317948717948727,1.1217948717948718,-1.0064102564102564,-1.1217948717948718,-1.0064102564102564,-1.1217948717948718,47.0,48.0,44.0,46.0,41.0,47.0,43.0,38.0,8.4736,0,7.3656,0,0,0,0,0,0,7.48,0,7.4672
1773868970.1472452,0.4871794871794872,5,0.0,0.41317948717948727,1.1217948717948718,-1.0064102564102564,-1.1217948717948718,-1.0064102564102564,-1.1217948717948718,47.0,48.0,44.0,46.0,41.0,47.0,43.0,0.0,0,0,0,7.4624,0,0,7.3424,0,7.7272,0,0,0
1773868970.1486468,0.4871794871794872,6,0.0,0.41317948717948727,1.1217948717948718,-1.0064102564102564,-1.1217948717948718,-1.0064102564102564,-1.1217948717948718,47.0,48.0,44.0,46.0,41.0,47.0,43.0,40.0,7.9072,0,7.5464,0,0,0,0,0,0,8.3576,0,7.468
1773868970.1503806,0.4871794871794872,7,0.0,0.41317948717948727,1.1217948717948718,-1.0064102564102564,-1.1217948717948718,-1.0064102564102564,-1.1217948717948718,47.0,48.0,44.0,46.0,41.0,47.0,43.0,41.0,7.4912,0,7.6808,0,0,0,0,0,0,7.4664,0,7.4792
1773868970.1525896,0.4871794871794872,8,0.0,0.41317948717948727,1.1217948717948718,-1.0064102564102564,-1.1217948717948718,-1.0064102564102564,-1.1217948717948718,47.0,48.0,44.0,46.0,41.0,47.0,43.0,41.0,7.468,0,7.4832,0,0,0,0,0,0,7.4808,0,7.692
1773868970.35524,0.46153846153846156,0,0.0,0.3813384615384616,1.0903846153846155,-0.9782307692307692,-1.0903846153846155,-0.9782307692307692,-1.0903846153846155,47.0,48.0,44.0,46.0,41.0,47.0,43.0,40.0,7.6096,0,8.0168,0,0,0,0,0,0,7.9552,0,7.8696
1773868970.355984,0.46153846153846156,1,0.0,0.3813384615384616,1.0903846153846155,-0.9782307692307692,-1.0903846153846155,-0.9782307692307692,-1.0903846153846155,47.0,48.0,44.0,46.0,41.0,47.0,43.0,0.0,0,0,0,7.7344,0,0,7.5584,0,7.7208,0,0,0
1773868970.356416,0.46153846153846156,2,0.0,0.3813384615384616,1.0903846153846155,-0.9782307692307692,-1.0903846153846155,-0.9782307692307692,-1.0903846153846155,47.0,48.0,44.0,46.0,41.0,47.0,43.0,37.0,7.6704,0,7.0272,0,0,0,0,0,0,7.6392,0,7.4984
1773868970.3568022,0.46153846153846156,3,0.0,0.3813384615384616,1.0903846153846155,-0.9782307692307692,-1.0903846153846155,-0.9782307692307692,-1.0903846153846155,47.0,48.0,44.0,46.0,41.0,47.0,43.0,0.0,0,0,0,7.4576,0,0,7.2616,0,7.7432,0,0,0
1773868970.3571017,0.46153846153846156,4,0.0,0.3813384615384616,1.0903846153846155,-0.9782307692307692,-1.0903846153846155,-0.9782307692307692,-1.0903846153846155,47.0,48.0,44.0,46.0,41.0,47.0,43.0,38.0,8.4744,0,7.3648,0,0,0,0,0,0,7.4792,0,7.4672
1773868970.357407,0.46153846153846156,5,0.0,0.3813384615384616,1.0903846153846155,-0.9782307692307692,-1.0903846153846155,-0.9782307692307692,-1.0903846153846155,47.0,48.0,44.0,46.0,41.0,47.0,43.0,0.0,0,0,0,7.4624,0,0,7.3448,0,7.7272,0,0,0
1773868970.3576987,0.46153846153846156,6,0.0,0.3813384615384616,1.0903846153846155,-0.9782307692307692,-1.0903846153846155,-0.9782307692307692,-1.0903846153846155,47.0,48.0,44.0,46.0,41.0,47.0,43.0,40.0,7.9088,0,7.5464,0,0,0,0,0,0,8.3592,0,7.4696
1773868970.3580072,0.46153846153846156,7,0.0,0.3813384615384616,1.0903846153846155,-0.9782307692307692,-1.0903846153846155,-0.9782307692307692,-1.0903846153846155,47.0,48.0,44.0,46.0,41.0,47.0,43.0,41.0,7.4928,0,7.6816,0,0,0,0,0,0,7.4664,0,7.4784
1773868970.3583283,0.46153846153846156,8,0.0,0.3813384615384616,1.0903846153846155,-0.9782307692307692,-1.0903846153846155,-0.9782307692307692,-1.0903846153846155,47.0,48.0,44.0,46.0,41.0,47.0,43.0,41.0,7.4688,0,7.484,0,0,0,0,0,0,7.4816,0,7.6928
1773868970.5600405,0.4358974358974359,0,0.0,0.349497435897436,1.0589743589743588,-0.950051282051282,-1.0589743589743588,-0.950051282051282,-1.0589743589743588,47.0,48.0,44.0,46.0,41.0,47.0,43.0,40.0,7.6088,0,8.0168,0,0,0,0,0,0,7.9552,0,7.8704
1773868970.5616772,0.4358974358974359,1,0.0,0.349497435897436,1.0589743589743588,-0.950051282051282,-1.0589743589743588,-0.950051282051282,-1.0589743589743588,47.0,48.0,44.0,46.0,41.0,47.0,43.0,0.0,0,0,0,7.7352,0,0,7.5584,0,7.7208,0,0,0
1773868970.5631979,0.4358974358974359,2,0.0,0.349497435897436,1.0589743589743588,-0.950051282051282,-1.0589743589743588,-0.950051282051282,-1.0589743589743588,47.0,48.0,44.0,46.0,41.0,47.0,43.0,37.0,7.6704,0,7.028,0,0,0,0,0,0,7.6384,0,7.4992
1773868970.564893,0.4358974358974359,3,0.0,0.349497435897436,1.0589743589743588,-0.950051282051282,-1.0589743589743588,-0.950051282051282,-1.0589743589743588,47.0,48.0,44.0,46.0,41.0,47.0,43.0,0.0,0,0,0,7.4584,0,0,7.2616,0,7.7424,0,0,0
1773868970.5668242,0.4358974358974359,4,0.0,0.349497435897436,1.0589743589743588,-0.950051282051282,-1.0589743589743588,-0.950051282051282,-1.0589743589743588,47.0,48.0,44.0,46.0,41.0,47.0,43.0,38.0,8.4728,0,7.3648,0,0,0,0,0,0,7.4784,0,7.4672
1773868970.5693405,0.4358974358974359,5,0.0,0.349497435897436,1.0589743589743588,-0.950051282051282,-1.0589743589743588,-0.950051282051282,-1.0589743589743588,47.0,48.0,44.0,46.0,41.0,47.0,43.0,0.0,0,0,0,7.4624,0,0,7.3432,0,7.7272,0,0,0
1773868970.5721645,0.4358974358974359,6,0.0,0.349497435897436,1.0589743589743588,-0.950051282051282,-1.0589743589743588,-0.950051282051282,-1.0589743589743588,47.0,48.0,44.0,46.0,41.0,47.0,43.0,40.0,7.908,0,7.5472,0,0,0,0,0,0,8.3592,0,7.468
1773868970.5747366,0.4358974358974359,7,0.0,0.349497435897436,1.0589743589743588,-0.950051282051282,-1.0589743589743588,-0.950051282051282,-1.0589743589743588,47.0,48.0,44.0,46.0,41.0,47.0,43.0,41.0,7.4912,0,7.6808,0,0,0,0,0,0,7.4664,0,7.4784
1773868970.5776696,0.4358974358974359,8,0.0,0.349497435897436,1.0589743589743588,-0.950051282051282,-1.0589743589743588,-0.950051282051282,-1.0589743589743588,47.0,48.0,44.0,46.0,41.0,47.0,43.0,41.0,7.4688,0,7.484,0,0,0,0,0,0,7.4816,0,7.692
1773868970.7822576,0.41025641025641024,0,0.0,0.3176564102564102,1.0275641025641025,-0.9218717948717948,-1.0275641025641025,-0.9218717948717948,-1.0275641025641025,47.0,48.0,44.0,46.0,41.0,47.0,43.0,40.0,7.6088,0,8.0144,0,0,0,0,0,0,7.956,0,7.8704
1773868970.7839146,0.41025641025641024,1,0.0,0.3176564102564102,1.0275641025641025,-0.9218717948717948,-1.0275641025641025,-0.9218717948717948,-1.0275641025641025,47.0,48.0,44.0,46.0,41.0,47.0,43.0,0.0,0,0,0,7.7352,0,0,7.56,0,7.72,0,0,0
1773868970.7855175,0.41025641025641024,2,0.0,0.3176564102564102,1.0275641025641025,-0.9218717948717948,-1.0275641025641025,-0.9218717948717948,-1.0275641025641025,47.0,48.0,44.0,46.0,41.0,47.0,43.0,37.0,7.6696,0,7.028,0,0,0,0,0,0,7.6392,0,7.5
1773868970.7876616,0.41025641025641024,3,0.0,0.3176564102564102,1.0275641025641025,-0.9218717948717948,-1.0275641025641025,-0.9218717948717948,-1.0275641025641025,47.0,48.0,44.0,46.0,41.0,47.0,43.0,0.0,0,0,0,7.4584,0,0,7.2624,0,7.7432,0,0,0
1773868970.789572,0.41025641025641024,4,0.0,0.3176564102564102,1.0275641025641025,-0.9218717948717948,-1.0275641025641025,-0.9218717948717948,-1.0275641025641025,47.0,48.0,44.0,46.0,41.0,47.0,43.0,38.0,8.4736,0,7.3648,0,0,0,0,0,0,7.48,0,7.468
1773868970.7921584,0.41025641025641024,5,0.0,0.3176564102564102,1.0275641025641025,-0.9218717948717948,-1.0275641025641025,-0.9218717948717948,-1.0275641025641025,47.0,48.0,44.0,46.0,41.0,47.0,43.0,0.0,0,0,0,7.4632,0,0,7.3456,0,7.728,0,0,0
1773868970.7943175,0.41025641025641024,6,0.0,0.3176564102564102,1.0275641025641025,-0.9218717948717948,-1.0275641025641025,-0.9218717948717948,-1.0275641025641025,47.0,48.0,44.0,46.0,41.0,47.0,43.0,40.0,7.9088,0,7.5464,0,0,0,0,0,0,8.3584,0,7.4688
1773868970.7967038,0.41025641025641024,7,0.0,0.3176564102564102,1.0275641025641025,-0.9218717948717948,-1.0275641025641025,-0.9218717948717948,-1.0275641025641025,47.0,48.0,44.0,46.0,41.0,47.0,43.0,41.0,7.492,0,7.68,0,0,0,0,0,0,7.4656,0,7.4784
1773868970.799024,0.41025641025641024,8,0.0,0.3176564102564102,1.0275641025641025,-0.9218717948717948,-1.0275641025641025,-0.9218717948717948,-1.0275641025641025,47.0,48.0,44.0,46.0,41.0,47.0,43.0,41.0,7.4688,0,7.4832,0,0,0,0,0,0,7.4824,0,7.692
1773868971.0027785,0.3846153846153846,0,0.0,0.2858153846153846,0.9961538461538461,-0.8936923076923076,-0.9961538461538461,-0.8936923076923076,-0.9961538461538461,47.0,48.0,44.0,46.0,41.0,47.0,43.0,40.0,7.608,0,8.0168,0,0,0,0,0,0,7.9552,0,7.8696
1773868971.0042412,0.3846153846153846,1,0.0,0.2858153846153846,0.9961538461538461,-0.8936923076923076,-0.9961538461538461,-0.8936923076923076,-0.9961538461538461,47.0,48.0,44.0,46.0,41.0,47.0,43.0,0.0,0,0,0,7.7352,0,0,7.5584,0,7.72,0,0,0
1773868971.0056725,0.3846153846153846,2,0.0,0.2858153846153846,0.9961538461538461,-0.8936923076923076,-0.9961538461538461,-0.8936923076923076,-0.9961538461538461,47.0,48.0,44.0,46.0,41.0,47.0,43.0,37.0,7.6704,0,7.0288,0,0,0,0,0,0,7.6392,0,7.5
1773868971.0071366,0.3846153846153846,3,0.0,0.2858153846153846,0.9961538461538461,-0.8936923076923076,-0.9961538461538461,-0.8936923076923076,-0.9961538461538461,47.0,48.0,44.0,46.0,41.0,47.0,43.0,0.0,0,0,0,7.4584,0,0,7.2632,0,7.7432,0,0,0
1773868971.0087347,0.3846153846153846,4,0.0,0.2858153846153846,0.9961538461538461,-0.8936923076923076,-0.9961538461538461,-0.8936923076923076,-0.9961538461538461,47.0,48.0,44.0,46.0,41.0,47.0,43.0,38.0,8.4744,0,7.3664,0,0,0,0,0,0,7.4808,0,7.4664
1773868971.0110528,0.3846153846153846,5,0.0,0.2858153846153846,0.9961538461538461,-0.8936923076923076,-0.9961538461538461,-0.8936923076923076,-0.9961538461538461,47.0,48.0,44.0,46.0,41.0,47.0,43.0,0.0,0,0,0,7.4624,0,0,7.3456,0,7.728,0,0,0
1773868971.0133054,0.3846153846153846,6,0.0,0.2858153846153846,0.9961538461538461,-0.8936923076923076,-0.9961538461538461,-0.8936923076923076,-0.9961538461538461,47.0,48.0,44.0,46.0,41.0,47.0,43.0,40.0,7.9096,0,7.5472,0,0,0,0,0,0,8.3584,0,7.4696
1773868971.016026,0.3846153846153846,7,0.0,0.2858153846153846,0.9961538461538461,-0.8936923076923076,-0.9961538461538461,-0.8936923076923076,-0.9961538461538461,47.0,48.0,44.0,46.0,41.0,47.0,43.0,41.0,7.492,0,7.6808,0,0,0,0,0,0,7.4648,0,7.4792
1773868971.0181887,0.3846153846153846,8,0.0,0.2858153846153846,0.9961538461538461,-0.8936923076923076,-0.9961538461538461,-0.8936923076923076,-0.9961538461538461,47.0,48.0,44.0,46.0,41.0,47.0,43.0,41.0,7.468,0,7.4832,0,0,0,0,0,0,7.4808,0,7.6928
1773868971.2226975,0.35897435897435903,0,0.0,0.25397435897435905,0.9647435897435898,-0.8655128205128205,-0.9647435897435898,-0.8655128205128205,-0.9647435897435898,47.0,48.0,44.0,46.0,41.0,47.0,43.0,40.0,7.6088,0,8.0152,0,0,0,0,0,0,7.956,0,7.8696
1773868971.2245548,0.35897435897435903,1,0.0,0.25397435897435905,0.9647435897435898,-0.8655128205128205,-0.9647435897435898,-0.8655128205128205,-0.9647435897435898,47.0,48.0,44.0,46.0,41.0,47.0,43.0,0.0,0,0,0,7.736,0,0,7.56,0,7.7192,0,0,0
1773868971.2259707,0.35897435897435903,2,0.0,0.25397435897435905,0.9647435897435898,-0.8655128205128205,-0.9647435897435898,-0.8655128205128205,-0.9647435897435898,47.0,48.0,44.0,46.0,41.0,47.0,43.0,37.0,7.6696,0,7.0296,0,0,0,0,0,0,7.6392,0,7.5008
1773868971.227519,0.35897435897435903,3,0.0,0.25397435897435905,0.9647435897435898,-0.8655128205128205,-0.9647435897435898,-0.8655128205128205,-0.9647435897435898,47.0,48.0,44.0,46.0,41.0,47.0,43.0,0.0,0,0,0,7.4576,0,0,7.264,0,7.7464,0,0,0
1773868971.2297323,0.35897435897435903,4,0.0,0.25397435897435905,0.9647435897435898,-0.8655128205128205,-0.9647435897435898,-0.8655128205128205,-0.9647435897435898,47.0,48.0,44.0,46.0,41.0,47.0,43.0,38.0,8.4752,0,7.3664,0,0,0,0,0,0,7.4792,0,7.4672
1773868971.2321267,0.35897435897435903,5,0.0,0.25397435897435905,0.9647435897435898,-0.8655128205128205,-0.9647435897435898,-0.8655128205128205,-0.9647435897435898,47.0,48.0,44.0,46.0,41.0,47.0,43.0,0.0,0,0,0,7.4632,0,0,7.3472,0,7.7296,0,0,0
1773868971.2345562,0.35897435897435903,6,0.0,0.25397435897435905,0.9647435897435898,-0.8655128205128205,-0.9647435897435898,-0.8655128205128205,-0.9647435897435898,47.0,48.0,44.0,46.0,41.0,47.0,43.0,40.0,7.9096,0,7.5464,0,0,0,0,0,0,8.3584,0,7.4688
1773868971.236901,0.35897435897435903,7,0.0,0.25397435897435905,0.9647435897435898,-0.8655128205128205,-0.9647435897435898,-0.8655128205128205,-0.9647435897435898,47.0,48.0,44.0,46.0,41.0,47.0,43.0,41.0,7.492,0,7.6808,0,0,0,0,0,0,7.4648,0,7.4784
1773868971.2424574,0.35897435897435903,8,0.0,0.25397435897435905,0.9647435897435898,-0.8655128205128205,-0.9647435897435898,-0.8655128205128205,-0.9647435897435898,47.0,48.0,44.0,46.0,41.0,47.0,43.0,41.0,7.4688,0,7.4832,0,0,0,0,0,0,7.4808,0,7.6928
1773868971.446667,0.33333333333333337,0,0.0,0.2221333333333334,0.9333333333333333,-0.8373333333333333,-0.9333333333333333,-0.8373333333333333,-0.9333333333333333,47.0,48.0,44.0,46.0,41.0,47.0,43.0,40.0,7.6096,0,8.0184,0,0,0,0,0,0,7.9552,0,7.8704
1773868971.44855,0.33333333333333337,1,0.0,0.2221333333333334,0.9333333333333333,-0.8373333333333333,-0.9333333333333333,-0.8373333333333333,-0.9333333333333333,47.0,48.0,44.0,46.0,41.0,47.0,43.0,0.0,0,0,0,7.736,0,0,7.56,0,7.7208,0,0,0
1773868971.450634,0.33333333333333337,2,0.0,0.2221333333333334,0.9333333333333333,-0.8373333333333333,-0.9333333333333333,-0.8373333333333333,-0.9333333333333333,47.0,48.0,44.0,46.0,41.0,47.0,43.0,37.0,7.6712,0,7.0288,0,0,0,0,0,0,7.64,0,7.4984
1773868971.4525857,0.33333333333333337,3,0.0,0.2221333333333334,0.9333333333333333,-0.8373333333333333,-0.9333333333333333,-0.8373333333333333,-0.9333333333333333,47.0,48.0,44.0,46.0,41.0,47.0,43.0,0.0,0,0,0,7.4576,0,0,7.264,0,7.7448,0,0,0
1773868971.4547124,0.33333333333333337,4,0.0,0.2221333333333334,0.9333333333333333,-0.8373333333333333,-0.9333333333333333,-0.8373333333333333,-0.9333333333333333,47.0,48.0,44.0,46.0,41.0,47.0,43.0,38.0,8.4744,0,7.3664,0,0,0,0,0,0,7.48,0,7.4664
1773868971.4571724,0.33333333333333337,5,0.0,0.2221333333333334,0.9333333333333333,-0.8373333333333333,-0.9333333333333333,-0.8373333333333333,-0.9333333333333333,47.0,48.0,44.0,46.0,41.0,47.0,43.0,0.0,0,0,0,7.4624,0,0,7.348,0,7.7296,0,0,0
1773868971.4594004,0.33333333333333337,6,0.0,0.2221333333333334,0.9333333333333333,-0.8373333333333333,-0.9333333333333333,-0.8373333333333333,-0.9333333333333333,47.0,48.0,44.0,46.0,41.0,47.0,43.0,40.0,7.9096,0,7.5472,0,0,0,0,0,0,8.3592,0,7.4688
1773868971.4615633,0.33333333333333337,7,0.0,0.2221333333333334,0.9333333333333333,-0.8373333333333333,-0.9333333333333333,-0.8373333333333333,-0.9333333333333333,47.0,48.0,44.0,46.0,41.0,47.0,43.0,41.0,7.492,0,7.6816,0,0,0,0,0,0,7.4664,0,7.48
1773868971.4638844,0.33333333333333337,8,0.0,0.2221333333333334,0.9333333333333333,-0.8373333333333333,-0.9333333333333333,-0.8373333333333333,-0.9333333333333333,47.0,48.0,44.0,46.0,41.0,47.0,43.0,41.0,7.4696,0,7.4832,0,0,0,0,0,0,7.4808,0,7.692
1773868971.6688514,0.3076923076923077,0,0.0,0.19029230769230776,0.9019230769230768,-0.8091538461538461,-0.9019230769230768,-0.8091538461538461,-0.9019230769230768,47.0,48.0,44.0,46.0,41.0,47.0,43.0,40.0,7.6096,0,8.0184,0,0,0,0,0,0,7.9552,0,7.8712
1773868971.670544,0.3076923076923077,1,0.0,0.19029230769230776,0.9019230769230768,-0.8091538461538461,-0.9019230769230768,-0.8091538461538461,-0.9019230769230768,47.0,48.0,44.0,46.0,41.0,47.0,43.0,0.0,0,0,0,7.7344,0,0,7.5584,0,7.7208,0,0,0
1773868971.6722317,0.3076923076923077,2,0.0,0.19029230769230776,0.9019230769230768,-0.8091538461538461,-0.9019230769230768,-0.8091538461538461,-0.9019230769230768,47.0,48.0,44.0,46.0,41.0,47.0,43.0,37.0,7.6704,0,7.028,0,0,0,0,0,0,7.6408,0,7.5
1773868971.6738358,0.3076923076923077,3,0.0,0.19029230769230776,0.9019230769230768,-0.8091538461538461,-0.9019230769230768,-0.8091538461538461,-0.9019230769230768,47.0,48.0,44.0,46.0,41.0,47.0,43.0,0.0,0,0,0,7.4584,0,0,7.2632,0,7.7448,0,0,0
1773868971.6758914,0.3076923076923077,4,0.0,0.19029230769230776,0.9019230769230768,-0.8091538461538461,-0.9019230769230768,-0.8091538461538461,-0.9019230769230768,47.0,48.0,44.0,46.0,41.0,47.0,43.0,38.0,8.4752,0,7.3664,0,0,0,0,0,0,7.4808,0,7.4672
1773868971.6780827,0.3076923076923077,5,0.0,0.19029230769230776,0.9019230769230768,-0.8091538461538461,-0.9019230769230768,-0.8091538461538461,-0.9019230769230768,47.0,48.0,44.0,46.0,41.0,47.0,43.0,0.0,0,0,0,7.4632,0,0,7.3472,0,7.7296,0,0,0
1773868971.6796231,0.3076923076923077,6,0.0,0.19029230769230776,0.9019230769230768,-0.8091538461538461,-0.9019230769230768,-0.8091538461538461,-0.9019230769230768,47.0,48.0,44.0,46.0,41.0,47.0,43.0,40.0,7.9096,0,7.5472,0,0,0,0,0,0,8.3608,0,7.4688
1773868971.6820047,0.3076923076923077,7,0.0,0.19029230769230776,0.9019230769230768,-0.8091538461538461,-0.9019230769230768,-0.8091538461538461,-0.9019230769230768,47.0,48.0,44.0,46.0,41.0,47.0,43.0,41.0,7.492,0,7.6816,0,0,0,0,0,0,7.4648,0,7.4792
1773868971.6845467,0.3076923076923077,8,0.0,0.19029230769230776,0.9019230769230768,-0.8091538461538461,-0.9019230769230768,-0.8091538461538461,-0.9019230769230768,47.0,48.0,44.0,46.0,41.0,47.0,43.0,41.0,7.4704,0,7.4824,0,0,0,0,0,0,7.4816,0,7.6944
1773868971.8872523,0.28205128205128205,0,0.0,0.15845128205128212,0.8705128205128204,-0.7809743589743589,-0.8705128205128204,-0.7809743589743589,-0.8705128205128204,47.0,48.0,44.0,46.0,41.0,47.0,43.0,40.0,7.6088,0,8.0184,0,0,0,0,0,0,7.956,0,7.8712
1773868971.887814,0.28205128205128205,1,0.0,0.15845128205128212,0.8705128205128204,-0.7809743589743589,-0.8705128205128204,-0.7809743589743589,-0.8705128205128204,47.0,48.0,44.0,46.0,41.0,47.0,43.0,0.0,0,0,0,7.736,0,0,7.5608,0,7.7216,0,0,0
1773868971.8883388,0.28205128205128205,2,0.0,0.15845128205128212,0.8705128205128204,-0.7809743589743589,-0.8705128205128204,-0.7809743589743589,-0.8705128205128204,47.0,48.0,44.0,46.0,41.0,47.0,43.0,37.0,7.6712,0,7.0304,0,0,0,0,0,0,7.64,0,7.5
1773868971.8887672,0.28205128205128205,3,0.0,0.15845128205128212,0.8705128205128204,-0.7809743589743589,-0.8705128205128204,-0.7809743589743589,-0.8705128205128204,47.0,48.0,44.0,46.0,41.0,47.0,43.0,0.0,0,0,0,7.4592,0,0,7.2648,0,7.7464,0,0,0
1773868971.889121,0.28205128205128205,4,0.0,0.15845128205128212,0.8705128205128204,-0.7809743589743589,-0.8705128205128204,-0.7809743589743589,-0.8705128205128204,47.0,48.0,44.0,46.0,41.0,47.0,43.0,38.0,8.476,0,7.3664,0,0,0,0,0,0,7.4808,0,7.4672
1773868971.8895452,0.28205128205128205,5,0.0,0.15845128205128212,0.8705128205128204,-0.7809743589743589,-0.8705128205128204,-0.7809743589743589,-0.8705128205128204,47.0,48.0,44.0,46.0,41.0,47.0,43.0,0.0,0,0,0,7.464,0,0,7.3488,0,7.7312,0,0,0
1773868971.8899255,0.28205128205128205,6,0.0,0.15845128205128212,0.8705128205128204,-0.7809743589743589,-0.8705128205128204,-0.7809743589743589,-0.8705128205128204,47.0,48.0,44.0,46.0,41.0,47.0,43.0,40.0,7.9096,0,7.5472,0,0,0,0,0,0,8.3584,0,7.4688
1773868971.8902464,0.28205128205128205,7,0.0,0.15845128205128212,0.8705128205128204,-0.7809743589743589,-0.8705128205128204,-0.7809743589743589,-0.8705128205128204,47.0,48.0,44.0,46.0,41.0,47.0,43.0,41.0,7.492,0,7.6816,0,0,0,0,0,0,7.4664,0,7.48
1773868971.8905618,0.28205128205128205,8,0.0,0.15845128205128212,0.8705128205128204,-0.7809743589743589,-0.8705128205128204,-0.7809743589743589,-0.8705128205128204,47.0,48.0,44.0,46.0,41.0,47.0,43.0,41.0,7.4696,0,7.4832,0,0,0,0,0,0,7.4816,0,7.6928
1773868972.092229,0.2564102564102564,0,0.0,0.12661025641025636,0.839102564102564,-0.7527948717948717,-0.839102564102564,-0.7527948717948717,-0.839102564102564,47.0,48.0,44.0,46.0,41.0,47.0,43.0,40.0,7.608,0,8.0192,0,0,0,0,0,0,7.9552,0,7.8712
1773868972.094493,0.2564102564102564,1,0.0,0.12661025641025636,0.839102564102564,-0.7527948717948717,-0.839102564102564,-0.7527948717948717,-0.839102564102564,47.0,48.0,44.0,46.0,41.0,47.0,43.0,0.0,0,0,0,7.7352,0,0,7.56,0,7.72,0,0,0
1773868972.0963326,0.2564102564102564,2,0.0,0.12661025641025636,0.839102564102564,-0.7527948717948717,-0.839102564102564,-0.7527948717948717,-0.839102564102564,47.0,48.0,44.0,46.0,41.0,47.0,43.0,37.0,7.6704,0,7.0288,0,0,0,0,0,0,7.6392,0,7.4992
1773868972.0977466,0.2564102564102564,3,0.0,0.12661025641025636,0.839102564102564,-0.7527948717948717,-0.839102564102564,-0.7527948717948717,-0.839102564102564,47.0,48.0,44.0,46.0,41.0,47.0,43.0,0.0,0,0,0,7.4576,0,0,7.264,0,7.7432,0,0,0
1773868972.0997016,0.2564102564102564,4,0.0,0.12661025641025636,0.839102564102564,-0.7527948717948717,-0.839102564102564,-0.7527948717948717,-0.839102564102564,47.0,48.0,44.0,46.0,41.0,47.0,43.0,38.0,8.476,0,7.3672,0,0,0,0,0,0,7.48,0,7.468
1773868972.1024296,0.2564102564102564,5,0.0,0.12661025641025636,0.839102564102564,-0.7527948717948717,-0.839102564102564,-0.7527948717948717,-0.839102564102564,47.0,48.0,44.0,46.0,41.0,47.0,43.0,0.0,0,0,0,7.4632,0,0,7.3488,0,7.732,0,0,0
1773868972.1046128,0.2564102564102564,6,0.0,0.12661025641025636,0.839102564102564,-0.7527948717948717,-0.839102564102564,-0.7527948717948717,-0.839102564102564,47.0,48.0,44.0,46.0,41.0,47.0,43.0,40.0,7.9096,0,7.5472,0,0,0,0,0,0,8.3592,0,7.4688
1773868972.1072478,0.2564102564102564,7,0.0,0.12661025641025636,0.839102564102564,-0.7527948717948717,-0.839102564102564,-0.7527948717948717,-0.839102564102564,47.0,48.0,44.0,46.0,41.0,47.0,43.0,41.0,7.492,0,7.6808,0,0,0,0,0,0,7.4664,0,7.48
1773868972.1102183,0.2564102564102564,8,0.0,0.12661025641025636,0.839102564102564,-0.7527948717948717,-0.839102564102564,-0.7527948717948717,-0.839102564102564,47.0,48.0,44.0,46.0,41.0,47.0,43.0,41.0,7.4696,0,7.4832,0,0,0,0,0,0,7.4816,0,7.6944
1773868972.3143754,0.23076923076923084,0,0.0,0.09476923076923094,0.8076923076923077,-0.7246153846153846,-0.8076923076923077,-0.7246153846153846,-0.8076923076923077,47.0,48.0,44.0,46.0,41.0,47.0,43.0,40.0,7.6096,0,8.0192,0,0,0,0,0,0,7.9568,0,7.8704
1773868972.3160033,0.23076923076923084,1,0.0,0.09476923076923094,0.8076923076923077,-0.7246153846153846,-0.8076923076923077,-0.7246153846153846,-0.8076923076923077,47.0,48.0,44.0,46.0,41.0,47.0,43.0,0.0,0,0,0,7.736,0,0,7.5608,0,7.7208,0,0,0
1773868972.3174522,0.23076923076923084,2,0.0,0.09476923076923094,0.8076923076923077,-0.7246153846153846,-0.8076923076923077,-0.7246153846153846,-0.8076923076923077,47.0,48.0,44.0,46.0,41.0,47.0,43.0,37.0,7.6704,0,7.0304,0,0,0,0,0,0,7.6392,0,7.5
1773868972.318867,0.23076923076923084,3,0.0,0.09476923076923094,0.8076923076923077,-0.7246153846153846,-0.8076923076923077,-0.7246153846153846,-0.8076923076923077,47.0,48.0,44.0,46.0,41.0,47.0,43.0,0.0,0,0,0,7.4584,0,0,7.2648,0,7.7472,0,0,0
1773868972.3201683,0.23076923076923084,4,0.0,0.09476923076923094,0.8076923076923077,-0.7246153846153846,-0.8076923076923077,-0.7246153846153846,-0.8076923076923077,47.0,48.0,44.0,46.0,41.0,47.0,43.0,38.0,8.4752,0,7.3664,0,0,0,0,0,0,7.48,0,7.468
1773868972.3223147,0.23076923076923084,5,0.0,0.09476923076923094,0.8076923076923077,-0.7246153846153846,-0.8076923076923077,-0.7246153846153846,-0.8076923076923077,47.0,48.0,44.0,46.0,41.0,47.0,43.0,0.0,0,0,0,7.4624,0,0,7.3504,0,7.732,0,0,0
1773868972.3246508,0.23076923076923084,6,0.0,0.09476923076923094,0.8076923076923077,-0.7246153846153846,-0.8076923076923077,-0.7246153846153846,-0.8076923076923077,47.0,48.0,44.0,46.0,41.0,47.0,43.0,40.0,7.9096,0,7.548,0,0,0,0,0,0,8.3584,0,7.4688
1773868972.3266544,0.23076923076923084,7,0.0,0.09476923076923094,0.8076923076923077,-0.7246153846153846,-0.8076923076923077,-0.7246153846153846,-0.8076923076923077,47.0,48.0,44.0,46.0,41.0,47.0,43.0,41.0,7.492,0,7.6824,0,0,0,0,0,0,7.4664,0,7.4784
1773868972.328918,0.23076923076923084,8,0.0,0.09476923076923094,0.8076923076923077,-0.7246153846153846,-0.8076923076923077,-0.7246153846153846,-0.8076923076923077,47.0,48.0,44.0,46.0,41.0,47.0,43.0,41.0,7.4696,0,7.4832,0,0,0,0,0,0,7.4816,0,7.6928
1773868972.5328927,0.20512820512820518,0,0.0,0.06292820512820518,0.7762820512820513,-0.6964358974358974,-0.7762820512820513,-0.6964358974358974,-0.7762820512820513,47.0,48.0,44.0,46.0,41.0,47.0,43.0,40.0,7.6088,0,8.0192,0,0,0,0,0,0,7.956,0,7.8712
1773868972.5347743,0.20512820512820518,1,0.0,0.06292820512820518,0.7762820512820513,-0.6964358974358974,-0.7762820512820513,-0.6964358974358974,-0.7762820512820513,47.0,48.0,44.0,46.0,41.0,47.0,43.0,0.0,0,0,0,7.7368,0,0,7.56,0,7.7208,0,0,0
1773868972.5362806,0.20512820512820518,2,0.0,0.06292820512820518,0.7762820512820513,-0.6964358974358974,-0.7762820512820513,-0.6964358974358974,-0.7762820512820513,47.0,48.0,44.0,46.0,41.0,47.0,43.0,37.0,7.6712,0,7.0312,0,0,0,0,0,0,7.64,0,7.5
1773868972.537664,0.20512820512820518,3,0.0,0.06292820512820518,0.7762820512820513,-0.6964358974358974,-0.7762820512820513,-0.6964358974358974,-0.7762820512820513,47.0,48.0,44.0,46.0,41.0,47.0,43.0,0.0,0,0,0,7.4584,0,0,7.2664,0,7.7488,0,0,0
1773868972.5394025,0.20512820512820518,4,0.0,0.06292820512820518,0.7762820512820513,-0.6964358974358974,-0.7762820512820513,-0.6964358974358974,-0.7762820512820513,47.0,48.0,44.0,46.0,41.0,47.0,43.0,38.0,8.476,0,7.3672,0,0,0,0,0,0,7.48,0,7.4672
1773868972.541996,0.20512820512820518,5,0.0,0.06292820512820518,0.7762820512820513,-0.6964358974358974,-0.7762820512820513,-0.6964358974358974,-0.7762820512820513,47.0,48.0,44.0,46.0,41.0,47.0,43.0,0.0,0,0,0,7.4632,0,0,7.3504,0,7.732,0,0,0
1773868972.5443897,0.20512820512820518,6,0.0,0.06292820512820518,0.7762820512820513,-0.6964358974358974,-0.7762820512820513,-0.6964358974358974,-0.7762820512820513,47.0,48.0,44.0,46.0,41.0,47.0,43.0,40.0,7.9096,0,7.548,0,0,0,0,0,0,8.3592,0,7.4688
1773868972.5470843,0.20512820512820518,7,0.0,0.06292820512820518,0.7762820512820513,-0.6964358974358974,-0.7762820512820513,-0.6964358974358974,-0.7762820512820513,47.0,48.0,44.0,46.0,41.0,47.0,43.0,41.0,7.4928,0,7.6816,0,0,0,0,0,0,7.4664,0,7.4784
1773868972.5496814,0.20512820512820518,8,0.0,0.06292820512820518,0.7762820512820513,-0.6964358974358974,-0.7762820512820513,-0.6964358974358974,-0.7762820512820513,47.0,48.0,44.0,46.0,41.0,47.0,43.0,41.0,7.4696,0,7.4832,0,0,0,0,0,0,7.4816,0,7.6928
1773868972.7536705,0.17948717948717952,0,0.0,0.03108717948717965,0.7448717948717949,-0.6682564102564101,-0.7448717948717949,-0.6682564102564101,-0.7448717948717949,47.0,48.0,44.0,46.0,41.0,47.0,43.0,40.0,7.6096,0,8.0184,0,0,0,0,0,0,7.9568,0,7.8712
1773868972.7557123,0.17948717948717952,1,0.0,0.03108717948717965,0.7448717948717949,-0.6682564102564101,-0.7448717948717949,-0.6682564102564101,-0.7448717948717949,47.0,48.0,44.0,46.0,41.0,47.0,43.0,0.0,0,0,0,7.7368,0,0,7.5608,0,7.7216,0,0,0
1773868972.7571523,0.17948717948717952,2,0.0,0.03108717948717965,0.7448717948717949,-0.6682564102564101,-0.7448717948717949,-0.6682564102564101,-0.7448717948717949,47.0,48.0,44.0,46.0,41.0,47.0,43.0,37.0,7.672,0,7.0304,0,0,0,0,0,0,7.6392,0,7.4992
1773868972.7586799,0.17948717948717952,3,0.0,0.03108717948717965,0.7448717948717949,-0.6682564102564101,-0.7448717948717949,-0.6682564102564101,-0.7448717948717949,47.0,48.0,44.0,46.0,41.0,47.0,43.0,0.0,0,0,0,7.4584,0,0,7.2664,0,7.7464,0,0,0
1773868972.7604651,0.17948717948717952,4,0.0,0.03108717948717965,0.7448717948717949,-0.6682564102564101,-0.7448717948717949,-0.6682564102564101,-0.7448717948717949,47.0,48.0,44.0,46.0,41.0,47.0,43.0,38.0,8.476,0,7.3672,0,0,0,0,0,0,7.4808,0,7.468
1773868972.7629874,0.17948717948717952,5,0.0,0.03108717948717965,0.7448717948717949,-0.6682564102564101,-0.7448717948717949,-0.6682564102564101,-0.7448717948717949,47.0,48.0,44.0,46.0,41.0,47.0,43.0,0.0,0,0,0,7.4632,0,0,7.352,0,7.7328,0,0,0
1773868972.765353,0.17948717948717952,6,0.0,0.03108717948717965,0.7448717948717949,-0.6682564102564101,-0.7448717948717949,-0.6682564102564101,-0.7448717948717949,47.0,48.0,44.0,46.0,41.0,47.0,43.0,40.0,7.9096,0,7.5472,0,0,0,0,0,0,8.3592,0,7.4696
1773868972.7731407,0.17948717948717952,7,0.0,0.03108717948717965,0.7448717948717949,-0.6682564102564101,-0.7448717948717949,-0.6682564102564101,-0.7448717948717949,47.0,48.0,44.0,46.0,41.0,47.0,43.0,41.0,7.492,0,7.6808,0,0,0,0,0,0,7.4656,0,7.4784
1773868972.7760131,0.17948717948717952,8,0.0,0.03108717948717965,0.7448717948717949,-0.6682564102564101,-0.7448717948717949,-0.6682564102564101,-0.7448717948717949,47.0,48.0,44.0,46.0,41.0,47.0,43.0,41.0,7.4696,0,7.484,0,0,0,0,0,0,7.4816,0,7.6928
1773868972.980274,0.15384615384615385,0,0.0,-0.000753846153846105,0.7134615384615384,-0.640076923076923,-0.7134615384615384,-0.640076923076923,-0.7134615384615384,47.0,48.0,44.0,46.0,41.0,47.0,43.0,40.0,7.6088,0,8.02,0,0,0,0,0,0,7.9568,0,7.872
1773868972.9822876,0.15384615384615385,1,0.0,-0.000753846153846105,0.7134615384615384,-0.640076923076923,-0.7134615384615384,-0.640076923076923,-0.7134615384615384,47.0,48.0,44.0,46.0,41.0,47.0,43.0,0.0,0,0,0,7.7368,0,0,7.56,0,7.72,0,0,0
1773868972.9837432,0.15384615384615385,2,0.0,-0.000753846153846105,0.7134615384615384,-0.640076923076923,-0.7134615384615384,-0.640076923076923,-0.7134615384615384,47.0,48.0,44.0,46.0,41.0,47.0,43.0,37.0,7.672,0,7.032,0,0,0,0,0,0,7.64,0,7.4992
1773868972.9850795,0.15384615384615385,3,0.0,-0.000753846153846105,0.7134615384615384,-0.640076923076923,-0.7134615384615384,-0.640076923076923,-0.7134615384615384,47.0,48.0,44.0,46.0,41.0,47.0,43.0,0.0,0,0,0,7.4592,0,0,7.2664,0,7.748,0,0,0
1773868972.9864976,0.15384615384615385,4,0.0,-0.000753846153846105,0.7134615384615384,-0.640076923076923,-0.7134615384615384,-0.640076923076923,-0.7134615384615384,47.0,48.0,44.0,46.0,41.0,47.0,43.0,38.0,8.4776,0,7.3672,0,0,0,0,0,0,7.4816,0,7.468
1773868972.9883327,0.15384615384615385,5,0.0,-0.000753846153846105,0.7134615384615384,-0.640076923076923,-0.7134615384615384,-0.640076923076923,-0.7134615384615384,47.0,48.0,44.0,46.0,41.0,47.0,43.0,0.0,0,0,0,7.464,0,0,7.3528,0,7.7336,0,0,0
1773868972.9906073,0.15384615384615385,6,0.0,-0.000753846153846105,0.7134615384615384,-0.640076923076923,-0.7134615384615384,-0.640076923076923,-0.7134615384615384,47.0,48.0,44.0,46.0,41.0,47.0,43.0,40.0,7.9112,0,7.5472,0,0,0,0,0,0,8.36,0,7.4688
1773868972.9929287,0.15384615384615385,7,0.0,-0.000753846153846105,0.7134615384615384,-0.640076923076923,-0.7134615384615384,-0.640076923076923,-0.7134615384615384,47.0,48.0,44.0,46.0,41.0,47.0,43.0,41.0,7.4928,0,7.6808,0,0,0,0,0,0,7.4656,0,7.48
1773868972.9953368,0.15384615384615385,8,0.0,-0.000753846153846105,0.7134615384615384,-0.640076923076923,-0.7134615384615384,-0.640076923076923,-0.7134615384615384,47.0,48.0,44.0,46.0,41.0,47.0,43.0,41.0,7.4704,0,7.484,0,0,0,0,0,0,7.4816,0,7.6928
1773868973.1996531,0.1282051282051282,0,0.0,-0.03259487179487186,0.6820512820512821,-0.6118974358974357,-0.6820512820512821,-0.6118974358974357,-0.6820512820512821,47.0,48.0,44.0,46.0,41.0,47.0,43.0,40.0,7.6088,0,8.02,0,0,0,0,0,0,7.9568,0,7.8712
1773868973.2015688,0.1282051282051282,1,0.0,-0.03259487179487186,0.6820512820512821,-0.6118974358974357,-0.6820512820512821,-0.6118974358974357,-0.6820512820512821,47.0,48.0,44.0,46.0,41.0,47.0,43.0,0.0,0,0,0,7.7376,0,0,7.5608,0,7.7216,0,0,0
1773868973.2031467,0.1282051282051282,2,0.0,-0.03259487179487186,0.6820512820512821,-0.6118974358974357,-0.6820512820512821,-0.6118974358974357,-0.6820512820512821,47.0,48.0,44.0,46.0,41.0,47.0,43.0,37.0,7.6712,0,7.032,0,0,0,0,0,0,7.6416,0,7.5
1773868973.205458,0.1282051282051282,3,0.0,-0.03259487179487186,0.6820512820512821,-0.6118974358974357,-0.6820512820512821,-0.6118974358974357,-0.6820512820512821,47.0,48.0,44.0,46.0,41.0,47.0,43.0,0.0,0,0,0,7.4584,0,0,7.2672,0,7.7488,0,0,0
1773868973.2080085,0.1282051282051282,4,0.0,-0.03259487179487186,0.6820512820512821,-0.6118974358974357,-0.6820512820512821,-0.6118974358974357,-0.6820512820512821,47.0,48.0,44.0,46.0,41.0,47.0,43.0,38.0,8.4768,0,7.3664,0,0,0,0,0,0,7.48,0,7.4672
1773868973.2098732,0.1282051282051282,5,0.0,-0.03259487179487186,0.6820512820512821,-0.6118974358974357,-0.6820512820512821,-0.6118974358974357,-0.6820512820512821,47.0,48.0,44.0,46.0,41.0,47.0,43.0,0.0,0,0,0,7.464,0,0,7.3536,0,7.7344,0,0,0
1773868973.2119768,0.1282051282051282,6,0.0,-0.03259487179487186,0.6820512820512821,-0.6118974358974357,-0.6820512820512821,-0.6118974358974357,-0.6820512820512821,47.0,48.0,44.0,46.0,41.0,47.0,43.0,40.0,7.9112,0,7.5472,0,0,0,0,0,0,8.36,0,7.4688
1773868973.2146206,0.1282051282051282,7,0.0,-0.03259487179487186,0.6820512820512821,-0.6118974358974357,-0.6820512820512821,-0.6118974358974357,-0.6820512820512821,47.0,48.0,44.0,46.0,41.0,47.0,43.0,41.0,7.4936,0,7.6808,0,0,0,0,0,0,7.4664,0,7.48
1773868973.2174582,0.1282051282051282,8,0.0,-0.03259487179487186,0.6820512820512821,-0.6118974358974357,-0.6820512820512821,-0.6118974358974357,-0.6820512820512821,47.0,48.0,44.0,46.0,41.0,47.0,43.0,41.0,7.4696,0,7.4832,0,0,0,0,0,0,7.4816,0,7.6936
1773868973.421688,0.10256410256410264,0,0.0,-0.0644358974358974,0.6506410256410255,-0.5837179487179487,-0.6506410256410255,-0.5837179487179487,-0.6506410256410255,47.0,48.0,44.0,46.0,41.0,47.0,43.0,40.0,7.6096,0,8.0216,0,0,0,0,0,0,7.9568,0,7.872
1773868973.4237916,0.10256410256410264,1,0.0,-0.0644358974358974,0.6506410256410255,-0.5837179487179487,-0.6506410256410255,-0.5837179487179487,-0.6506410256410255,47.0,48.0,44.0,46.0,41.0,47.0,43.0,0.0,0,0,0,7.7376,0,0,7.5616,0,7.7232,0,0,0
1773868973.4258533,0.10256410256410264,2,0.0,-0.0644358974358974,0.6506410256410255,-0.5837179487179487,-0.6506410256410255,-0.5837179487179487,-0.6506410256410255,47.0,48.0,44.0,46.0,41.0,47.0,43.0,37.0,7.6712,0,7.032,0,0,0,0,0,0,7.64,0,7.5
1773868973.427455,0.10256410256410264,3,0.0,-0.0644358974358974,0.6506410256410255,-0.5837179487179487,-0.6506410256410255,-0.5837179487179487,-0.6506410256410255,47.0,48.0,44.0,46.0,41.0,47.0,43.0,0.0,0,0,0,7.4592,0,0,7.2664,0,7.748,0,0,0
1773868973.4301293,0.10256410256410264,4,0.0,-0.0644358974358974,0.6506410256410255,-0.5837179487179487,-0.6506410256410255,-0.5837179487179487,-0.6506410256410255,47.0,48.0,44.0,46.0,41.0,47.0,43.0,38.0,8.4768,0,7.3672,0,0,0,0,0,0,7.48,0,7.468
1773868973.4325688,0.10256410256410264,5,0.0,-0.0644358974358974,0.6506410256410255,-0.5837179487179487,-0.6506410256410255,-0.5837179487179487,-0.6506410256410255,47.0,48.0,44.0,46.0,41.0,47.0,43.0,0.0,0,0,0,7.464,0,0,7.3528,0,7.7328,0,0,0
1773868973.434924,0.10256410256410264,6,0.0,-0.0644358974358974,0.6506410256410255,-0.5837179487179487,-0.6506410256410255,-0.5837179487179487,-0.6506410256410255,47.0,48.0,44.0,46.0,41.0,47.0,43.0,40.0,7.9112,0,7.5464,0,0,0,0,0,0,8.3608,0,7.4696
1773868973.4374642,0.10256410256410264,7,0.0,-0.0644358974358974,0.6506410256410255,-0.5837179487179487,-0.6506410256410255,-0.5837179487179487,-0.6506410256410255,47.0,48.0,44.0,46.0,41.0,47.0,43.0,41.0,7.4928,0,7.6824,0,0,0,0,0,0,7.4664,0,7.4792
1773868973.4402113,0.10256410256410264,8,0.0,-0.0644358974358974,0.6506410256410255,-0.5837179487179487,-0.6506410256410255,-0.5837179487179487,-0.6506410256410255,47.0,48.0,44.0,46.0,41.0,47.0,43.0,41.0,7.4688,0,7.4832,0,0,0,0,0,0,7.4832,0,7.6928
1773868973.6442692,0.07692307692307698,0,0.0,-0.09627692307692293,0.6192307692307693,-0.5555384615384615,-0.6192307692307693,-0.5555384615384615,-0.6192307692307693,47.0,48.0,44.0,46.0,41.0,47.0,43.0,40.0,7.6096,0,8.02,0,0,0,0,0,0,7.956,0,7.872
1773868973.646216,0.07692307692307698,1,0.0,-0.09627692307692293,0.6192307692307693,-0.5555384615384615,-0.6192307692307693,-0.5555384615384615,-0.6192307692307693,47.0,48.0,44.0,46.0,41.0,47.0,43.0,0.0,0,0,0,7.7384,0,0,7.56,0,7.7216,0,0,0
1773868973.6478457,0.07692307692307698,2,0.0,-0.09627692307692293,0.6192307692307693,-0.5555384615384615,-0.6192307692307693,-0.5555384615384615,-0.6192307692307693,47.0,48.0,44.0,46.0,41.0,47.0,43.0,37.0,7.6712,0,7.032,0,0,0,0,0,0,7.64,0,7.5008
1773868973.6494262,0.07692307692307698,3,0.0,-0.09627692307692293,0.6192307692307693,-0.5555384615384615,-0.6192307692307693,-0.5555384615384615,-0.6192307692307693,47.0,48.0,44.0,46.0,41.0,47.0,43.0,0.0,0,0,0,7.4592,0,0,7.2688,0,7.7504,0,0,0
1773868973.6519008,0.07692307692307698,4,0.0,-0.09627692307692293,0.6192307692307693,-0.5555384615384615,-0.6192307692307693,-0.5555384615384615,-0.6192307692307693,47.0,48.0,44.0,46.0,41.0,47.0,43.0,38.0,8.4776,0,7.3672,0,0,0,0,0,0,7.48,0,7.4672
1773868973.6545112,0.07692307692307698,5,0.0,-0.09627692307692293,0.6192307692307693,-0.5555384615384615,-0.6192307692307693,-0.5555384615384615,-0.6192307692307693,47.0,48.0,44.0,46.0,41.0,47.0,43.0,0.0,0,0,0,7.4632,0,0,7.3544,0,7.7352,0,0,0
1773868973.6566997,0.07692307692307698,6,0.0,-0.09627692307692293,0.6192307692307693,-0.5555384615384615,-0.6192307692307693,-0.5555384615384615,-0.6192307692307693,47.0,48.0,44.0,46.0,41.0,47.0,43.0,40.0,7.9128,0,7.5488,0,0,0,0,0,0,8.3608,0,7.4704
1773868973.659391,0.07692307692307698,7,0.0,-0.09627692307692293,0.6192307692307693,-0.5555384615384615,-0.6192307692307693,-0.5555384615384615,-0.6192307692307693,47.0,48.0,44.0,46.0,41.0,47.0,43.0,41.0,7.4928,0,7.68,0,0,0,0,0,0,7.4664,0,7.48
1773868973.6623006,0.07692307692307698,8,0.0,-0.09627692307692293,0.6192307692307693,-0.5555384615384615,-0.6192307692307693,-0.5555384615384615,-0.6192307692307693,47.0,48.0,44.0,46.0,41.0,47.0,43.0,41.0,7.4696,0,7.484,0,0,0,0,0,0,7.4824,0,7.6936
1773868973.8665488,0.05128205128205132,0,0.0,-0.12811794871794868,0.5878205128205127,-0.5273589743589744,-0.5878205128205127,-0.5273589743589744,-0.5878205128205127,47.0,48.0,44.0,46.0,41.0,47.0,43.0,40.0,7.6104,0,8.0216,0,0,0,0,0,0,7.9568,0,7.8728
1773868973.8684204,0.05128205128205132,1,0.0,-0.12811794871794868,0.5878205128205127,-0.5273589743589744,-0.5878205128205127,-0.5273589743589744,-0.5878205128205127,47.0,48.0,44.0,46.0,41.0,47.0,43.0,0.0,0,0,0,7.7392,0,0,7.5616,0,7.7232,0,0,0
1773868973.8700461,0.05128205128205132,2,0.0,-0.12811794871794868,0.5878205128205127,-0.5273589743589744,-0.5878205128205127,-0.5273589743589744,-0.5878205128205127,47.0,48.0,44.0,46.0,41.0,47.0,43.0,37.0,7.6712,0,7.0328,0,0,0,0,0,0,7.6392,0,7.5008
1773868973.8714955,0.05128205128205132,3,0.0,-0.12811794871794868,0.5878205128205127,-0.5273589743589744,-0.5878205128205127,-0.5273589743589744,-0.5878205128205127,47.0,48.0,44.0,46.0,41.0,47.0,43.0,0.0,0,0,0,7.4584,0,0,7.268,0,7.7504,0,0,0
1773868973.872925,0.05128205128205132,4,0.0,-0.12811794871794868,0.5878205128205127,-0.5273589743589744,-0.5878205128205127,-0.5273589743589744,-0.5878205128205127,47.0,48.0,44.0,46.0,41.0,47.0,43.0,38.0,8.4776,0,7.3672,0,0,0,0,0,0,7.4792,0,7.468
1773868973.874801,0.05128205128205132,5,0.0,-0.12811794871794868,0.5878205128205127,-0.5273589743589744,-0.5878205128205127,-0.5273589743589744,-0.5878205128205127,47.0,48.0,44.0,46.0,41.0,47.0,43.0,0.0,0,0,0,7.464,0,0,7.356,0,7.736,0,0,0
1773868973.8764992,0.05128205128205132,6,0.0,-0.12811794871794868,0.5878205128205127,-0.5273589743589744,-0.5878205128205127,-0.5273589743589744,-0.5878205128205127,47.0,48.0,44.0,46.0,41.0,47.0,43.0,40.0,7.912,0,7.5472,0,0,0,0,0,0,8.36,0,7.4696
1773868973.8788397,0.05128205128205132,7,0.0,-0.12811794871794868,0.5878205128205127,-0.5273589743589744,-0.5878205128205127,-0.5273589743589744,-0.5878205128205127,47.0,48.0,44.0,46.0,41.0,47.0,43.0,41.0,7.4928,0,7.6808,0,0,0,0,0,0,7.4664,0,7.4784
1773868973.8814008,0.05128205128205132,8,0.0,-0.12811794871794868,0.5878205128205127,-0.5273589743589744,-0.5878205128205127,-0.5273589743589744,-0.5878205128205127,47.0,48.0,44.0,46.0,41.0,47.0,43.0,41.0,7.4688,0,7.4832,0,0,0,0,0,0,7.4816,0,7.6936
1773868974.08629,0.02564102564102566,0,0.0,-0.15995897435897422,0.5564102564102564,-0.499179487179487,-0.5564102564102564,-0.499179487179487,-0.5564102564102564,47.0,48.0,44.0,46.0,41.0,47.0,43.0,40.0,7.6104,0,8.0216,0,0,0,0,0,0,7.9568,0,7.8728
1773868974.0883389,0.02564102564102566,1,0.0,-0.15995897435897422,0.5564102564102564,-0.499179487179487,-0.5564102564102564,-0.499179487179487,-0.5564102564102564,47.0,48.0,44.0,46.0,41.0,47.0,43.0,0.0,0,0,0,7.7392,0,0,7.5616,0,7.7232,0,0,0
1773868974.089996,0.02564102564102566,2,0.0,-0.15995897435897422,0.5564102564102564,-0.499179487179487,-0.5564102564102564,-0.499179487179487,-0.5564102564102564,47.0,48.0,44.0,46.0,41.0,47.0,43.0,37.0,7.6712,0,7.0328,0,0,0,0,0,0,7.6392,0,7.5008
1773868974.091595,0.02564102564102566,3,0.0,-0.15995897435897422,0.5564102564102564,-0.499179487179487,-0.5564102564102564,-0.499179487179487,-0.5564102564102564,47.0,48.0,44.0,46.0,41.0,47.0,43.0,0.0,0,0,0,7.4584,0,0,7.268,0,7.7504,0,0,0
1773868974.093839,0.02564102564102566,4,0.0,-0.15995897435897422,0.5564102564102564,-0.499179487179487,-0.5564102564102564,-0.499179487179487,-0.5564102564102564,47.0,48.0,44.0,46.0,41.0,47.0,43.0,38.0,8.4776,0,7.3672,0,0,0,0,0,0,7.4792,0,7.468
1773868974.096411,0.02564102564102566,5,0.0,-0.15995897435897422,0.5564102564102564,-0.499179487179487,-0.5564102564102564,-0.499179487179487,-0.5564102564102564,47.0,48.0,44.0,46.0,41.0,47.0,43.0,0.0,0,0,0,7.464,0,0,7.356,0,7.736,0,0,0
1773868974.0980775,0.02564102564102566,6,0.0,-0.15995897435897422,0.5564102564102564,-0.499179487179487,-0.5564102564102564,-0.499179487179487,-0.5564102564102564,47.0,48.0,44.0,46.0,41.0,47.0,43.0,40.0,7.912,0,7.5472,0,0,0,0,0,0,8.36,0,7.4696
1773868974.1004558,0.02564102564102566,7,0.0,-0.15995897435897422,0.5564102564102564,-0.499179487179487,-0.5564102564102564,-0.499179487179487,-0.5564102564102564,47.0,48.0,44.0,46.0,41.0,47.0,43.0,41.0,7.4928,0,7.6808,0,0,0,0,0,0,7.4664,0,7.4784
1773868974.1030524,0.02564102564102566,8,0.0,-0.15995897435897422,0.5564102564102564,-0.499179487179487,-0.5564102564102564,-0.499179487179487,-0.5564102564102564,47.0,48.0,44.0,46.0,41.0,47.0,43.0,41.0,7.4688,0,7.4832,0,0,0,0,0,0,7.4816,0,7.6936
1773868974.307068,0.0,0,0.0,-0.19179999999999997,0.5249999999999999,-0.47099999999999986,-0.5249999999999999,-0.47099999999999986,-0.5249999999999999,47.0,48.0,44.0,46.0,41.0,47.0,43.0,40.0,7.6096,0,8.02,0,0,0,0,0,0,7.9568,0,7.872
1773868974.3088527,0.0,1,0.0,-0.19179999999999997,0.5249999999999999,-0.47099999999999986,-0.5249999999999999,-0.47099999999999986,-0.5249999999999999,47.0,48.0,44.0,46.0,41.0,47.0,43.0,0.0,0,0,0,7.7408,0,0,7.5624,0,7.724,0,0,0
1773868974.3105354,0.0,2,0.0,-0.19179999999999997,0.5249999999999999,-0.47099999999999986,-0.5249999999999999,-0.47099999999999986,-0.5249999999999999,47.0,48.0,44.0,46.0,41.0,47.0,43.0,37.0,7.672,0,7.032,0,0,0,0,0,0,7.6416,0,7.5008
1773868974.3121104,0.0,3,0.0,-0.19179999999999997,0.5249999999999999,-0.47099999999999986,-0.5249999999999999,-0.47099999999999986,-0.5249999999999999,47.0,48.0,44.0,46.0,41.0,47.0,43.0,0.0,0,0,0,7.46,0,0,7.2696,0,7.7528,0,0,0
1773868974.3146982,0.0,4,0.0,-0.19179999999999997,0.5249999999999999,-0.47099999999999986,-0.5249999999999999,-0.47099999999999986,-0.5249999999999999,47.0,48.0,44.0,46.0,41.0,47.0,43.0,38.0,8.4768,0,7.368,0,0,0,0,0,0,7.48,0,7.468
1773868974.3171597,0.0,5,0.0,-0.19179999999999997,0.5249999999999999,-0.47099999999999986,-0.5249999999999999,-0.47099999999999986,-0.5249999999999999,47.0,48.0,44.0,46.0,41.0,47.0,43.0,0.0,0,0,0,7.4632,0,0,7.3568,0,7.7352,0,0,0
1773868974.31988,0.0,6,0.0,-0.19179999999999997,0.5249999999999999,-0.47099999999999986,-0.5249999999999999,-0.47099999999999986,-0.5249999999999999,47.0,48.0,44.0,46.0,41.0,47.0,43.0,40.0,7.9112,0,7.5488,0,0,0,0,0,0,8.36,0,7.4704
1773868974.321995,0.0,7,0.0,-0.19179999999999997,0.5249999999999999,-0.47099999999999986,-0.5249999999999999,-0.47099999999999986,-0.5249999999999999,47.0,48.0,44.0,46.0,41.0,47.0,43.0,41.0,7.4928,0,7.6816,0,0,0,0,0,0,7.4664,0,7.48
1773868974.3246796,0.0,8,0.0,-0.19179999999999997,0.5249999999999999,-0.47099999999999986,-0.5249999999999999,-0.47099999999999986,-0.5249999999999999,47.0,48.0,44.0,46.0,41.0,47.0,43.0,41.0,7.4696,0,7.4832,0,0,0,0,0,0,7.4832,0,7.6928
